id_transacao,data,hora,tipo_sorvete,sabor,quantidade,valor_total,cidade,estado,canal_venda,promocao,id_cliente,data_venda,hora_parse,hora_venda,flag_sabor_nao_informado,flag_cidade_nao_informada,flag_data_invalida,flag_hora_invalida,flag_quantidade_invalida,flag_valor_total_nulo,flag_valor_total_invalido,flag_id_transacao_duplicado,flag_linha_duplicada,flag_tipo_sorvete_invalido,flag_sabor_invalido,flag_canal_venda_invalido,flag_estado_invalido,motivo_exclusao,registro_valido_powerbi,flag_outlier_valor_total,ano,mes,nome_mes,ano_mes,trimestre,dia_semana,dia_mes,faixa_horario,ticket_transacao,ticket_medio,valor_unitario_estimado,promocao_label,cliente_recorrente,qtd_transacoes_cliente
25,2025-06-08,16,Milkshake,Morango,0,0.0,Cunha De Freitas,BA,App,False,CLI8077,2025-06-08,1900-01-01 16:30:00,16:30,False,False,False,False,True,False,True,False,False,False,False,False,False,quantidade_nao_positiva_ou_nula;valor_total_nao_positivo,False,False,2025,6,Junho,2025-06,T2,Domingo,8,Tarde,0.0,,,Sem Promocao,True,8
26,2025-03-21,16,Casquinha,Açaí,0,0.0,Novais Das Pedras,RR,App,True,CLI4381,2025-03-21,1900-01-01 16:15:00,16:15,False,False,False,False,True,False,True,False,False,False,False,False,False,quantidade_nao_positiva_ou_nula;valor_total_nao_positivo,False,False,2025,3,Marco,2025-03,T1,Sexta,21,Tarde,0.0,,,Com Promocao,True,9
41,2025-06-28,12,Milkshake,Morango,-1,-9.78,Cirino Das Flores,RS,App,True,CLI8320,2025-06-28,1900-01-01 12:45:00,12:45,False,False,False,False,True,False,True,False,False,False,False,False,False,quantidade_nao_positiva_ou_nula;valor_total_nao_positivo,False,False,2025,6,Junho,2025-06,T2,Sabado,28,Tarde,-9.78,9.78,9.78,Com Promocao,True,4
113,2025-03-20,16,Picolé,Nao Informado,2,,Nao Informado,PB,Parceiro,True,CLI3557,2025-03-20,1900-01-01 16:30:00,16:30,True,True,False,False,False,True,True,False,False,False,False,False,False,valor_total_nulo,False,False,2025,3,Marco,2025-03,T1,Quinta,20,Tarde,,,,Com Promocao,True,7
145,2025-06-24,11,Casquinha,Nao Informado,2,,Nao Informado,MG,Loja Física,False,CLI3848,2025-06-24,1900-01-01 11:45:00,11:45,True,True,False,False,False,True,True,False,False,False,False,False,False,valor_total_nulo,False,False,2025,6,Junho,2025-06,T2,Terca,24,Manha,,,,Sem Promocao,True,6
162,2025-03-01,14,Casquinha,Baunilha,-1,-5.8,Da Costa,AL,App,False,CLI8117,2025-03-01,1900-01-01 14:45:00,14:45,False,False,False,False,True,False,True,False,False,False,False,False,False,quantidade_nao_positiva_ou_nula;valor_total_nao_positivo,False,False,2025,3,Marco,2025-03,T1,Sabado,1,Tarde,-5.8,5.8,5.8,Sem Promocao,True,5
197,2025-04-04,17,Sundae,Nao Informado,3,,Nao Informado,AM,Loja Física,True,CLI8675,2025-04-04,1900-01-01 17:15:00,17:15,True,True,False,False,False,True,True,False,False,False,False,False,False,valor_total_nulo,False,False,2025,4,Abril,2025-04,T2,Sexta,4,Tarde,,,,Com Promocao,True,7
222,2025-06-25,11,Pote,Morango,-2,-11.84,Cassiano,BA,Loja Física,False,CLI1951,2025-06-25,1900-01-01 11:30:00,11:30,False,False,False,False,True,False,True,False,False,False,False,False,False,quantidade_nao_positiva_ou_nula;valor_total_nao_positivo,False,False,2025,6,Junho,2025-06,T2,Quarta,25,Manha,-11.84,5.92,5.92,Sem Promocao,True,9
261,2025-05-27,13,Casquinha,Caramelo,-1,-11.1,Moura,DF,Parceiro,False,CLI9637,2025-05-27,1900-01-01 13:00:00,13:00,False,False,False,False,True,False,True,False,False,False,False,False,False,quantidade_nao_positiva_ou_nula;valor_total_nao_positivo,False,False,2025,5,Maio,2025-05,T2,Terca,27,Tarde,-11.1,11.1,11.1,Sem Promocao,True,5
290,2025-06-10,12,Casquinha,Nao Informado,3,,Nao Informado,CE,App,True,CLI8672,2025-06-10,1900-01-01 12:30:00,12:30,True,True,False,False,False,True,True,False,False,False,False,False,False,valor_total_nulo,False,False,2025,6,Junho,2025-06,T2,Terca,10,Tarde,,,,Com Promocao,True,9
304,2025-03-07,22,Milkshake,Chocolate,-1,-8.17,Nogueira De Minas,AM,Parceiro,False,CLI7558,2025-03-07,1900-01-01 22:00:00,22:00,False,False,False,False,True,False,True,False,False,False,False,False,False,quantidade_nao_positiva_ou_nula;valor_total_nao_positivo,False,False,2025,3,Marco,2025-03,T1,Sexta,7,Noite,-8.17,8.17,8.17,Sem Promocao,True,3
355,2025-05-18,13,Milkshake,Baunilha,-3,-44.01,Campinas,BA,App,False,CLI6680,2025-05-18,1900-01-01 13:30:00,13:30,False,False,False,False,True,False,True,False,False,False,False,False,False,quantidade_nao_positiva_ou_nula;valor_total_nao_positivo,False,True,2025,5,Maio,2025-05,T2,Domingo,18,Tarde,-44.01,14.67,14.67,Sem Promocao,True,5
363,2025-05-16,14,Pote,Chocolate,-2,-21.66,Martins Das Flores,RR,Parceiro,False,CLI7091,2025-05-16,1900-01-01 14:00:00,14:00,False,False,False,False,True,False,True,False,False,False,False,False,False,quantidade_nao_positiva_ou_nula;valor_total_nao_positivo,False,False,2025,5,Maio,2025-05,T2,Sexta,16,Tarde,-21.66,10.83,10.83,Sem Promocao,True,7
368,2025-02-23,19,Casquinha,Chocolate,0,0.0,Gonçalves De Goiás,SE,App,True,CLI5596,2025-02-23,1900-01-01 19:30:00,19:30,False,False,False,False,True,False,True,False,False,False,False,False,False,quantidade_nao_positiva_ou_nula;valor_total_nao_positivo,False,False,2025,2,Fevereiro,2025-02,T1,Domingo,23,Noite,0.0,,,Com Promocao,True,6
434,2025-07-26,17,Sundae,Cookies,-2,-14.08,Cassiano Das Flores,RS,App,True,CLI7013,2025-07-26,1900-01-01 17:45:00,17:45,False,False,False,False,True,False,True,False,False,False,False,False,False,quantidade_nao_positiva_ou_nula;valor_total_nao_positivo,False,False,2025,7,Julho,2025-07,T3,Sabado,26,Tarde,-14.08,7.04,7.04,Com Promocao,True,7
462,2025-04-19,15,Milkshake,Cookies,-6,-40.34,Campinas,SE,Loja Física,True,CLI8624,2025-04-19,1900-01-01 15:30:00,15:30,False,False,False,False,True,False,True,False,False,False,False,False,False,quantidade_nao_positiva_ou_nula;valor_total_nao_positivo,False,True,2025,4,Abril,2025-04,T2,Sabado,19,Tarde,-40.34,6.72,6.72,Com Promocao,True,10
488,2025-03-24,11,Picolé,Morango,0,0.0,Castro,PE,Parceiro,False,CLI7162,2025-03-24,1900-01-01 11:15:00,11:15,False,False,False,False,True,False,True,False,False,False,False,False,False,quantidade_nao_positiva_ou_nula;valor_total_nao_positivo,False,False,2025,3,Marco,2025-03,T1,Segunda,24,Manha,0.0,,,Sem Promocao,True,10
570,2025-06-22,17,Picolé,Limão,-1,-8.14,Aragão Paulista,ES,Loja Física,True,CLI7522,2025-06-22,1900-01-01 17:00:00,17:00,False,False,False,False,True,False,True,False,False,False,False,False,False,quantidade_nao_positiva_ou_nula;valor_total_nao_positivo,False,False,2025,6,Junho,2025-06,T2,Domingo,22,Tarde,-8.14,8.14,8.14,Com Promocao,True,3
592,2025-03-30,14,Picolé,Morango,0,0.0,Pinto,RS,Parceiro,False,CLI1605,2025-03-30,1900-01-01 14:15:00,14:15,False,False,False,False,True,False,True,False,False,False,False,False,False,quantidade_nao_positiva_ou_nula;valor_total_nao_positivo,False,False,2025,3,Marco,2025-03,T1,Domingo,30,Tarde,0.0,,,Sem Promocao,True,8
602,2025-03-27,12,Casquinha,Nao Informado,3,,Nao Informado,TO,App,True,CLI4239,2025-03-27,1900-01-01 12:00:00,12:00,True,True,False,False,False,True,True,False,False,False,False,False,False,valor_total_nulo,False,False,2025,3,Marco,2025-03,T1,Quinta,27,Tarde,,,,Com Promocao,True,7
673,2025-04-30,16,Milkshake,Baunilha,-5,-34.15,Pimenta Da Mata,RJ,Parceiro,False,CLI1287,2025-04-30,1900-01-01 16:30:00,16:30,False,False,False,False,True,False,True,False,False,False,False,False,False,quantidade_nao_positiva_ou_nula;valor_total_nao_positivo,False,True,2025,4,Abril,2025-04,T2,Quarta,30,Tarde,-34.15,6.83,6.83,Sem Promocao,True,3
708,2025-07-24,22,Casquinha,Nao Informado,1,,Nao Informado,PB,Parceiro,False,CLI8579,2025-07-24,1900-01-01 22:15:00,22:15,True,True,False,False,False,True,True,False,False,False,False,False,False,valor_total_nulo,False,False,2025,7,Julho,2025-07,T3,Quinta,24,Noite,,,,Sem Promocao,True,4
755,2025-06-15,12,Casquinha,Baunilha,-5,-32.33,Brito Da Praia,SE,App,True,CLI8248,2025-06-15,1900-01-01 12:00:00,12:00,False,False,False,False,True,False,True,False,False,False,False,False,False,quantidade_nao_positiva_ou_nula;valor_total_nao_positivo,False,True,2025,6,Junho,2025-06,T2,Domingo,15,Tarde,-32.33,6.47,6.47,Com Promocao,True,4
780,2025-08-01,19,Milkshake,Nao Informado,4,,Nao Informado,AM,Loja Física,True,CLI2929,2025-08-01,1900-01-01 19:15:00,19:15,True,True,False,False,False,True,True,False,False,False,False,False,False,valor_total_nulo,False,False,2025,8,Agosto,2025-08,T3,Sexta,1,Noite,,,,Com Promocao,True,7
814,2025-06-29,18,Casquinha,Menta,-3,-36.9,Borges,RN,App,False,CLI4176,2025-06-29,1900-01-01 18:45:00,18:45,False,False,False,False,True,False,True,False,False,False,False,False,False,quantidade_nao_positiva_ou_nula;valor_total_nao_positivo,False,True,2025,6,Junho,2025-06,T2,Domingo,29,Noite,-36.9,12.3,12.3,Sem Promocao,True,6
818,2025-02-20,12,Picolé,Nao Informado,4,,Nao Informado,SE,Loja Física,False,CLI2870,2025-02-20,1900-01-01 12:45:00,12:45,True,True,False,False,False,True,True,False,False,False,False,False,False,valor_total_nulo,False,False,2025,2,Fevereiro,2025-02,T1,Quinta,20,Tarde,,,,Sem Promocao,True,9
876,2025-06-27,15,Pote,Nao Informado,4,,Nao Informado,SC,App,True,CLI5315,2025-06-27,1900-01-01 15:45:00,15:45,True,True,False,False,False,True,True,False,False,False,False,False,False,valor_total_nulo,False,False,2025,6,Junho,2025-06,T2,Sexta,27,Tarde,,,,Com Promocao,True,4
923,2025-06-06,21,Picolé,Limão,-1,-6.8,Cunha Do Oeste,PE,Parceiro,False,CLI3613,2025-06-06,1900-01-01 21:00:00,21:00,False,False,False,False,True,False,True,False,False,False,False,False,False,quantidade_nao_positiva_ou_nula;valor_total_nao_positivo,False,False,2025,6,Junho,2025-06,T2,Sexta,6,Noite,-6.8,6.8,6.8,Sem Promocao,True,7
950,2025-05-04,15,Casquinha,Cookies,0,0.0,Andrade,SC,Parceiro,False,CLI5616,2025-05-04,1900-01-01 15:30:00,15:30,False,False,False,False,True,False,True,False,False,False,False,False,False,quantidade_nao_positiva_ou_nula;valor_total_nao_positivo,False,False,2025,5,Maio,2025-05,T2,Domingo,4,Tarde,0.0,,,Sem Promocao,True,12
998,2025-07-08,10,Pote,Nao Informado,1,,Nao Informado,MS,App,True,CLI3555,2025-07-08,1900-01-01 10:00:00,10:00,True,True,False,False,False,True,True,False,False,False,False,False,False,valor_total_nulo,False,False,2025,7,Julho,2025-07,T3,Terca,8,Manha,,,,Com Promocao,True,12
1042,2025-07-13,8,Picolé,Caramelo,-1,-8.91,Costela,RN,App,False,CLI9293,2025-07-13,1900-01-01 08:30:00,08:30,False,False,False,False,True,False,True,False,False,False,False,False,False,quantidade_nao_positiva_ou_nula;valor_total_nao_positivo,False,False,2025,7,Julho,2025-07,T3,Domingo,13,Manha,-8.91,8.91,8.91,Sem Promocao,True,4
1119,2025-05-19,11,Picolé,Limão,-1,-3.76,Nascimento Da Serra,AL,Parceiro,True,CLI4239,2025-05-19,1900-01-01 11:30:00,11:30,False,False,False,False,True,False,True,False,False,False,False,False,False,quantidade_nao_positiva_ou_nula;valor_total_nao_positivo,False,False,2025,5,Maio,2025-05,T2,Segunda,19,Manha,-3.76,3.76,3.76,Com Promocao,True,7
1132,2025-06-25,8,Picolé,Nao Informado,4,,Nao Informado,RN,Parceiro,False,CLI7238,2025-06-25,1900-01-01 08:00:00,08:00,True,True,False,False,False,True,True,False,False,False,False,False,False,valor_total_nulo,False,False,2025,6,Junho,2025-06,T2,Quarta,25,Manha,,,,Sem Promocao,True,6
1161,2025-03-07,19,Casquinha,Açaí,-5,-54.9,Barros Paulista,AL,App,False,CLI4500,2025-03-07,1900-01-01 19:30:00,19:30,False,False,False,False,True,False,True,False,False,False,False,False,False,quantidade_nao_positiva_ou_nula;valor_total_nao_positivo,False,True,2025,3,Marco,2025-03,T1,Sexta,7,Noite,-54.9,10.98,10.98,Sem Promocao,True,5
1193,2025-07-16,19,Milkshake,Nao Informado,6,,Nao Informado,RS,Loja Física,True,CLI3034,2025-07-16,1900-01-01 19:30:00,19:30,True,True,False,False,False,True,True,False,False,False,False,False,False,valor_total_nulo,False,False,2025,7,Julho,2025-07,T3,Quarta,16,Noite,,,,Com Promocao,True,10
1237,2025-06-09,22,Casquinha,Baunilha,-5,-40.65,Azevedo Do Norte,PE,Parceiro,False,CLI3155,2025-06-09,1900-01-01 22:15:00,22:15,False,False,False,False,True,False,True,False,False,False,False,False,False,quantidade_nao_positiva_ou_nula;valor_total_nao_positivo,False,True,2025,6,Junho,2025-06,T2,Segunda,9,Noite,-40.65,8.13,8.13,Sem Promocao,True,5
1249,2025-07-03,11,Picolé,Baunilha,-4,-45.52,Sales,PE,Loja Física,False,CLI3546,2025-07-03,1900-01-01 11:00:00,11:00,False,False,False,False,True,False,True,False,False,False,False,False,False,quantidade_nao_positiva_ou_nula;valor_total_nao_positivo,False,True,2025,7,Julho,2025-07,T3,Quinta,3,Manha,-45.52,11.38,11.38,Sem Promocao,True,5
1270,2025-05-17,15,Pote,Limão,-1,-5.33,Caldeira,SP,Parceiro,False,CLI6451,2025-05-17,1900-01-01 15:45:00,15:45,False,False,False,False,True,False,True,False,False,False,False,False,False,quantidade_nao_positiva_ou_nula;valor_total_nao_positivo,False,False,2025,5,Maio,2025-05,T2,Sabado,17,Tarde,-5.33,5.33,5.33,Sem Promocao,True,4
1277,2025-06-02,15,Sundae,Chocolate,-2,-11.89,Moraes Da Serra,AM,Parceiro,True,CLI6604,2025-06-02,1900-01-01 15:00:00,15:00,False,False,False,False,True,False,True,False,False,False,False,False,False,quantidade_nao_positiva_ou_nula;valor_total_nao_positivo,False,False,2025,6,Junho,2025-06,T2,Segunda,2,Tarde,-11.89,5.94,5.94,Com Promocao,True,8
1297,2025-08-02,15,Milkshake,Cookies,-1,-10.13,Farias Grande,RN,App,True,CLI6156,2025-08-02,1900-01-01 15:30:00,15:30,False,False,False,False,True,False,True,False,False,False,False,False,False,quantidade_nao_positiva_ou_nula;valor_total_nao_positivo,False,False,2025,8,Agosto,2025-08,T3,Sabado,2,Tarde,-10.13,10.13,10.13,Com Promocao,True,6
1343,2025-05-03,11,Sundae,Limão,-2,-19.36,Ramos Grande,PR,Loja Física,False,CLI8088,2025-05-03,1900-01-01 11:15:00,11:15,False,False,False,False,True,False,True,False,False,False,False,False,False,quantidade_nao_positiva_ou_nula;valor_total_nao_positivo,False,False,2025,5,Maio,2025-05,T2,Sabado,3,Manha,-19.36,9.68,9.68,Sem Promocao,True,3
1362,2025-05-02,9,Pote,Nao Informado,3,,Nao Informado,PE,App,True,CLI1778,2025-05-02,1900-01-01 09:30:00,09:30,True,True,False,False,False,True,True,False,False,False,False,False,False,valor_total_nulo,False,False,2025,5,Maio,2025-05,T2,Sexta,2,Manha,,,,Com Promocao,True,5
1436,2025-05-15,18,Picolé,Nao Informado,4,,Nao Informado,SC,App,True,CLI8744,2025-05-15,1900-01-01 18:00:00,18:00,True,True,False,False,False,True,True,False,False,False,False,False,False,valor_total_nulo,False,False,2025,5,Maio,2025-05,T2,Quinta,15,Noite,,,,Com Promocao,True,13
1518,2025-03-31,9,Milkshake,Açaí,-1,-8.39,Araújo Do Galho,PI,Loja Física,True,CLI4491,2025-03-31,1900-01-01 09:00:00,09:00,False,False,False,False,True,False,True,False,False,False,False,False,False,quantidade_nao_positiva_ou_nula;valor_total_nao_positivo,False,False,2025,3,Marco,2025-03,T1,Segunda,31,Manha,-8.39,8.39,8.39,Com Promocao,True,6
1538,2025-08-10,18,Milkshake,Nao Informado,3,,Nao Informado,BA,App,False,CLI4677,2025-08-10,1900-01-01 18:45:00,18:45,True,True,False,False,False,True,True,False,False,False,False,False,False,valor_total_nulo,False,False,2025,8,Agosto,2025-08,T3,Domingo,10,Noite,,,,Sem Promocao,True,9
1540,2025-03-04,10,Casquinha,Nao Informado,1,,Nao Informado,MG,Loja Física,False,CLI7686,2025-03-04,1900-01-01 10:45:00,10:45,True,True,False,False,False,True,True,False,False,False,False,False,False,valor_total_nulo,False,False,2025,3,Marco,2025-03,T1,Terca,4,Manha,,,,Sem Promocao,True,10
1561,2025-05-29,11,Milkshake,Nao Informado,3,,Nao Informado,RN,Loja Física,True,CLI5342,2025-05-29,1900-01-01 11:00:00,11:00,True,True,False,False,False,True,True,False,False,False,False,False,False,valor_total_nulo,False,False,2025,5,Maio,2025-05,T2,Quinta,29,Manha,,,,Com Promocao,True,5
1628,2025-03-21,22,Pote,Açaí,0,0.0,Barbosa,AC,Parceiro,True,CLI1101,2025-03-21,1900-01-01 22:15:00,22:15,False,False,False,False,True,False,True,False,False,False,False,False,False,quantidade_nao_positiva_ou_nula;valor_total_nao_positivo,False,False,2025,3,Marco,2025-03,T1,Sexta,21,Noite,0.0,,,Com Promocao,True,9
1648,2025-04-09,10,Pote,Nao Informado,2,,Nao Informado,RS,Loja Física,False,CLI8467,2025-04-09,1900-01-01 10:30:00,10:30,True,True,False,False,False,True,True,False,False,False,False,False,False,valor_total_nulo,False,False,2025,4,Abril,2025-04,T2,Quarta,9,Manha,,,,Sem Promocao,True,7
1699,2025-06-13,10,Sundae,Morango,-1,-7.06,Jesus,AL,App,False,CLI6787,2025-06-13,1900-01-01 10:15:00,10:15,False,False,False,False,True,False,True,False,False,False,False,False,False,quantidade_nao_positiva_ou_nula;valor_total_nao_positivo,False,False,2025,6,Junho,2025-06,T2,Sexta,13,Manha,-7.06,7.06,7.06,Sem Promocao,True,9
1718,2025-03-06,22,Pote,Limão,-1,-8.47,Das Neves,BA,Loja Física,False,CLI4373,2025-03-06,1900-01-01 22:15:00,22:15,False,False,False,False,True,False,True,False,False,False,False,False,False,quantidade_nao_positiva_ou_nula;valor_total_nao_positivo,False,False,2025,3,Marco,2025-03,T1,Quinta,6,Noite,-8.47,8.47,8.47,Sem Promocao,True,6
1771,2025-03-08,8,Picolé,Baunilha,-5,-29.1,Ribeiro De Vargas,DF,App,False,CLI6702,2025-03-08,1900-01-01 08:15:00,08:15,False,False,False,False,True,False,True,False,False,False,False,False,False,quantidade_nao_positiva_ou_nula;valor_total_nao_positivo,False,True,2025,3,Marco,2025-03,T1,Sabado,8,Manha,-29.1,5.82,5.82,Sem Promocao,True,11
1777,2025-07-24,15,Milkshake,Nao Informado,4,,Nao Informado,PE,Loja Física,True,CLI3769,2025-07-24,1900-01-01 15:30:00,15:30,True,True,False,False,False,True,True,False,False,False,False,False,False,valor_total_nulo,False,False,2025,7,Julho,2025-07,T3,Quinta,24,Tarde,,,,Com Promocao,True,10
1818,2025-04-02,17,Casquinha,Cookies,0,0.0,Mendes,RO,Parceiro,True,CLI9573,2025-04-02,1900-01-01 17:30:00,17:30,False,False,False,False,True,False,True,False,False,False,False,False,False,quantidade_nao_positiva_ou_nula;valor_total_nao_positivo,False,False,2025,4,Abril,2025-04,T2,Quarta,2,Tarde,0.0,,,Com Promocao,True,5
1850,2025-06-26,10,Milkshake,Nao Informado,4,,Nao Informado,PE,Loja Física,False,CLI1700,2025-06-26,1900-01-01 10:00:00,10:00,True,True,False,False,False,True,True,False,False,False,False,False,False,valor_total_nulo,False,False,2025,6,Junho,2025-06,T2,Quinta,26,Manha,,,,Sem Promocao,True,5
1857,2025-04-26,9,Sundae,Chocolate,0,0.0,Cirino,AC,Parceiro,False,CLI2330,2025-04-26,1900-01-01 09:45:00,09:45,False,False,False,False,True,False,True,False,False,False,False,False,False,quantidade_nao_positiva_ou_nula;valor_total_nao_positivo,False,False,2025,4,Abril,2025-04,T2,Sabado,26,Manha,0.0,,,Sem Promocao,True,5
1899,2025-05-09,10,Pote,Nao Informado,1,,Nao Informado,SP,Loja Física,False,CLI1428,2025-05-09,1900-01-01 10:00:00,10:00,True,True,False,False,False,True,True,False,False,False,False,False,False,valor_total_nulo,False,False,2025,5,Maio,2025-05,T2,Sexta,9,Manha,,,,Sem Promocao,True,7
1969,2025-04-21,16,Milkshake,Chocolate,0,0.0,Cirino,PI,Loja Física,True,CLI9817,2025-04-21,1900-01-01 16:45:00,16:45,False,False,False,False,True,False,True,False,False,False,False,False,False,quantidade_nao_positiva_ou_nula;valor_total_nao_positivo,False,False,2025,4,Abril,2025-04,T2,Segunda,21,Tarde,0.0,,,Com Promocao,True,6
2046,2025-06-20,19,Milkshake,Baunilha,-3,-27.16,Moura Do Norte,AP,Loja Física,True,CLI8244,2025-06-20,1900-01-01 19:00:00,19:00,False,False,False,False,True,False,True,False,False,False,False,False,False,quantidade_nao_positiva_ou_nula;valor_total_nao_positivo,False,True,2025,6,Junho,2025-06,T2,Sexta,20,Noite,-27.16,9.05,9.05,Com Promocao,True,7
2078,2025-08-06,12,Milkshake,Morango,-3,-24.03,Andrade,AC,Loja Física,False,CLI7020,2025-08-06,1900-01-01 12:15:00,12:15,False,False,False,False,True,False,True,False,False,False,False,False,False,quantidade_nao_positiva_ou_nula;valor_total_nao_positivo,False,True,2025,8,Agosto,2025-08,T3,Quarta,6,Tarde,-24.03,8.01,8.01,Sem Promocao,True,5
2081,2025-05-02,12,Milkshake,Açaí,-1,-12.4,Melo,MS,App,True,CLI4140,2025-05-02,1900-01-01 12:30:00,12:30,False,False,False,False,True,False,True,False,False,False,False,False,False,quantidade_nao_positiva_ou_nula;valor_total_nao_positivo,False,False,2025,5,Maio,2025-05,T2,Sexta,2,Tarde,-12.4,12.4,12.4,Com Promocao,True,10
2089,2025-05-18,19,Casquinha,Nao Informado,3,,Nao Informado,PI,Loja Física,True,CLI1301,2025-05-18,1900-01-01 19:15:00,19:15,True,True,False,False,False,True,True,False,False,False,False,False,False,valor_total_nulo,False,False,2025,5,Maio,2025-05,T2,Domingo,18,Noite,,,,Com Promocao,True,2
2093,2025-05-20,20,Casquinha,Chocolate,-1,-8.22,Mendonça,PI,Loja Física,False,CLI7337,2025-05-20,1900-01-01 20:30:00,20:30,False,False,False,False,True,False,True,False,False,False,False,False,False,quantidade_nao_positiva_ou_nula;valor_total_nao_positivo,False,False,2025,5,Maio,2025-05,T2,Terca,20,Noite,-8.22,8.22,8.22,Sem Promocao,True,5
2142,2025-04-14,9,Picolé,Limão,-5,-57.41,Da Cruz,AM,Parceiro,True,CLI9289,2025-04-14,1900-01-01 09:30:00,09:30,False,False,False,False,True,False,True,False,False,False,False,False,False,quantidade_nao_positiva_ou_nula;valor_total_nao_positivo,False,True,2025,4,Abril,2025-04,T2,Segunda,14,Manha,-57.41,11.48,11.48,Com Promocao,True,6
2153,2025-07-21,18,Casquinha,Limão,-1,-4.17,Das Neves De Silva,PR,Parceiro,True,CLI8996,2025-07-21,1900-01-01 18:45:00,18:45,False,False,False,False,True,False,True,False,False,False,False,False,False,quantidade_nao_positiva_ou_nula;valor_total_nao_positivo,False,False,2025,7,Julho,2025-07,T3,Segunda,21,Noite,-4.17,4.17,4.17,Com Promocao,True,4
2223,2025-05-19,21,Casquinha,Nao Informado,3,,Nao Informado,PI,Parceiro,True,CLI8431,2025-05-19,1900-01-01 21:15:00,21:15,True,True,False,False,False,True,True,False,False,False,False,False,False,valor_total_nulo,False,False,2025,5,Maio,2025-05,T2,Segunda,19,Noite,,,,Com Promocao,True,4
2226,2025-06-27,20,Picolé,Chocolate,-1,-10.88,Câmara Do Galho,BA,App,True,CLI6325,2025-06-27,1900-01-01 20:15:00,20:15,False,False,False,False,True,False,True,False,False,False,False,False,False,quantidade_nao_positiva_ou_nula;valor_total_nao_positivo,False,False,2025,6,Junho,2025-06,T2,Sexta,27,Noite,-10.88,10.88,10.88,Com Promocao,True,9
2257,2025-03-01,16,Pote,Nao Informado,3,,Nao Informado,BA,App,False,CLI2337,2025-03-01,1900-01-01 16:15:00,16:15,True,True,False,False,False,True,True,False,False,False,False,False,False,valor_total_nulo,False,False,2025,3,Marco,2025-03,T1,Sabado,1,Tarde,,,,Sem Promocao,True,7
2301,2025-03-06,20,Sundae,Açaí,-4,-46.44,Pinto Do Galho,DF,Loja Física,False,CLI7022,2025-03-06,1900-01-01 20:00:00,20:00,False,False,False,False,True,False,True,False,False,False,False,False,False,quantidade_nao_positiva_ou_nula;valor_total_nao_positivo,False,True,2025,3,Marco,2025-03,T1,Quinta,6,Noite,-46.44,11.61,11.61,Sem Promocao,True,8
2310,2025-06-09,12,Picolé,Limão,-1,-4.49,Dias De Goiás,BA,Parceiro,True,CLI7871,2025-06-09,1900-01-01 12:45:00,12:45,False,False,False,False,True,False,True,False,False,False,False,False,False,quantidade_nao_positiva_ou_nula;valor_total_nao_positivo,False,False,2025,6,Junho,2025-06,T2,Segunda,9,Tarde,-4.49,4.49,4.49,Com Promocao,True,8
2367,2025-05-28,8,Sundae,Limão,0,0.0,Alves,AL,Loja Física,True,CLI5351,2025-05-28,1900-01-01 08:45:00,08:45,False,False,False,False,True,False,True,False,False,False,False,False,False,quantidade_nao_positiva_ou_nula;valor_total_nao_positivo,False,False,2025,5,Maio,2025-05,T2,Quarta,28,Manha,0.0,,,Com Promocao,True,6
2398,2025-03-10,19,Picolé,Caramelo,-1,-10.75,Cavalcante De Teixeira,RO,Loja Física,False,CLI9430,2025-03-10,1900-01-01 19:30:00,19:30,False,False,False,False,True,False,True,False,False,False,False,False,False,quantidade_nao_positiva_ou_nula;valor_total_nao_positivo,False,False,2025,3,Marco,2025-03,T1,Segunda,10,Noite,-10.75,10.75,10.75,Sem Promocao,True,4
2434,2025-03-18,8,Sundae,Nao Informado,1,,Nao Informado,AL,Parceiro,False,CLI3305,2025-03-18,1900-01-01 08:30:00,08:30,True,True,False,False,False,True,True,False,False,False,False,False,False,valor_total_nulo,False,False,2025,3,Marco,2025-03,T1,Terca,18,Manha,,,,Sem Promocao,True,6
2488,2025-05-04,12,Pote,Caramelo,0,0.0,Vasconcelos,RS,App,False,CLI3545,2025-05-04,1900-01-01 12:15:00,12:15,False,False,False,False,True,False,True,False,False,False,False,False,False,quantidade_nao_positiva_ou_nula;valor_total_nao_positivo,False,False,2025,5,Maio,2025-05,T2,Domingo,4,Tarde,0.0,,,Sem Promocao,True,6
2497,2025-06-17,13,Casquinha,Nao Informado,3,,Nao Informado,DF,Parceiro,True,CLI9701,2025-06-17,1900-01-01 13:45:00,13:45,True,True,False,False,False,True,True,False,False,False,False,False,False,valor_total_nulo,False,False,2025,6,Junho,2025-06,T2,Terca,17,Tarde,,,,Com Promocao,True,6
2500,2025-03-17,21,Pote,Caramelo,0,0.0,Da Mota Da Prata,SC,Parceiro,False,CLI7198,2025-03-17,1900-01-01 21:15:00,21:15,False,False,False,False,True,False,True,False,False,False,False,False,False,quantidade_nao_positiva_ou_nula;valor_total_nao_positivo,False,False,2025,3,Marco,2025-03,T1,Segunda,17,Noite,0.0,,,Sem Promocao,True,5
2530,2025-07-05,9,Picolé,Açaí,-1,-13.48,Lima,PE,Loja Física,False,CLI3602,2025-07-05,1900-01-01 09:30:00,09:30,False,False,False,False,True,False,True,False,False,False,False,False,False,quantidade_nao_positiva_ou_nula;valor_total_nao_positivo,False,False,2025,7,Julho,2025-07,T3,Sabado,5,Manha,-13.48,13.48,13.48,Sem Promocao,True,6
2595,2025-03-28,9,Milkshake,Nao Informado,3,,Nao Informado,MT,Loja Física,False,CLI4738,2025-03-28,1900-01-01 09:15:00,09:15,True,True,False,False,False,True,True,False,False,False,False,False,False,valor_total_nulo,False,False,2025,3,Marco,2025-03,T1,Sexta,28,Manha,,,,Sem Promocao,True,7
2645,2025-03-01,21,Picolé,Nao Informado,5,,Nao Informado,SC,Parceiro,True,CLI2057,2025-03-01,1900-01-01 21:15:00,21:15,True,True,False,False,False,True,True,False,False,False,False,False,False,valor_total_nulo,False,False,2025,3,Marco,2025-03,T1,Sabado,1,Noite,,,,Com Promocao,True,5
2708,2025-06-12,13,Picolé,Chocolate,0,0.0,Montenegro Grande,AC,App,True,CLI4820,2025-06-12,1900-01-01 13:45:00,13:45,False,False,False,False,True,False,True,False,False,False,False,False,False,quantidade_nao_positiva_ou_nula;valor_total_nao_positivo,False,False,2025,6,Junho,2025-06,T2,Quinta,12,Tarde,0.0,,,Com Promocao,True,7
2742,2025-05-01,10,Picolé,Nao Informado,2,,Nao Informado,RR,Parceiro,False,CLI7544,2025-05-01,1900-01-01 10:00:00,10:00,True,True,False,False,False,True,True,False,False,False,False,False,False,valor_total_nulo,False,False,2025,5,Maio,2025-05,T2,Quinta,1,Manha,,,,Sem Promocao,True,9
2790,2025-08-05,11,Picolé,Morango,-1,-8.84,Cavalcante Da Mata,MA,Loja Física,True,CLI3113,2025-08-05,1900-01-01 11:15:00,11:15,False,False,False,False,True,False,True,False,False,False,False,False,False,quantidade_nao_positiva_ou_nula;valor_total_nao_positivo,False,False,2025,8,Agosto,2025-08,T3,Terca,5,Manha,-8.84,8.84,8.84,Com Promocao,True,8
2847,2025-08-03,10,Milkshake,Nao Informado,3,,Nao Informado,RJ,Loja Física,True,CLI4780,2025-08-03,1900-01-01 10:15:00,10:15,True,True,False,False,False,True,True,False,False,False,False,False,False,valor_total_nulo,False,False,2025,8,Agosto,2025-08,T3,Domingo,3,Manha,,,,Com Promocao,True,10
2850,2025-05-24,19,Picolé,Morango,-1,-11.87,Caldeira Da Serra,PB,Loja Física,False,CLI3677,2025-05-24,1900-01-01 19:45:00,19:45,False,False,False,False,True,False,True,False,False,False,False,False,False,quantidade_nao_positiva_ou_nula;valor_total_nao_positivo,False,False,2025,5,Maio,2025-05,T2,Sabado,24,Noite,-11.87,11.87,11.87,Sem Promocao,True,5
2893,2025-04-27,14,Sundae,Nao Informado,2,,Nao Informado,AL,Parceiro,False,CLI7058,2025-04-27,1900-01-01 14:45:00,14:45,True,True,False,False,False,True,True,False,False,False,False,False,False,valor_total_nulo,False,False,2025,4,Abril,2025-04,T2,Domingo,27,Tarde,,,,Sem Promocao,True,8
2896,2025-06-01,21,Sundae,Menta,0,0.0,Cavalcante,MS,Parceiro,False,CLI5715,2025-06-01,1900-01-01 21:15:00,21:15,False,False,False,False,True,False,True,False,False,False,False,False,False,quantidade_nao_positiva_ou_nula;valor_total_nao_positivo,False,False,2025,6,Junho,2025-06,T2,Domingo,1,Noite,0.0,,,Sem Promocao,True,6
3005,2025-02-27,17,Pote,Nao Informado,5,,Nao Informado,AM,Loja Física,True,CLI5697,2025-02-27,1900-01-01 17:45:00,17:45,True,True,False,False,False,True,True,False,False,False,False,False,False,valor_total_nulo,False,False,2025,2,Fevereiro,2025-02,T1,Quinta,27,Tarde,,,,Com Promocao,True,7
3042,2025-05-09,16,Casquinha,Caramelo,-1,-11.25,Da Mata Grande,SP,Loja Física,True,CLI7513,2025-05-09,1900-01-01 16:45:00,16:45,False,False,False,False,True,False,True,False,False,False,False,False,False,quantidade_nao_positiva_ou_nula;valor_total_nao_positivo,False,False,2025,5,Maio,2025-05,T2,Sexta,9,Tarde,-11.25,11.25,11.25,Com Promocao,True,3
3126,2025-05-14,20,Sundae,Limão,0,0.0,Gonçalves Da Praia,SP,App,True,CLI2395,2025-05-14,1900-01-01 20:45:00,20:45,False,False,False,False,True,False,True,False,False,False,False,False,False,quantidade_nao_positiva_ou_nula;valor_total_nao_positivo,False,False,2025,5,Maio,2025-05,T2,Quarta,14,Noite,0.0,,,Com Promocao,True,3
3162,2025-05-08,13,Sundae,Menta,0,0.0,Nunes,SC,Loja Física,True,CLI8459,2025-05-08,1900-01-01 13:15:00,13:15,False,False,False,False,True,False,True,False,False,False,False,False,False,quantidade_nao_positiva_ou_nula;valor_total_nao_positivo,False,False,2025,5,Maio,2025-05,T2,Quinta,8,Tarde,0.0,,,Com Promocao,True,6
3173,2025-07-20,20,Milkshake,Chocolate,-1,-5.48,Cavalcanti Da Praia,SC,App,False,CLI9222,2025-07-20,1900-01-01 20:15:00,20:15,False,False,False,False,True,False,True,False,False,False,False,False,False,quantidade_nao_positiva_ou_nula;valor_total_nao_positivo,False,False,2025,7,Julho,2025-07,T3,Domingo,20,Noite,-5.48,5.48,5.48,Sem Promocao,True,15
3178,2025-06-03,20,Casquinha,Nao Informado,1,,Nao Informado,RN,App,False,CLI8284,2025-06-03,1900-01-01 20:45:00,20:45,True,True,False,False,False,True,True,False,False,False,False,False,False,valor_total_nulo,False,False,2025,6,Junho,2025-06,T2,Terca,3,Noite,,,,Sem Promocao,True,3
3203,2025-06-15,13,Casquinha,Nao Informado,3,,Nao Informado,PE,Loja Física,False,CLI1918,2025-06-15,1900-01-01 13:00:00,13:00,True,True,False,False,False,True,True,False,False,False,False,False,False,valor_total_nulo,False,False,2025,6,Junho,2025-06,T2,Domingo,15,Tarde,,,,Sem Promocao,True,7
3204,2025-07-23,14,Pote,Cookies,-1,-14.99,Cavalcanti,MG,Loja Física,False,CLI9334,2025-07-23,1900-01-01 14:00:00,14:00,False,False,False,False,True,False,True,False,False,False,False,False,False,quantidade_nao_positiva_ou_nula;valor_total_nao_positivo,False,False,2025,7,Julho,2025-07,T3,Quarta,23,Tarde,-14.99,14.99,14.99,Sem Promocao,True,6
3232,2025-05-07,14,Picolé,Chocolate,-4,-30.64,Cavalcante,PE,Parceiro,False,CLI5609,2025-05-07,1900-01-01 14:00:00,14:00,False,False,False,False,True,False,True,False,False,False,False,False,False,quantidade_nao_positiva_ou_nula;valor_total_nao_positivo,False,True,2025,5,Maio,2025-05,T2,Quarta,7,Tarde,-30.64,7.66,7.66,Sem Promocao,True,12
3297,2025-08-18,14,Milkshake,Caramelo,-3,-38.43,Cardoso,RN,Parceiro,True,CLI8398,2025-08-18,1900-01-01 14:00:00,14:00,False,False,False,False,True,False,True,False,False,False,False,False,False,quantidade_nao_positiva_ou_nula;valor_total_nao_positivo,False,True,2025,8,Agosto,2025-08,T3,Segunda,18,Tarde,-38.43,12.81,12.81,Com Promocao,True,5
3356,2025-03-27,21,Picolé,Nao Informado,3,,Nao Informado,PR,App,False,CLI4231,2025-03-27,1900-01-01 21:15:00,21:15,True,True,False,False,False,True,True,False,False,False,False,False,False,valor_total_nulo,False,False,2025,3,Marco,2025-03,T1,Quinta,27,Noite,,,,Sem Promocao,True,9
3434,2025-04-05,13,Pote,Nao Informado,3,,Nao Informado,DF,Parceiro,False,CLI8168,2025-04-05,1900-01-01 13:00:00,13:00,True,True,False,False,False,True,True,False,False,False,False,False,False,valor_total_nulo,False,False,2025,4,Abril,2025-04,T2,Sabado,5,Tarde,,,,Sem Promocao,True,4
3450,2025-04-16,22,Sundae,Chocolate,-1,-4.43,Aragão Das Pedras,SC,Loja Física,True,CLI4973,2025-04-16,1900-01-01 22:30:00,22:30,False,False,False,False,True,False,True,False,False,False,False,False,False,quantidade_nao_positiva_ou_nula;valor_total_nao_positivo,False,False,2025,4,Abril,2025-04,T2,Quarta,16,Noite,-4.43,4.43,4.43,Com Promocao,True,8
3485,2025-06-02,12,Milkshake,Morango,0,0.0,Machado De Sousa,AC,Parceiro,True,CLI7893,2025-06-02,1900-01-01 12:00:00,12:00,False,False,False,False,True,False,True,False,False,False,False,False,False,quantidade_nao_positiva_ou_nula;valor_total_nao_positivo,False,False,2025,6,Junho,2025-06,T2,Segunda,2,Tarde,0.0,,,Com Promocao,True,2
3511,2025-06-10,9,Picolé,Nao Informado,1,,Nao Informado,BA,App,True,CLI9090,2025-06-10,1900-01-01 09:00:00,09:00,True,True,False,False,False,True,True,False,False,False,False,False,False,valor_total_nulo,False,False,2025,6,Junho,2025-06,T2,Terca,10,Manha,,,,Com Promocao,True,4
3634,2025-04-24,15,Pote,Morango,0,0.0,Fogaça,BA,Loja Física,True,CLI1708,2025-04-24,1900-01-01 15:30:00,15:30,False,False,False,False,True,False,True,False,False,False,False,False,False,quantidade_nao_positiva_ou_nula;valor_total_nao_positivo,False,False,2025,4,Abril,2025-04,T2,Quinta,24,Tarde,0.0,,,Com Promocao,True,3
3644,2025-03-06,13,Milkshake,Chocolate,-1,-8.14,Brito,AL,Loja Física,True,CLI4815,2025-03-06,1900-01-01 13:45:00,13:45,False,False,False,False,True,False,True,False,False,False,False,False,False,quantidade_nao_positiva_ou_nula;valor_total_nao_positivo,False,False,2025,3,Marco,2025-03,T1,Quinta,6,Tarde,-8.14,8.14,8.14,Com Promocao,True,9
3660,2025-07-26,17,Casquinha,Limão,0,0.0,Duarte,SE,App,True,CLI1951,2025-07-26,1900-01-01 17:30:00,17:30,False,False,False,False,True,False,True,False,False,False,False,False,False,quantidade_nao_positiva_ou_nula;valor_total_nao_positivo,False,False,2025,7,Julho,2025-07,T3,Sabado,26,Tarde,0.0,,,Com Promocao,True,9
3669,2025-06-26,15,Casquinha,Nao Informado,1,,Nao Informado,PE,App,True,CLI6238,2025-06-26,1900-01-01 15:00:00,15:00,True,True,False,False,False,True,True,False,False,False,False,False,False,valor_total_nulo,False,False,2025,6,Junho,2025-06,T2,Quinta,26,Tarde,,,,Com Promocao,True,6
3767,2025-06-26,14,Picolé,Menta,-1,-11.29,Nascimento,ES,Loja Física,True,CLI9039,2025-06-26,1900-01-01 14:45:00,14:45,False,False,False,False,True,False,True,False,False,False,False,False,False,quantidade_nao_positiva_ou_nula;valor_total_nao_positivo,False,False,2025,6,Junho,2025-06,T2,Quinta,26,Tarde,-11.29,11.29,11.29,Com Promocao,True,9
3774,2025-06-28,15,Picolé,Nao Informado,-4,,Nao Informado,PE,App,True,CLI2830,2025-06-28,1900-01-01 15:00:00,15:00,True,True,False,False,True,True,True,False,False,False,False,False,False,quantidade_nao_positiva_ou_nula;valor_total_nulo,False,False,2025,6,Junho,2025-06,T2,Sabado,28,Tarde,,,,Com Promocao,True,3
3881,2025-03-20,19,Casquinha,Limão,0,0.0,Viana,RN,Loja Física,False,CLI1125,2025-03-20,1900-01-01 19:00:00,19:00,False,False,False,False,True,False,True,False,False,False,False,False,False,quantidade_nao_positiva_ou_nula;valor_total_nao_positivo,False,False,2025,3,Marco,2025-03,T1,Quinta,20,Noite,0.0,,,Sem Promocao,True,12
3890,2025-06-07,11,Picolé,Morango,0,0.0,Moraes,RN,App,True,CLI1188,2025-06-07,1900-01-01 11:00:00,11:00,False,False,False,False,True,False,True,False,False,False,False,False,False,quantidade_nao_positiva_ou_nula;valor_total_nao_positivo,False,False,2025,6,Junho,2025-06,T2,Sabado,7,Manha,0.0,,,Com Promocao,True,6
3897,2025-03-09,16,Sundae,Nao Informado,1,,Nao Informado,RS,Parceiro,False,CLI3364,2025-03-09,1900-01-01 16:30:00,16:30,True,True,False,False,False,True,True,False,False,False,False,False,False,valor_total_nulo,False,False,2025,3,Marco,2025-03,T1,Domingo,9,Tarde,,,,Sem Promocao,True,5
3905,2025-07-23,21,Sundae,Caramelo,0,0.0,Da Costa Grande,RS,Loja Física,True,CLI5063,2025-07-23,1900-01-01 21:30:00,21:30,False,False,False,False,True,False,True,False,False,False,False,False,False,quantidade_nao_positiva_ou_nula;valor_total_nao_positivo,False,False,2025,7,Julho,2025-07,T3,Quarta,23,Noite,0.0,,,Com Promocao,True,7
3907,2025-05-05,22,Milkshake,Limão,-3,-19.77,Campinas,SC,Loja Física,True,CLI1202,2025-05-05,1900-01-01 22:00:00,22:00,False,False,False,False,True,False,True,False,False,False,False,False,False,quantidade_nao_positiva_ou_nula;valor_total_nao_positivo,False,False,2025,5,Maio,2025-05,T2,Segunda,5,Noite,-19.77,6.59,6.59,Com Promocao,True,15
3935,2025-02-20,16,Casquinha,Chocolate,0,0.0,Nogueira Dos Dourados,DF,Parceiro,True,CLI1036,2025-02-20,1900-01-01 16:45:00,16:45,False,False,False,False,True,False,True,False,False,False,False,False,False,quantidade_nao_positiva_ou_nula;valor_total_nao_positivo,False,False,2025,2,Fevereiro,2025-02,T1,Quinta,20,Tarde,0.0,,,Com Promocao,True,9
3946,2025-08-02,19,Milkshake,Baunilha,-1,-6.71,Novaes Das Pedras,GO,App,True,CLI8836,2025-08-02,1900-01-01 19:30:00,19:30,False,False,False,False,True,False,True,False,False,False,False,False,False,quantidade_nao_positiva_ou_nula;valor_total_nao_positivo,False,False,2025,8,Agosto,2025-08,T3,Sabado,2,Noite,-6.71,6.71,6.71,Com Promocao,True,10
3956,2025-03-19,16,Casquinha,Limão,0,0.0,Ramos,PB,App,False,CLI4543,2025-03-19,1900-01-01 16:15:00,16:15,False,False,False,False,True,False,True,False,False,False,False,False,False,quantidade_nao_positiva_ou_nula;valor_total_nao_positivo,False,False,2025,3,Marco,2025-03,T1,Quarta,19,Tarde,0.0,,,Sem Promocao,True,5
3990,2025-06-24,8,Casquinha,Nao Informado,1,,Nao Informado,AM,Parceiro,True,CLI4552,2025-06-24,1900-01-01 08:30:00,08:30,True,True,False,False,False,True,True,False,False,False,False,False,False,valor_total_nulo,False,False,2025,6,Junho,2025-06,T2,Terca,24,Manha,,,,Com Promocao,True,3
4005,2025-08-10,14,Milkshake,Baunilha,-4,-43.04,Campinas,MT,Parceiro,True,CLI9227,2025-08-10,1900-01-01 14:45:00,14:45,False,False,False,False,True,False,True,False,False,False,False,False,False,quantidade_nao_positiva_ou_nula;valor_total_nao_positivo,False,True,2025,8,Agosto,2025-08,T3,Domingo,10,Tarde,-43.04,10.76,10.76,Com Promocao,True,9
4008,2025-03-14,16,Pote,Menta,0,0.0,Rios,MG,Parceiro,False,CLI5745,2025-03-14,1900-01-01 16:30:00,16:30,False,False,False,False,True,False,True,False,False,False,False,False,False,quantidade_nao_positiva_ou_nula;valor_total_nao_positivo,False,False,2025,3,Marco,2025-03,T1,Sexta,14,Tarde,0.0,,,Sem Promocao,True,6
4028,2025-07-28,10,Pote,Menta,-5,-28.69,Moraes,MA,Loja Física,True,CLI1621,2025-07-28,1900-01-01 10:00:00,10:00,False,False,False,False,True,False,True,False,False,False,False,False,False,quantidade_nao_positiva_ou_nula;valor_total_nao_positivo,False,True,2025,7,Julho,2025-07,T3,Segunda,28,Manha,-28.69,5.74,5.74,Com Promocao,True,3
4082,2025-03-26,13,Milkshake,Açaí,-1,-9.62,Da Rocha,MT,Parceiro,True,CLI7954,2025-03-26,1900-01-01 13:00:00,13:00,False,False,False,False,True,False,True,False,False,False,False,False,False,quantidade_nao_positiva_ou_nula;valor_total_nao_positivo,False,False,2025,3,Marco,2025-03,T1,Quarta,26,Tarde,-9.62,9.62,9.62,Com Promocao,True,5
4095,2025-02-23,19,Pote,Nao Informado,4,,Nao Informado,MA,App,False,CLI1163,2025-02-23,1900-01-01 19:15:00,19:15,True,True,False,False,False,True,True,False,False,False,False,False,False,valor_total_nulo,False,False,2025,2,Fevereiro,2025-02,T1,Domingo,23,Noite,,,,Sem Promocao,True,6
4134,2025-02-23,16,Sundae,Cookies,-5,-49.86,Lopes Dos Dourados,MA,App,True,CLI9607,2025-02-23,1900-01-01 16:30:00,16:30,False,False,False,False,True,False,True,False,False,False,False,False,False,quantidade_nao_positiva_ou_nula;valor_total_nao_positivo,False,True,2025,2,Fevereiro,2025-02,T1,Domingo,23,Tarde,-49.86,9.97,9.97,Com Promocao,True,6
4142,2025-04-04,8,Picolé,Chocolate,0,0.0,Martins,RN,App,False,CLI7743,2025-04-04,1900-01-01 08:00:00,08:00,False,False,False,False,True,False,True,False,False,False,False,False,False,quantidade_nao_positiva_ou_nula;valor_total_nao_positivo,False,False,2025,4,Abril,2025-04,T2,Sexta,4,Manha,0.0,,,Sem Promocao,True,6
4151,2025-08-21,18,Casquinha,Baunilha,-2,-14.02,Brito,RN,App,False,CLI6373,2025-08-21,1900-01-01 18:30:00,18:30,False,False,False,False,True,False,True,False,False,False,False,False,False,quantidade_nao_positiva_ou_nula;valor_total_nao_positivo,False,False,2025,8,Agosto,2025-08,T3,Quinta,21,Noite,-14.02,7.01,7.01,Sem Promocao,True,4
4156,2025-07-04,20,Pote,Açaí,-4,-56.4,Da Cruz,MA,App,False,CLI7846,2025-07-04,1900-01-01 20:30:00,20:30,False,False,False,False,True,False,True,False,False,False,False,False,False,quantidade_nao_positiva_ou_nula;valor_total_nao_positivo,False,True,2025,7,Julho,2025-07,T3,Sexta,4,Noite,-56.4,14.1,14.1,Sem Promocao,True,4
4188,2025-02-22,13,Sundae,Baunilha,-2,-17.85,Sousa Do Campo,RS,Loja Física,True,CLI1857,2025-02-22,1900-01-01 13:00:00,13:00,False,False,False,False,True,False,True,False,False,False,False,False,False,quantidade_nao_positiva_ou_nula;valor_total_nao_positivo,False,False,2025,2,Fevereiro,2025-02,T1,Sabado,22,Tarde,-17.85,8.93,8.93,Com Promocao,True,6
4207,2025-07-17,21,Casquinha,Nao Informado,4,,Nao Informado,PE,Loja Física,True,CLI6190,2025-07-17,1900-01-01 21:15:00,21:15,True,True,False,False,False,True,True,False,False,False,False,False,False,valor_total_nulo,False,False,2025,7,Julho,2025-07,T3,Quinta,17,Noite,,,,Com Promocao,True,6
4247,2025-05-04,22,Casquinha,Morango,-1,-5.59,Moraes Do Galho,RJ,Loja Física,True,CLI5986,2025-05-04,1900-01-01 22:00:00,22:00,False,False,False,False,True,False,True,False,False,False,False,False,False,quantidade_nao_positiva_ou_nula;valor_total_nao_positivo,False,False,2025,5,Maio,2025-05,T2,Domingo,4,Noite,-5.59,5.59,5.59,Com Promocao,True,13
4292,2025-05-30,13,Milkshake,Nao Informado,5,,Nao Informado,CE,Parceiro,False,CLI1000,2025-05-30,1900-01-01 13:00:00,13:00,True,True,False,False,False,True,True,False,False,False,False,False,False,valor_total_nulo,False,False,2025,5,Maio,2025-05,T2,Sexta,30,Tarde,,,,Sem Promocao,True,7
4355,2025-03-19,20,Casquinha,Limão,-3,-12.71,Da Costa,CE,Parceiro,True,CLI2079,2025-03-19,1900-01-01 20:15:00,20:15,False,False,False,False,True,False,True,False,False,False,False,False,False,quantidade_nao_positiva_ou_nula;valor_total_nao_positivo,False,False,2025,3,Marco,2025-03,T1,Quarta,19,Noite,-12.71,4.24,4.24,Com Promocao,True,5
4397,2025-04-22,12,Casquinha,Baunilha,-2,-22.03,Monteiro De Pacheco,MG,Loja Física,True,CLI7909,2025-04-22,1900-01-01 12:45:00,12:45,False,False,False,False,True,False,True,False,False,False,False,False,False,quantidade_nao_positiva_ou_nula;valor_total_nao_positivo,False,True,2025,4,Abril,2025-04,T2,Terca,22,Tarde,-22.03,11.02,11.02,Com Promocao,True,3
4405,2025-03-05,10,Casquinha,Nao Informado,3,,Nao Informado,MS,Parceiro,False,CLI5769,2025-03-05,1900-01-01 10:15:00,10:15,True,True,False,False,False,True,True,False,False,False,False,False,False,valor_total_nulo,False,False,2025,3,Marco,2025-03,T1,Quarta,5,Manha,,,,Sem Promocao,True,4
4419,2025-03-22,15,Picolé,Nao Informado,3,,Nao Informado,MT,App,True,CLI7240,2025-03-22,1900-01-01 15:30:00,15:30,True,True,False,False,False,True,True,False,False,False,False,False,False,valor_total_nulo,False,False,2025,3,Marco,2025-03,T1,Sabado,22,Tarde,,,,Com Promocao,True,8
4457,2025-08-12,14,Casquinha,Cookies,-5,-50.46,Farias,RN,Loja Física,True,CLI6772,2025-08-12,1900-01-01 14:45:00,14:45,False,False,False,False,True,False,True,False,False,False,False,False,False,quantidade_nao_positiva_ou_nula;valor_total_nao_positivo,False,True,2025,8,Agosto,2025-08,T3,Terca,12,Tarde,-50.46,10.09,10.09,Com Promocao,True,5
4586,2025-04-28,22,Casquinha,Cookies,0,0.0,Garcia,MA,Parceiro,False,CLI1548,2025-04-28,1900-01-01 22:30:00,22:30,False,False,False,False,True,False,True,False,False,False,False,False,False,quantidade_nao_positiva_ou_nula;valor_total_nao_positivo,False,False,2025,4,Abril,2025-04,T2,Segunda,28,Noite,0.0,,,Sem Promocao,True,8
4606,2025-03-19,13,Milkshake,Nao Informado,5,,Nao Informado,SE,Parceiro,False,CLI8339,2025-03-19,1900-01-01 13:30:00,13:30,True,True,False,False,False,True,True,False,False,False,False,False,False,valor_total_nulo,False,False,2025,3,Marco,2025-03,T1,Quarta,19,Tarde,,,,Sem Promocao,True,5
4614,2025-05-04,12,Picolé,Açaí,-1,-11.08,Da Cunha,GO,Parceiro,True,CLI1294,2025-05-04,1900-01-01 12:45:00,12:45,False,False,False,False,True,False,True,False,False,False,False,False,False,quantidade_nao_positiva_ou_nula;valor_total_nao_positivo,False,False,2025,5,Maio,2025-05,T2,Domingo,4,Tarde,-11.08,11.08,11.08,Com Promocao,True,6
4624,2025-06-26,8,Casquinha,Nao Informado,5,,Nao Informado,DF,App,False,CLI8830,2025-06-26,1900-01-01 08:45:00,08:45,True,True,False,False,False,True,True,False,False,False,False,False,False,valor_total_nulo,False,False,2025,6,Junho,2025-06,T2,Quinta,26,Manha,,,,Sem Promocao,True,5
4627,2025-05-13,9,Milkshake,Nao Informado,3,,Nao Informado,AC,App,True,CLI6775,2025-05-13,1900-01-01 09:30:00,09:30,True,True,False,False,False,True,True,False,False,False,False,False,False,valor_total_nulo,False,False,2025,5,Maio,2025-05,T2,Terca,13,Manha,,,,Com Promocao,True,6
4657,2025-04-22,19,Pote,Menta,-1,-11.81,Moraes,RN,App,False,CLI1684,2025-04-22,1900-01-01 19:00:00,19:00,False,False,False,False,True,False,True,False,False,False,False,False,False,quantidade_nao_positiva_ou_nula;valor_total_nao_positivo,False,False,2025,4,Abril,2025-04,T2,Terca,22,Noite,-11.81,11.81,11.81,Sem Promocao,True,8
4692,2025-08-12,22,Picolé,Nao Informado,2,,Nao Informado,PB,Parceiro,True,CLI9262,2025-08-12,1900-01-01 22:15:00,22:15,True,True,False,False,False,True,True,False,False,False,False,False,False,valor_total_nulo,False,False,2025,8,Agosto,2025-08,T3,Terca,12,Noite,,,,Com Promocao,True,9
4695,2025-06-05,10,Sundae,Nao Informado,1,,Nao Informado,DF,Parceiro,True,CLI4933,2025-06-05,1900-01-01 10:15:00,10:15,True,True,False,False,False,True,True,False,False,False,False,False,False,valor_total_nulo,False,False,2025,6,Junho,2025-06,T2,Quinta,5,Manha,,,,Com Promocao,True,4
4701,2025-03-29,9,Sundae,Açaí,-3,-22.34,Barbosa,ES,Loja Física,True,CLI4257,2025-03-29,1900-01-01 09:45:00,09:45,False,False,False,False,True,False,True,False,False,False,False,False,False,quantidade_nao_positiva_ou_nula;valor_total_nao_positivo,False,True,2025,3,Marco,2025-03,T1,Sabado,29,Manha,-22.34,7.45,7.45,Com Promocao,True,7
4749,2025-04-06,19,Casquinha,Menta,-1,-9.46,Silveira De Ramos,DF,Loja Física,True,CLI6441,2025-04-06,1900-01-01 19:00:00,19:00,False,False,False,False,True,False,True,False,False,False,False,False,False,quantidade_nao_positiva_ou_nula;valor_total_nao_positivo,False,False,2025,4,Abril,2025-04,T2,Domingo,6,Noite,-9.46,9.46,9.46,Com Promocao,True,11
4759,2025-04-29,11,Milkshake,Nao Informado,1,,Nao Informado,AP,App,True,CLI4526,2025-04-29,1900-01-01 11:00:00,11:00,True,True,False,False,False,True,True,False,False,False,False,False,False,valor_total_nulo,False,False,2025,4,Abril,2025-04,T2,Terca,29,Manha,,,,Com Promocao,True,11
4774,2025-07-24,15,Milkshake,Chocolate,-1,-11.11,Da Luz De Santos,PA,App,True,CLI9711,2025-07-24,1900-01-01 15:15:00,15:15,False,False,False,False,True,False,True,False,False,False,False,False,False,quantidade_nao_positiva_ou_nula;valor_total_nao_positivo,False,False,2025,7,Julho,2025-07,T3,Quinta,24,Tarde,-11.11,11.11,11.11,Com Promocao,True,9
4821,2025-05-24,8,Milkshake,Baunilha,-2,-11.4,Cassiano,MG,Parceiro,False,CLI8869,2025-05-24,1900-01-01 08:45:00,08:45,False,False,False,False,True,False,True,False,False,False,False,False,False,quantidade_nao_positiva_ou_nula;valor_total_nao_positivo,False,False,2025,5,Maio,2025-05,T2,Sabado,24,Manha,-11.4,5.7,5.7,Sem Promocao,True,7
4830,2025-06-22,14,Milkshake,Açaí,0,0.0,Moraes,SP,Loja Física,True,CLI5398,2025-06-22,1900-01-01 14:45:00,14:45,False,False,False,False,True,False,True,False,False,False,False,False,False,quantidade_nao_positiva_ou_nula;valor_total_nao_positivo,False,False,2025,6,Junho,2025-06,T2,Domingo,22,Tarde,0.0,,,Com Promocao,True,5
4862,2025-03-17,8,Milkshake,Caramelo,-5,-55.69,Cirino,AC,App,True,CLI1264,2025-03-17,1900-01-01 08:30:00,08:30,False,False,False,False,True,False,True,False,False,False,False,False,False,quantidade_nao_positiva_ou_nula;valor_total_nao_positivo,False,True,2025,3,Marco,2025-03,T1,Segunda,17,Manha,-55.69,11.14,11.14,Com Promocao,True,3
4932,2025-06-21,15,Milkshake,Baunilha,-1,-6.06,Câmara Verde,MA,Loja Física,False,CLI4213,2025-06-21,1900-01-01 15:15:00,15:15,False,False,False,False,True,False,True,False,False,False,False,False,False,quantidade_nao_positiva_ou_nula;valor_total_nao_positivo,False,False,2025,6,Junho,2025-06,T2,Sabado,21,Tarde,-6.06,6.06,6.06,Sem Promocao,True,12
4981,2025-07-02,12,Picolé,Cookies,-1,-7.22,Jesus De Minas,RO,Parceiro,False,CLI5057,2025-07-02,1900-01-01 12:15:00,12:15,False,False,False,False,True,False,True,False,False,False,False,False,False,quantidade_nao_positiva_ou_nula;valor_total_nao_positivo,False,False,2025,7,Julho,2025-07,T3,Quarta,2,Tarde,-7.22,7.22,7.22,Sem Promocao,True,5
5022,2025-05-30,17,Pote,Limão,0,0.0,Moreira,SC,Parceiro,True,CLI5697,2025-05-30,1900-01-01 17:15:00,17:15,False,False,False,False,True,False,True,False,False,False,False,False,False,quantidade_nao_positiva_ou_nula;valor_total_nao_positivo,False,False,2025,5,Maio,2025-05,T2,Sexta,30,Tarde,0.0,,,Com Promocao,True,7
5034,2025-06-26,16,Picolé,Nao Informado,2,,Nao Informado,RO,Parceiro,True,CLI8491,2025-06-26,1900-01-01 16:30:00,16:30,True,True,False,False,False,True,True,False,False,False,False,False,False,valor_total_nulo,False,False,2025,6,Junho,2025-06,T2,Quinta,26,Tarde,,,,Com Promocao,True,5
5040,2025-07-06,16,Pote,Nao Informado,1,,Nao Informado,TO,Parceiro,False,CLI6462,2025-07-06,1900-01-01 16:00:00,16:00,True,True,False,False,False,True,True,False,False,False,False,False,False,valor_total_nulo,False,False,2025,7,Julho,2025-07,T3,Domingo,6,Tarde,,,,Sem Promocao,True,8
5050,2025-07-22,11,Casquinha,Nao Informado,1,,Nao Informado,MG,Loja Física,True,CLI1187,2025-07-22,1900-01-01 11:15:00,11:15,True,True,False,False,False,True,True,False,False,False,False,False,False,valor_total_nulo,False,False,2025,7,Julho,2025-07,T3,Terca,22,Manha,,,,Com Promocao,True,7
5159,2025-06-23,20,Sundae,Nao Informado,5,,Nao Informado,PI,Parceiro,False,CLI8250,2025-06-23,1900-01-01 20:45:00,20:45,True,True,False,False,False,True,True,False,False,False,False,False,False,valor_total_nulo,False,False,2025,6,Junho,2025-06,T2,Segunda,23,Noite,,,,Sem Promocao,True,8
5251,2025-04-02,18,Picolé,Caramelo,-3,-19.69,Pastor,MS,App,True,CLI2397,2025-04-02,1900-01-01 18:00:00,18:00,False,False,False,False,True,False,True,False,False,False,False,False,False,quantidade_nao_positiva_ou_nula;valor_total_nao_positivo,False,False,2025,4,Abril,2025-04,T2,Quarta,2,Noite,-19.69,6.56,6.56,Com Promocao,True,4
5312,2025-06-27,16,Milkshake,Cookies,0,-0.0,Gonçalves Da Serra,PI,Parceiro,True,CLI8783,2025-06-27,1900-01-01 16:45:00,16:45,False,False,False,False,True,False,True,False,False,False,False,False,False,quantidade_nao_positiva_ou_nula;valor_total_nao_positivo,False,False,2025,6,Junho,2025-06,T2,Sexta,27,Tarde,-0.0,,,Com Promocao,True,5
5328,2025-06-28,19,Sundae,Nao Informado,3,,Nao Informado,BA,Parceiro,False,CLI6421,2025-06-28,1900-01-01 19:30:00,19:30,True,True,False,False,False,True,True,False,False,False,False,False,False,valor_total_nulo,False,False,2025,6,Junho,2025-06,T2,Sabado,28,Noite,,,,Sem Promocao,True,7
5341,2025-08-21,15,Casquinha,Limão,-1,-11.93,Fonseca,AL,Loja Física,False,CLI8959,2025-08-21,1900-01-01 15:45:00,15:45,False,False,False,False,True,False,True,False,False,False,False,False,False,quantidade_nao_positiva_ou_nula;valor_total_nao_positivo,False,False,2025,8,Agosto,2025-08,T3,Quinta,21,Tarde,-11.93,11.93,11.93,Sem Promocao,True,5
5342,2025-07-12,20,Sundae,Caramelo,-1,-4.62,Nunes Do Oeste,SE,Parceiro,True,CLI7746,2025-07-12,1900-01-01 20:45:00,20:45,False,False,False,False,True,False,True,False,False,False,False,False,False,quantidade_nao_positiva_ou_nula;valor_total_nao_positivo,False,False,2025,7,Julho,2025-07,T3,Sabado,12,Noite,-4.62,4.62,4.62,Com Promocao,True,7
5347,2025-03-19,11,Picolé,Chocolate,-1,-5.95,Pires,PE,App,False,CLI7118,2025-03-19,1900-01-01 11:15:00,11:15,False,False,False,False,True,False,True,False,False,False,False,False,False,quantidade_nao_positiva_ou_nula;valor_total_nao_positivo,False,False,2025,3,Marco,2025-03,T1,Quarta,19,Manha,-5.95,5.95,5.95,Sem Promocao,True,11
5362,2025-04-18,9,Pote,Chocolate,-4,-28.04,Correia,RS,Parceiro,False,CLI9261,2025-04-18,1900-01-01 09:45:00,09:45,False,False,False,False,True,False,True,False,False,False,False,False,False,quantidade_nao_positiva_ou_nula;valor_total_nao_positivo,False,True,2025,4,Abril,2025-04,T2,Sexta,18,Manha,-28.04,7.01,7.01,Sem Promocao,True,7
5393,2025-06-30,19,Pote,Caramelo,-4,-26.69,Alves De Minas,AM,App,True,CLI2826,2025-06-30,1900-01-01 19:00:00,19:00,False,False,False,False,True,False,True,False,False,False,False,False,False,quantidade_nao_positiva_ou_nula;valor_total_nao_positivo,False,True,2025,6,Junho,2025-06,T2,Segunda,30,Noite,-26.69,6.67,6.67,Com Promocao,True,4
5400,2025-07-15,18,Pote,Chocolate,-2,-19.39,Jesus De Siqueira,RS,Loja Física,True,CLI2309,2025-07-15,1900-01-01 18:30:00,18:30,False,False,False,False,True,False,True,False,False,False,False,False,False,quantidade_nao_positiva_ou_nula;valor_total_nao_positivo,False,False,2025,7,Julho,2025-07,T3,Terca,15,Noite,-19.39,9.7,9.7,Com Promocao,True,6
5447,2025-08-11,16,Milkshake,Chocolate,0,0.0,Garcia,CE,Loja Física,True,CLI6005,2025-08-11,1900-01-01 16:30:00,16:30,False,False,False,False,True,False,True,False,False,False,False,False,False,quantidade_nao_positiva_ou_nula;valor_total_nao_positivo,False,False,2025,8,Agosto,2025-08,T3,Segunda,11,Tarde,0.0,,,Com Promocao,True,8
5453,2025-04-25,9,Sundae,Nao Informado,2,,Nao Informado,MA,Parceiro,False,CLI5025,2025-04-25,1900-01-01 09:45:00,09:45,True,True,False,False,False,True,True,False,False,False,False,False,False,valor_total_nulo,False,False,2025,4,Abril,2025-04,T2,Sexta,25,Manha,,,,Sem Promocao,True,3
5461,2025-07-23,20,Milkshake,Nao Informado,4,,Nao Informado,PE,Loja Física,True,CLI7617,2025-07-23,1900-01-01 20:00:00,20:00,True,True,False,False,False,True,True,False,False,False,False,False,False,valor_total_nulo,False,False,2025,7,Julho,2025-07,T3,Quarta,23,Noite,,,,Com Promocao,True,6
5483,2025-07-13,9,Milkshake,Caramelo,-1,-6.13,Almeida De Siqueira,RN,App,True,CLI7450,2025-07-13,1900-01-01 09:00:00,09:00,False,False,False,False,True,False,True,False,False,False,False,False,False,quantidade_nao_positiva_ou_nula;valor_total_nao_positivo,False,False,2025,7,Julho,2025-07,T3,Domingo,13,Manha,-6.13,6.13,6.13,Com Promocao,True,6
5694,2025-05-25,19,Sundae,Nao Informado,4,,Nao Informado,MT,App,False,CLI9250,2025-05-25,1900-01-01 19:30:00,19:30,True,True,False,False,False,True,True,False,False,False,False,False,False,valor_total_nulo,False,False,2025,5,Maio,2025-05,T2,Domingo,25,Noite,,,,Sem Promocao,True,8
5719,2025-07-05,18,Pote,Nao Informado,4,,Nao Informado,CE,App,True,CLI4117,2025-07-05,1900-01-01 18:30:00,18:30,True,True,False,False,False,True,True,False,False,False,False,False,False,valor_total_nulo,False,False,2025,7,Julho,2025-07,T3,Sabado,5,Noite,,,,Com Promocao,True,9
5728,2025-03-16,19,Casquinha,Nao Informado,5,,Nao Informado,ES,App,False,CLI6784,2025-03-16,1900-01-01 19:45:00,19:45,True,True,False,False,False,True,True,False,False,False,False,False,False,valor_total_nulo,False,False,2025,3,Marco,2025-03,T1,Domingo,16,Noite,,,,Sem Promocao,True,5
5729,2025-06-18,17,Picolé,Limão,-3,-27.76,Abreu Verde,MS,App,True,CLI7648,2025-06-18,1900-01-01 17:00:00,17:00,False,False,False,False,True,False,True,False,False,False,False,False,False,quantidade_nao_positiva_ou_nula;valor_total_nao_positivo,False,True,2025,6,Junho,2025-06,T2,Quarta,18,Tarde,-27.76,9.25,9.25,Com Promocao,True,4
5758,2025-06-12,13,Pote,Menta,-4,-45.92,Sampaio,RJ,App,False,CLI9466,2025-06-12,1900-01-01 13:45:00,13:45,False,False,False,False,True,False,True,False,False,False,False,False,False,quantidade_nao_positiva_ou_nula;valor_total_nao_positivo,False,True,2025,6,Junho,2025-06,T2,Quinta,12,Tarde,-45.92,11.48,11.48,Sem Promocao,True,6
5808,2025-05-01,14,Pote,Açaí,0,0.0,Da Paz,ES,App,False,CLI4185,2025-05-01,1900-01-01 14:45:00,14:45,False,False,False,False,True,False,True,False,False,False,False,False,False,quantidade_nao_positiva_ou_nula;valor_total_nao_positivo,False,False,2025,5,Maio,2025-05,T2,Quinta,1,Tarde,0.0,,,Sem Promocao,True,3
5828,2025-03-27,11,Pote,Cookies,0,0.0,Lima De Aragão,SP,Parceiro,True,CLI2570,2025-03-27,1900-01-01 11:45:00,11:45,False,False,False,False,True,False,True,False,False,False,False,False,False,quantidade_nao_positiva_ou_nula;valor_total_nao_positivo,False,False,2025,3,Marco,2025-03,T1,Quinta,27,Manha,0.0,,,Com Promocao,True,9
5932,2025-08-07,16,Pote,Açaí,-1,-13.03,Novaes Do Sul,RS,Loja Física,False,CLI7920,2025-08-07,1900-01-01 16:30:00,16:30,False,False,False,False,True,False,True,False,False,False,False,False,False,quantidade_nao_positiva_ou_nula;valor_total_nao_positivo,False,False,2025,8,Agosto,2025-08,T3,Quinta,7,Tarde,-13.03,13.03,13.03,Sem Promocao,True,7
5934,2025-06-06,16,Casquinha,Menta,-5,-58.8,Das Neves,GO,App,False,CLI7504,2025-06-06,1900-01-01 16:30:00,16:30,False,False,False,False,True,False,True,False,False,False,False,False,False,quantidade_nao_positiva_ou_nula;valor_total_nao_positivo,False,True,2025,6,Junho,2025-06,T2,Sexta,6,Tarde,-58.8,11.76,11.76,Sem Promocao,True,6
5977,2025-06-10,9,Picolé,Nao Informado,1,,Nao Informado,MT,Loja Física,False,CLI3083,2025-06-10,1900-01-01 09:00:00,09:00,True,True,False,False,False,True,True,False,False,False,False,False,False,valor_total_nulo,False,False,2025,6,Junho,2025-06,T2,Terca,10,Manha,,,,Sem Promocao,True,9
6011,2025-04-20,14,Sundae,Menta,-2,-18.38,Teixeira De Goiás,MS,App,True,CLI3069,2025-04-20,1900-01-01 14:30:00,14:30,False,False,False,False,True,False,True,False,False,False,False,False,False,quantidade_nao_positiva_ou_nula;valor_total_nao_positivo,False,False,2025,4,Abril,2025-04,T2,Domingo,20,Tarde,-18.38,9.19,9.19,Com Promocao,True,6
6047,2025-03-01,19,Milkshake,Nao Informado,1,,Nao Informado,PB,Loja Física,True,CLI3882,2025-03-01,1900-01-01 19:00:00,19:00,True,True,False,False,False,True,True,False,False,False,False,False,False,valor_total_nulo,False,False,2025,3,Marco,2025-03,T1,Sabado,1,Noite,,,,Com Promocao,True,10
6076,2025-05-21,9,Pote,Açaí,-5,-60.75,Pastor Da Praia,AP,Parceiro,False,CLI9261,2025-05-21,1900-01-01 09:15:00,09:15,False,False,False,False,True,False,True,False,False,False,False,False,False,quantidade_nao_positiva_ou_nula;valor_total_nao_positivo,False,True,2025,5,Maio,2025-05,T2,Quarta,21,Manha,-60.75,12.15,12.15,Sem Promocao,True,7
6091,2025-07-27,18,Pote,Limão,-1,-8.45,Macedo,DF,App,True,CLI9376,2025-07-27,1900-01-01 18:30:00,18:30,False,False,False,False,True,False,True,False,False,False,False,False,False,quantidade_nao_positiva_ou_nula;valor_total_nao_positivo,False,False,2025,7,Julho,2025-07,T3,Domingo,27,Noite,-8.45,8.45,8.45,Com Promocao,True,6
6155,2025-03-04,14,Milkshake,Baunilha,-2,-20.48,Castro Da Praia,RR,App,False,CLI2216,2025-03-04,1900-01-01 14:30:00,14:30,False,False,False,False,True,False,True,False,False,False,False,False,False,quantidade_nao_positiva_ou_nula;valor_total_nao_positivo,False,False,2025,3,Marco,2025-03,T1,Terca,4,Tarde,-20.48,10.24,10.24,Sem Promocao,True,9
6175,2025-03-27,10,Milkshake,Nao Informado,5,,Nao Informado,AM,Loja Física,True,CLI2919,2025-03-27,1900-01-01 10:00:00,10:00,True,True,False,False,False,True,True,False,False,False,False,False,False,valor_total_nulo,False,False,2025,3,Marco,2025-03,T1,Quinta,27,Manha,,,,Com Promocao,True,5
6198,2025-07-24,14,Sundae,Caramelo,-1,-7.48,Mendes Verde,SE,Parceiro,False,CLI8762,2025-07-24,1900-01-01 14:15:00,14:15,False,False,False,False,True,False,True,False,False,False,False,False,False,quantidade_nao_positiva_ou_nula;valor_total_nao_positivo,False,False,2025,7,Julho,2025-07,T3,Quinta,24,Tarde,-7.48,7.48,7.48,Sem Promocao,True,2
6215,2025-07-16,16,Picolé,Limão,0,0.0,Cardoso Verde,RJ,Parceiro,True,CLI1163,2025-07-16,1900-01-01 16:00:00,16:00,False,False,False,False,True,False,True,False,False,False,False,False,False,quantidade_nao_positiva_ou_nula;valor_total_nao_positivo,False,False,2025,7,Julho,2025-07,T3,Quarta,16,Tarde,0.0,,,Com Promocao,True,6
6289,2025-04-25,12,Sundae,Baunilha,-1,-4.24,Freitas Do Galho,AC,Parceiro,True,CLI5182,2025-04-25,1900-01-01 12:00:00,12:00,False,False,False,False,True,False,True,False,False,False,False,False,False,quantidade_nao_positiva_ou_nula;valor_total_nao_positivo,False,False,2025,4,Abril,2025-04,T2,Sexta,25,Tarde,-4.24,4.24,4.24,Com Promocao,True,2
6292,2025-06-08,14,Milkshake,Limão,-1,-10.75,Novaes Verde,MG,App,False,CLI1352,2025-06-08,1900-01-01 14:00:00,14:00,False,False,False,False,True,False,True,False,False,False,False,False,False,quantidade_nao_positiva_ou_nula;valor_total_nao_positivo,False,False,2025,6,Junho,2025-06,T2,Domingo,8,Tarde,-10.75,10.75,10.75,Sem Promocao,True,4
6307,2025-07-22,10,Milkshake,Cookies,-3,-39.18,Campinas,MT,Loja Física,False,CLI4432,2025-07-22,1900-01-01 10:45:00,10:45,False,False,False,False,True,False,True,False,False,False,False,False,False,quantidade_nao_positiva_ou_nula;valor_total_nao_positivo,False,True,2025,7,Julho,2025-07,T3,Terca,22,Manha,-39.18,13.06,13.06,Sem Promocao,True,8
6319,2025-08-14,15,Casquinha,Açaí,-3,-21.36,Siqueira,MA,Parceiro,False,CLI4233,2025-08-14,1900-01-01 15:00:00,15:00,False,False,False,False,True,False,True,False,False,False,False,False,False,quantidade_nao_positiva_ou_nula;valor_total_nao_positivo,False,False,2025,8,Agosto,2025-08,T3,Quinta,14,Tarde,-21.36,7.12,7.12,Sem Promocao,True,6
6376,2025-04-07,11,Picolé,Chocolate,-2,-19.84,Costa,RS,Loja Física,True,CLI9152,2025-04-07,1900-01-01 11:30:00,11:30,False,False,False,False,True,False,True,False,False,False,False,False,False,quantidade_nao_positiva_ou_nula;valor_total_nao_positivo,False,False,2025,4,Abril,2025-04,T2,Segunda,7,Manha,-19.84,9.92,9.92,Com Promocao,True,11
6416,2025-04-29,10,Sundae,Limão,-2,-11.45,Cirino Do Amparo,PA,Parceiro,True,CLI1226,2025-04-29,1900-01-01 10:00:00,10:00,False,False,False,False,True,False,True,False,False,False,False,False,False,quantidade_nao_positiva_ou_nula;valor_total_nao_positivo,False,False,2025,4,Abril,2025-04,T2,Terca,29,Manha,-11.45,5.72,5.72,Com Promocao,True,6
6420,2025-07-30,18,Casquinha,Caramelo,-5,-52.79,Correia Dos Dourados,SP,Loja Física,True,CLI4929,2025-07-30,1900-01-01 18:15:00,18:15,False,False,False,False,True,False,True,False,False,False,False,False,False,quantidade_nao_positiva_ou_nula;valor_total_nao_positivo,False,True,2025,7,Julho,2025-07,T3,Quarta,30,Noite,-52.79,10.56,10.56,Com Promocao,True,4
6506,2025-04-03,9,Picolé,Nao Informado,4,,Nao Informado,SE,App,True,CLI7831,2025-04-03,1900-01-01 09:15:00,09:15,True,True,False,False,False,True,True,False,False,False,False,False,False,valor_total_nulo,False,False,2025,4,Abril,2025-04,T2,Quinta,3,Manha,,,,Com Promocao,True,3
6577,2025-04-09,14,Pote,Limão,0,0.0,Castro Do Galho,RN,Parceiro,False,CLI5622,2025-04-09,1900-01-01 14:30:00,14:30,False,False,False,False,True,False,True,False,False,False,False,False,False,quantidade_nao_positiva_ou_nula;valor_total_nao_positivo,False,False,2025,4,Abril,2025-04,T2,Quarta,9,Tarde,0.0,,,Sem Promocao,True,3
6691,2025-05-11,18,Pote,Cookies,0,0.0,Nascimento,AL,Parceiro,False,CLI4022,2025-05-11,1900-01-01 18:15:00,18:15,False,False,False,False,True,False,True,False,False,False,False,False,False,quantidade_nao_positiva_ou_nula;valor_total_nao_positivo,False,False,2025,5,Maio,2025-05,T2,Domingo,11,Noite,0.0,,,Sem Promocao,True,5
6740,2025-02-25,20,Sundae,Chocolate,0,0.0,Lopes De Casa Grande,RR,Parceiro,False,CLI4939,2025-02-25,1900-01-01 20:45:00,20:45,False,False,False,False,True,False,True,False,False,False,False,False,False,quantidade_nao_positiva_ou_nula;valor_total_nao_positivo,False,False,2025,2,Fevereiro,2025-02,T1,Terca,25,Noite,0.0,,,Sem Promocao,True,10
6742,2025-06-08,22,Sundae,Cookies,-1,-5.42,Andrade,RO,Parceiro,True,CLI2698,2025-06-08,1900-01-01 22:00:00,22:00,False,False,False,False,True,False,True,False,False,False,False,False,False,quantidade_nao_positiva_ou_nula;valor_total_nao_positivo,False,False,2025,6,Junho,2025-06,T2,Domingo,8,Noite,-5.42,5.42,5.42,Com Promocao,True,8
6758,2025-05-04,18,Casquinha,Nao Informado,3,,Nao Informado,PR,App,True,CLI9135,2025-05-04,1900-01-01 18:30:00,18:30,True,True,False,False,False,True,True,False,False,False,False,False,False,valor_total_nulo,False,False,2025,5,Maio,2025-05,T2,Domingo,4,Noite,,,,Com Promocao,True,5
6797,2025-08-11,8,Pote,Nao Informado,1,,Nao Informado,SP,Parceiro,False,CLI6573,2025-08-11,1900-01-01 08:45:00,08:45,True,True,False,False,False,True,True,False,False,False,False,False,False,valor_total_nulo,False,False,2025,8,Agosto,2025-08,T3,Segunda,11,Manha,,,,Sem Promocao,True,10
6800,2025-04-13,14,Casquinha,Nao Informado,4,,Nao Informado,RS,App,False,CLI3077,2025-04-13,1900-01-01 14:45:00,14:45,True,True,False,False,False,True,True,False,False,False,False,False,False,valor_total_nulo,False,False,2025,4,Abril,2025-04,T2,Domingo,13,Tarde,,,,Sem Promocao,True,5
6924,2025-03-01,22,Milkshake,Chocolate,-5,-40.43,Campinas,MT,Parceiro,True,CLI9223,2025-03-01,1900-01-01 22:30:00,22:30,False,False,False,False,True,False,True,False,False,False,False,False,False,quantidade_nao_positiva_ou_nula;valor_total_nao_positivo,False,True,2025,3,Marco,2025-03,T1,Sabado,1,Noite,-40.43,8.09,8.09,Com Promocao,True,4
6950,2025-06-29,20,Milkshake,Nao Informado,5,,Nao Informado,RR,App,True,CLI7728,2025-06-29,1900-01-01 20:15:00,20:15,True,True,False,False,False,True,True,False,False,False,False,False,False,valor_total_nulo,False,False,2025,6,Junho,2025-06,T2,Domingo,29,Noite,,,,Com Promocao,True,6
7081,2025-04-22,22,Pote,Nao Informado,5,,Nao Informado,GO,Parceiro,True,CLI6333,2025-04-22,1900-01-01 22:30:00,22:30,True,True,False,False,False,True,True,False,False,False,False,False,False,valor_total_nulo,False,False,2025,4,Abril,2025-04,T2,Terca,22,Noite,,,,Com Promocao,True,5
7144,2025-03-02,19,Sundae,Limão,-1,-5.71,Lima Das Pedras,SP,App,False,CLI5532,2025-03-02,1900-01-01 19:45:00,19:45,False,False,False,False,True,False,True,False,False,False,False,False,False,quantidade_nao_positiva_ou_nula;valor_total_nao_positivo,False,False,2025,3,Marco,2025-03,T1,Domingo,2,Noite,-5.71,5.71,5.71,Sem Promocao,True,9
7194,2025-06-25,14,Casquinha,Caramelo,-4,-29.24,Rezende,AC,App,False,CLI1845,2025-06-25,1900-01-01 14:15:00,14:15,False,False,False,False,True,False,True,False,False,False,False,False,False,quantidade_nao_positiva_ou_nula;valor_total_nao_positivo,False,True,2025,6,Junho,2025-06,T2,Quarta,25,Tarde,-29.24,7.31,7.31,Sem Promocao,True,3
7208,2025-06-08,20,Picolé,Cookies,-4,-22.92,Novaes,AM,Parceiro,False,CLI4679,2025-06-08,1900-01-01 20:15:00,20:15,False,False,False,False,True,False,True,False,False,False,False,False,False,quantidade_nao_positiva_ou_nula;valor_total_nao_positivo,False,True,2025,6,Junho,2025-06,T2,Domingo,8,Noite,-22.92,5.73,5.73,Sem Promocao,True,7
7242,2025-08-02,10,Casquinha,Limão,0,0.0,Cirino De Rios,BA,Loja Física,False,CLI4369,2025-08-02,1900-01-01 10:45:00,10:45,False,False,False,False,True,False,True,False,False,False,False,False,False,quantidade_nao_positiva_ou_nula;valor_total_nao_positivo,False,False,2025,8,Agosto,2025-08,T3,Sabado,2,Manha,0.0,,,Sem Promocao,True,6
7248,2025-06-28,14,Pote,Baunilha,-4,-42.08,Barros,MS,Loja Física,False,CLI9164,2025-06-28,1900-01-01 14:30:00,14:30,False,False,False,False,True,False,True,False,False,False,False,False,False,quantidade_nao_positiva_ou_nula;valor_total_nao_positivo,False,True,2025,6,Junho,2025-06,T2,Sabado,28,Tarde,-42.08,10.52,10.52,Sem Promocao,True,8
7282,2025-03-26,14,Pote,Caramelo,-4,-39.57,Moraes,AM,App,True,CLI9744,2025-03-26,1900-01-01 14:15:00,14:15,False,False,False,False,True,False,True,False,False,False,False,False,False,quantidade_nao_positiva_ou_nula;valor_total_nao_positivo,False,True,2025,3,Marco,2025-03,T1,Quarta,26,Tarde,-39.57,9.89,9.89,Com Promocao,True,7
7314,2025-03-27,8,Picolé,Nao Informado,3,,Nao Informado,AL,Parceiro,True,CLI6522,2025-03-27,1900-01-01 08:00:00,08:00,True,True,False,False,False,True,True,False,False,False,False,False,False,valor_total_nulo,False,False,2025,3,Marco,2025-03,T1,Quinta,27,Manha,,,,Com Promocao,True,3
7341,2025-07-29,14,Pote,Cookies,0,0.0,Sampaio Dos Dourados,BA,Loja Física,True,CLI4060,2025-07-29,1900-01-01 14:15:00,14:15,False,False,False,False,True,False,True,False,False,False,False,False,False,quantidade_nao_positiva_ou_nula;valor_total_nao_positivo,False,False,2025,7,Julho,2025-07,T3,Terca,29,Tarde,0.0,,,Com Promocao,True,10
7381,2025-06-24,9,Sundae,Açaí,0,0.0,Cirino De Andrade,SP,App,True,CLI5925,2025-06-24,1900-01-01 09:30:00,09:30,False,False,False,False,True,False,True,False,False,False,False,False,False,quantidade_nao_positiva_ou_nula;valor_total_nao_positivo,False,False,2025,6,Junho,2025-06,T2,Terca,24,Manha,0.0,,,Com Promocao,True,8
7434,2025-07-07,12,Casquinha,Nao Informado,0,,Nao Informado,GO,App,True,CLI5385,2025-07-07,1900-01-01 12:15:00,12:15,True,True,False,False,True,True,True,False,False,False,False,False,False,quantidade_nao_positiva_ou_nula;valor_total_nulo,False,False,2025,7,Julho,2025-07,T3,Segunda,7,Tarde,,,,Com Promocao,True,6
7450,2025-08-12,11,Casquinha,Cookies,-1,-8.07,Rezende,RS,Loja Física,True,CLI8135,2025-08-12,1900-01-01 11:00:00,11:00,False,False,False,False,True,False,True,False,False,False,False,False,False,quantidade_nao_positiva_ou_nula;valor_total_nao_positivo,False,False,2025,8,Agosto,2025-08,T3,Terca,12,Manha,-8.07,8.07,8.07,Com Promocao,True,3
7537,2025-08-18,16,Sundae,Nao Informado,4,,Nao Informado,AL,App,False,CLI6792,2025-08-18,1900-01-01 16:30:00,16:30,True,True,False,False,False,True,True,False,False,False,False,False,False,valor_total_nulo,False,False,2025,8,Agosto,2025-08,T3,Segunda,18,Tarde,,,,Sem Promocao,True,10
7538,2025-06-13,20,Milkshake,Cookies,-1,-12.53,Correia,PB,Parceiro,False,CLI3502,2025-06-13,1900-01-01 20:30:00,20:30,False,False,False,False,True,False,True,False,False,False,False,False,False,quantidade_nao_positiva_ou_nula;valor_total_nao_positivo,False,False,2025,6,Junho,2025-06,T2,Sexta,13,Noite,-12.53,12.53,12.53,Sem Promocao,True,8
7574,2025-05-12,22,Picolé,Chocolate,0,0.0,Cardoso,RJ,Parceiro,True,CLI5360,2025-05-12,1900-01-01 22:30:00,22:30,False,False,False,False,True,False,True,False,False,False,False,False,False,quantidade_nao_positiva_ou_nula;valor_total_nao_positivo,False,False,2025,5,Maio,2025-05,T2,Segunda,12,Noite,0.0,,,Com Promocao,True,10
7648,2025-03-27,19,Casquinha,Cookies,-1,-8.12,Farias,PE,App,False,CLI4404,2025-03-27,1900-01-01 19:45:00,19:45,False,False,False,False,True,False,True,False,False,False,False,False,False,quantidade_nao_positiva_ou_nula;valor_total_nao_positivo,False,False,2025,3,Marco,2025-03,T1,Quinta,27,Noite,-8.12,8.12,8.12,Sem Promocao,True,4
7678,2025-03-04,11,Picolé,Cookies,-1,-8.91,Alves De Aragão,SC,Loja Física,True,CLI8010,2025-03-04,1900-01-01 11:15:00,11:15,False,False,False,False,True,False,True,False,False,False,False,False,False,quantidade_nao_positiva_ou_nula;valor_total_nao_positivo,False,False,2025,3,Marco,2025-03,T1,Terca,4,Manha,-8.91,8.91,8.91,Com Promocao,True,6
7740,2025-07-17,20,Milkshake,Menta,0,0.0,Da Mota,TO,Loja Física,False,CLI3036,2025-07-17,1900-01-01 20:45:00,20:45,False,False,False,False,True,False,True,False,False,False,False,False,False,quantidade_nao_positiva_ou_nula;valor_total_nao_positivo,False,False,2025,7,Julho,2025-07,T3,Quinta,17,Noite,0.0,,,Sem Promocao,True,8
7769,2025-06-17,10,Sundae,Cookies,-1,-14.88,Sousa,RR,App,False,CLI3071,2025-06-17,1900-01-01 10:45:00,10:45,False,False,False,False,True,False,True,False,False,False,False,False,False,quantidade_nao_positiva_ou_nula;valor_total_nao_positivo,False,False,2025,6,Junho,2025-06,T2,Terca,17,Manha,-14.88,14.88,14.88,Sem Promocao,False,1
7772,2025-06-28,19,Casquinha,Cookies,-1,-6.65,Silveira Da Praia,PA,Parceiro,True,CLI2261,2025-06-28,1900-01-01 19:00:00,19:00,False,False,False,False,True,False,True,False,False,False,False,False,False,quantidade_nao_positiva_ou_nula;valor_total_nao_positivo,False,False,2025,6,Junho,2025-06,T2,Sabado,28,Noite,-6.65,6.65,6.65,Com Promocao,True,9
7788,2025-07-18,13,Sundae,Nao Informado,3,,Nao Informado,BA,Loja Física,True,CLI1451,2025-07-18,1900-01-01 13:00:00,13:00,True,True,False,False,False,True,True,False,False,False,False,False,False,valor_total_nulo,False,False,2025,7,Julho,2025-07,T3,Sexta,18,Tarde,,,,Com Promocao,True,11
7827,2025-05-23,18,Pote,Nao Informado,5,,Nao Informado,CE,Parceiro,False,CLI2370,2025-05-23,1900-01-01 18:15:00,18:15,True,True,False,False,False,True,True,False,False,False,False,False,False,valor_total_nulo,False,False,2025,5,Maio,2025-05,T2,Sexta,23,Noite,,,,Sem Promocao,True,5
7842,2025-04-11,16,Pote,Chocolate,0,0.0,Nogueira Do Campo,RN,Parceiro,True,CLI7805,2025-04-11,1900-01-01 16:00:00,16:00,False,False,False,False,True,False,True,False,False,False,False,False,False,quantidade_nao_positiva_ou_nula;valor_total_nao_positivo,False,False,2025,4,Abril,2025-04,T2,Sexta,11,Tarde,0.0,,,Com Promocao,True,6
7879,2025-06-14,12,Sundae,Nao Informado,3,,Nao Informado,PA,Parceiro,True,CLI2550,2025-06-14,1900-01-01 12:15:00,12:15,True,True,False,False,False,True,True,False,False,False,False,False,False,valor_total_nulo,False,False,2025,6,Junho,2025-06,T2,Sabado,14,Tarde,,,,Com Promocao,True,6
7890,2025-04-01,10,Pote,Nao Informado,1,,Nao Informado,MS,App,True,CLI5515,2025-04-01,1900-01-01 10:15:00,10:15,True,True,False,False,False,True,True,False,False,False,False,False,False,valor_total_nulo,False,False,2025,4,Abril,2025-04,T2,Terca,1,Manha,,,,Com Promocao,True,6
8001,2025-05-26,19,Picolé,Nao Informado,1,,Nao Informado,ES,App,False,CLI1018,2025-05-26,1900-01-01 19:30:00,19:30,True,True,False,False,False,True,True,False,False,False,False,False,False,valor_total_nulo,False,False,2025,5,Maio,2025-05,T2,Segunda,26,Noite,,,,Sem Promocao,True,7
8019,2025-03-14,15,Casquinha,Caramelo,0,0.0,Souza,MS,Loja Física,True,CLI9903,2025-03-14,1900-01-01 15:45:00,15:45,False,False,False,False,True,False,True,False,False,False,False,False,False,quantidade_nao_positiva_ou_nula;valor_total_nao_positivo,False,False,2025,3,Marco,2025-03,T1,Sexta,14,Tarde,0.0,,,Com Promocao,True,3
8091,2025-05-04,22,Picolé,Cookies,-1,-9.54,Lima Alegre,MS,Parceiro,False,CLI1265,2025-05-04,1900-01-01 22:00:00,22:00,False,False,False,False,True,False,True,False,False,False,False,False,False,quantidade_nao_positiva_ou_nula;valor_total_nao_positivo,False,False,2025,5,Maio,2025-05,T2,Domingo,4,Noite,-9.54,9.54,9.54,Sem Promocao,True,8
8108,2025-05-15,12,Milkshake,Menta,-2,-18.24,Costela Verde,PA,App,False,CLI7303,2025-05-15,1900-01-01 12:30:00,12:30,False,False,False,False,True,False,True,False,False,False,False,False,False,quantidade_nao_positiva_ou_nula;valor_total_nao_positivo,False,False,2025,5,Maio,2025-05,T2,Quinta,15,Tarde,-18.24,9.12,9.12,Sem Promocao,True,8
8118,2025-06-15,15,Milkshake,Caramelo,0,0.0,Monteiro De Costa,SC,App,True,CLI9536,2025-06-15,1900-01-01 15:30:00,15:30,False,False,False,False,True,False,True,False,False,False,False,False,False,quantidade_nao_positiva_ou_nula;valor_total_nao_positivo,False,False,2025,6,Junho,2025-06,T2,Domingo,15,Tarde,0.0,,,Com Promocao,True,9
8126,2025-07-18,16,Picolé,Nao Informado,5,,Nao Informado,AM,App,False,CLI2915,2025-07-18,1900-01-01 16:45:00,16:45,True,True,False,False,False,True,True,False,False,False,False,False,False,valor_total_nulo,False,False,2025,7,Julho,2025-07,T3,Sexta,18,Tarde,,,,Sem Promocao,True,4
8170,2025-07-06,10,Picolé,Morango,-1,-14.35,Cardoso Dos Dourados,RJ,Loja Física,False,CLI5240,2025-07-06,1900-01-01 10:30:00,10:30,False,False,False,False,True,False,True,False,False,False,False,False,False,quantidade_nao_positiva_ou_nula;valor_total_nao_positivo,False,False,2025,7,Julho,2025-07,T3,Domingo,6,Manha,-14.35,14.35,14.35,Sem Promocao,True,12
8172,2025-07-20,9,Sundae,Açaí,-1,-10.1,Moura,TO,Parceiro,True,CLI7578,2025-07-20,1900-01-01 09:15:00,09:15,False,False,False,False,True,False,True,False,False,False,False,False,False,quantidade_nao_positiva_ou_nula;valor_total_nao_positivo,False,False,2025,7,Julho,2025-07,T3,Domingo,20,Manha,-10.1,10.1,10.1,Com Promocao,True,10
8220,2025-03-21,22,Sundae,Chocolate,-4,-58.2,Viana,SE,Parceiro,False,CLI9592,2025-03-21,1900-01-01 22:30:00,22:30,False,False,False,False,True,False,True,False,False,False,False,False,False,quantidade_nao_positiva_ou_nula;valor_total_nao_positivo,False,True,2025,3,Marco,2025-03,T1,Sexta,21,Noite,-58.2,14.55,14.55,Sem Promocao,True,9
8230,2025-05-27,14,Pote,Caramelo,0,0.0,Moraes Do Sul,TO,Parceiro,True,CLI9287,2025-05-27,1900-01-01 14:45:00,14:45,False,False,False,False,True,False,True,False,False,False,False,False,False,quantidade_nao_positiva_ou_nula;valor_total_nao_positivo,False,False,2025,5,Maio,2025-05,T2,Terca,27,Tarde,0.0,,,Com Promocao,True,6
8248,2025-05-03,9,Casquinha,Açaí,0,0.0,Carvalho,RJ,Parceiro,True,CLI9520,2025-05-03,1900-01-01 09:45:00,09:45,False,False,False,False,True,False,True,False,False,False,False,False,False,quantidade_nao_positiva_ou_nula;valor_total_nao_positivo,False,False,2025,5,Maio,2025-05,T2,Sabado,3,Manha,0.0,,,Com Promocao,True,4
8254,2025-05-10,16,Picolé,Nao Informado,5,,Nao Informado,SC,App,False,CLI1700,2025-05-10,1900-01-01 16:45:00,16:45,True,True,False,False,False,True,True,False,False,False,False,False,False,valor_total_nulo,False,False,2025,5,Maio,2025-05,T2,Sabado,10,Tarde,,,,Sem Promocao,True,5
8372,2025-04-05,13,Sundae,Baunilha,-1,-5.08,Freitas,AP,App,False,CLI9031,2025-04-05,1900-01-01 13:45:00,13:45,False,False,False,False,True,False,True,False,False,False,False,False,False,quantidade_nao_positiva_ou_nula;valor_total_nao_positivo,False,False,2025,4,Abril,2025-04,T2,Sabado,5,Tarde,-5.08,5.08,5.08,Sem Promocao,True,14
8411,2025-07-09,13,Sundae,Chocolate,-2,-15.68,Das Neves Das Pedras,PB,Parceiro,True,CLI9646,2025-07-09,1900-01-01 13:30:00,13:30,False,False,False,False,True,False,True,False,False,False,False,False,False,quantidade_nao_positiva_ou_nula;valor_total_nao_positivo,False,False,2025,7,Julho,2025-07,T3,Quarta,9,Tarde,-15.68,7.84,7.84,Com Promocao,True,9
8463,2025-05-19,18,Milkshake,Limão,-4,-59.12,Aragão Das Flores,RR,App,False,CLI3812,2025-05-19,1900-01-01 18:15:00,18:15,False,False,False,False,True,False,True,False,False,False,False,False,False,quantidade_nao_positiva_ou_nula;valor_total_nao_positivo,False,True,2025,5,Maio,2025-05,T2,Segunda,19,Noite,-59.12,14.78,14.78,Sem Promocao,True,5
8493,2025-08-14,13,Casquinha,Menta,-2,-13.7,Aragão De Machado,MS,Parceiro,False,CLI4237,2025-08-14,1900-01-01 13:15:00,13:15,False,False,False,False,True,False,True,False,False,False,False,False,False,quantidade_nao_positiva_ou_nula;valor_total_nao_positivo,False,False,2025,8,Agosto,2025-08,T3,Quinta,14,Tarde,-13.7,6.85,6.85,Sem Promocao,True,7
8517,2025-05-27,15,Picolé,Nao Informado,4,,Nao Informado,PA,Loja Física,True,CLI3328,2025-05-27,1900-01-01 15:30:00,15:30,True,True,False,False,False,True,True,False,False,False,False,False,False,valor_total_nulo,False,False,2025,5,Maio,2025-05,T2,Terca,27,Tarde,,,,Com Promocao,True,6
8529,2025-04-02,21,Picolé,Chocolate,-2,-23.7,Novaes,RN,App,False,CLI5778,2025-04-02,1900-01-01 21:15:00,21:15,False,False,False,False,True,False,True,False,False,False,False,False,False,quantidade_nao_positiva_ou_nula;valor_total_nao_positivo,False,True,2025,4,Abril,2025-04,T2,Quarta,2,Noite,-23.7,11.85,11.85,Sem Promocao,True,9
8583,2025-06-22,18,Pote,Nao Informado,4,,Nao Informado,MS,Loja Física,False,CLI4220,2025-06-22,1900-01-01 18:30:00,18:30,True,True,False,False,False,True,True,False,False,False,False,False,False,valor_total_nulo,False,False,2025,6,Junho,2025-06,T2,Domingo,22,Noite,,,,Sem Promocao,True,5
8593,2025-05-26,17,Milkshake,Cookies,-5,-27.35,Andrade Do Campo,ES,App,False,CLI8046,2025-05-26,1900-01-01 17:00:00,17:00,False,False,False,False,True,False,True,False,False,False,False,False,False,quantidade_nao_positiva_ou_nula;valor_total_nao_positivo,False,True,2025,5,Maio,2025-05,T2,Segunda,26,Tarde,-27.35,5.47,5.47,Sem Promocao,True,4
8599,2025-03-02,15,Milkshake,Nao Informado,3,,Nao Informado,PR,App,True,CLI9123,2025-03-02,1900-01-01 15:45:00,15:45,True,True,False,False,False,True,True,False,False,False,False,False,False,valor_total_nulo,False,False,2025,3,Marco,2025-03,T1,Domingo,2,Tarde,,,,Com Promocao,True,5
8600,2025-04-14,10,Milkshake,Limão,-1,-5.54,Cavalcante,AL,Parceiro,False,CLI4449,2025-04-14,1900-01-01 10:00:00,10:00,False,False,False,False,True,False,True,False,False,False,False,False,False,quantidade_nao_positiva_ou_nula;valor_total_nao_positivo,False,False,2025,4,Abril,2025-04,T2,Segunda,14,Manha,-5.54,5.54,5.54,Sem Promocao,True,10
8610,2025-04-16,14,Pote,Nao Informado,1,,Nao Informado,MT,Parceiro,True,CLI3183,2025-04-16,1900-01-01 14:30:00,14:30,True,True,False,False,False,True,True,False,False,False,False,False,False,valor_total_nulo,False,False,2025,4,Abril,2025-04,T2,Quarta,16,Tarde,,,,Com Promocao,True,7
8611,2025-05-08,18,Milkshake,Nao Informado,4,,Nao Informado,PA,Parceiro,True,CLI3964,2025-05-08,1900-01-01 18:30:00,18:30,True,True,False,False,False,True,True,False,False,False,False,False,False,valor_total_nulo,False,False,2025,5,Maio,2025-05,T2,Quinta,8,Noite,,,,Com Promocao,True,6
8618,2025-06-13,18,Milkshake,Caramelo,-6,-89.82,Campinas,TO,App,False,CLI2389,2025-06-13,1900-01-01 18:15:00,18:15,False,False,False,False,True,False,True,False,False,False,False,False,False,quantidade_nao_positiva_ou_nula;valor_total_nao_positivo,False,True,2025,6,Junho,2025-06,T2,Sexta,13,Noite,-89.82,14.97,14.97,Sem Promocao,True,4
8668,2025-07-08,18,Picolé,Chocolate,-1,-7.45,Da Conceição De Lopes,RN,App,False,CLI3941,2025-07-08,1900-01-01 18:00:00,18:00,False,False,False,False,True,False,True,False,False,False,False,False,False,quantidade_nao_positiva_ou_nula;valor_total_nao_positivo,False,False,2025,7,Julho,2025-07,T3,Terca,8,Noite,-7.45,7.45,7.45,Sem Promocao,True,5
8791,2025-04-04,10,Pote,Nao Informado,3,,Nao Informado,RO,Parceiro,True,CLI4522,2025-04-04,1900-01-01 10:15:00,10:15,True,True,False,False,False,True,True,False,False,False,False,False,False,valor_total_nulo,False,False,2025,4,Abril,2025-04,T2,Sexta,4,Manha,,,,Com Promocao,True,5
8819,2025-07-19,13,Milkshake,Caramelo,-4,-34.8,Andrade,DF,Parceiro,True,CLI3545,2025-07-19,1900-01-01 13:15:00,13:15,False,False,False,False,True,False,True,False,False,False,False,False,False,quantidade_nao_positiva_ou_nula;valor_total_nao_positivo,False,True,2025,7,Julho,2025-07,T3,Sabado,19,Tarde,-34.8,8.7,8.7,Com Promocao,True,6
8868,2025-04-03,18,Sundae,Nao Informado,3,,Nao Informado,SC,App,False,CLI7294,2025-04-03,1900-01-01 18:30:00,18:30,True,True,False,False,False,True,True,False,False,False,False,False,False,valor_total_nulo,False,False,2025,4,Abril,2025-04,T2,Quinta,3,Noite,,,,Sem Promocao,True,7
8873,2025-06-17,17,Milkshake,Açaí,-1,-4.8,Carvalho Das Pedras,RR,Loja Física,True,CLI8310,2025-06-17,1900-01-01 17:45:00,17:45,False,False,False,False,True,False,True,False,False,False,False,False,False,quantidade_nao_positiva_ou_nula;valor_total_nao_positivo,False,False,2025,6,Junho,2025-06,T2,Terca,17,Tarde,-4.8,4.8,4.8,Com Promocao,True,7
8889,2025-08-12,19,Casquinha,Açaí,-4,-39.83,Porto De Gonçalves,RO,App,True,CLI8550,2025-08-12,1900-01-01 19:30:00,19:30,False,False,False,False,True,False,True,False,False,False,False,False,False,quantidade_nao_positiva_ou_nula;valor_total_nao_positivo,False,True,2025,8,Agosto,2025-08,T3,Terca,12,Noite,-39.83,9.96,9.96,Com Promocao,True,12
8989,2025-07-17,8,Pote,Limão,-1,-5.39,Novais Da Prata,AL,Loja Física,True,CLI3424,2025-07-17,1900-01-01 08:00:00,08:00,False,False,False,False,True,False,True,False,False,False,False,False,False,quantidade_nao_positiva_ou_nula;valor_total_nao_positivo,False,False,2025,7,Julho,2025-07,T3,Quinta,17,Manha,-5.39,5.39,5.39,Com Promocao,True,9
9005,2025-05-15,14,Picolé,Limão,-1,-10.41,Mendes De Novais,CE,Parceiro,True,CLI3587,2025-05-15,1900-01-01 14:00:00,14:00,False,False,False,False,True,False,True,False,False,False,False,False,False,quantidade_nao_positiva_ou_nula;valor_total_nao_positivo,False,False,2025,5,Maio,2025-05,T2,Quinta,15,Tarde,-10.41,10.41,10.41,Com Promocao,True,5
9024,2025-08-05,12,Sundae,Morango,-1,-9.97,Barbosa,RJ,Loja Física,False,CLI5230,2025-08-05,1900-01-01 12:15:00,12:15,False,False,False,False,True,False,True,False,False,False,False,False,False,quantidade_nao_positiva_ou_nula;valor_total_nao_positivo,False,False,2025,8,Agosto,2025-08,T3,Terca,5,Tarde,-9.97,9.97,9.97,Sem Promocao,True,7
9086,2025-03-05,11,Picolé,Morango,-1,-10.57,Da Mata Do Amparo,MG,App,False,CLI8785,2025-03-05,1900-01-01 11:15:00,11:15,False,False,False,False,True,False,True,False,False,False,False,False,False,quantidade_nao_positiva_ou_nula;valor_total_nao_positivo,False,False,2025,3,Marco,2025-03,T1,Quarta,5,Manha,-10.57,10.57,10.57,Sem Promocao,True,9
9128,2025-03-09,10,Sundae,Chocolate,-1,-12.95,Viana De Rocha,RJ,Parceiro,True,CLI5227,2025-03-09,1900-01-01 10:15:00,10:15,False,False,False,False,True,False,True,False,False,False,False,False,False,quantidade_nao_positiva_ou_nula;valor_total_nao_positivo,False,False,2025,3,Marco,2025-03,T1,Domingo,9,Manha,-12.95,12.95,12.95,Com Promocao,True,3
9145,2025-07-18,22,Pote,Nao Informado,2,,Nao Informado,PE,Loja Física,True,CLI9383,2025-07-18,1900-01-01 22:15:00,22:15,True,True,False,False,False,True,True,False,False,False,False,False,False,valor_total_nulo,False,False,2025,7,Julho,2025-07,T3,Sexta,18,Noite,,,,Com Promocao,True,5
9150,2025-04-14,19,Picolé,Limão,-2,-17.37,Da Rosa Paulista,MG,App,True,CLI6878,2025-04-14,1900-01-01 19:30:00,19:30,False,False,False,False,True,False,True,False,False,False,False,False,False,quantidade_nao_positiva_ou_nula;valor_total_nao_positivo,False,False,2025,4,Abril,2025-04,T2,Segunda,14,Noite,-17.37,8.68,8.68,Com Promocao,True,5
9173,2025-03-16,15,Casquinha,Nao Informado,5,,Nao Informado,AM,Loja Física,False,CLI6113,2025-03-16,1900-01-01 15:15:00,15:15,True,True,False,False,False,True,True,False,False,False,False,False,False,valor_total_nulo,False,False,2025,3,Marco,2025-03,T1,Domingo,16,Tarde,,,,Sem Promocao,True,4
9207,2025-07-23,10,Pote,Morango,-3,-15.21,Aragão,MG,App,False,CLI2782,2025-07-23,1900-01-01 10:00:00,10:00,False,False,False,False,True,False,True,False,False,False,False,False,False,quantidade_nao_positiva_ou_nula;valor_total_nao_positivo,False,False,2025,7,Julho,2025-07,T3,Quarta,23,Manha,-15.21,5.07,5.07,Sem Promocao,True,5
9251,2025-03-21,14,Sundae,Nao Informado,2,,Nao Informado,RO,Parceiro,True,CLI1038,2025-03-21,1900-01-01 14:00:00,14:00,True,True,False,False,False,True,True,False,False,False,False,False,False,valor_total_nulo,False,False,2025,3,Marco,2025-03,T1,Sexta,21,Tarde,,,,Com Promocao,True,2
9292,2025-02-28,13,Picolé,Menta,-2,-29.28,Rodrigues,SP,App,False,CLI1003,2025-02-28,1900-01-01 13:45:00,13:45,False,False,False,False,True,False,True,False,False,False,False,False,False,quantidade_nao_positiva_ou_nula;valor_total_nao_positivo,False,True,2025,2,Fevereiro,2025-02,T1,Sexta,28,Tarde,-29.28,14.64,14.64,Sem Promocao,True,7
9296,2025-07-06,13,Picolé,Menta,-1,-7.39,Pereira,SE,App,False,CLI7496,2025-07-06,1900-01-01 13:30:00,13:30,False,False,False,False,True,False,True,False,False,False,False,False,False,quantidade_nao_positiva_ou_nula;valor_total_nao_positivo,False,False,2025,7,Julho,2025-07,T3,Domingo,6,Tarde,-7.39,7.39,7.39,Sem Promocao,True,5
9324,2025-04-29,22,Casquinha,Menta,-4,-35.0,Garcia Do Galho,MS,App,False,CLI1491,2025-04-29,1900-01-01 22:45:00,22:45,False,False,False,False,True,False,True,False,False,False,False,False,False,quantidade_nao_positiva_ou_nula;valor_total_nao_positivo,False,True,2025,4,Abril,2025-04,T2,Terca,29,Noite,-35.0,8.75,8.75,Sem Promocao,True,3
9391,2025-07-11,13,Milkshake,Limão,-1,-5.46,Moreira,RR,App,True,CLI1510,2025-07-11,1900-01-01 13:30:00,13:30,False,False,False,False,True,False,True,False,False,False,False,False,False,quantidade_nao_positiva_ou_nula;valor_total_nao_positivo,False,False,2025,7,Julho,2025-07,T3,Sexta,11,Tarde,-5.46,5.46,5.46,Com Promocao,True,3
9400,2025-03-23,20,Milkshake,Nao Informado,2,,Nao Informado,TO,Parceiro,True,CLI2635,2025-03-23,1900-01-01 20:00:00,20:00,True,True,False,False,False,True,True,False,False,False,False,False,False,valor_total_nulo,False,False,2025,3,Marco,2025-03,T1,Domingo,23,Noite,,,,Com Promocao,True,7
9421,2025-04-05,12,Casquinha,Chocolate,-2,-29.04,Carvalho,RJ,Loja Física,False,CLI9243,2025-04-05,1900-01-01 12:30:00,12:30,False,False,False,False,True,False,True,False,False,False,False,False,False,quantidade_nao_positiva_ou_nula;valor_total_nao_positivo,False,True,2025,4,Abril,2025-04,T2,Sabado,5,Tarde,-29.04,14.52,14.52,Sem Promocao,True,6
9442,2025-07-10,22,Sundae,Morango,-5,-57.49,Silveira,RJ,Parceiro,True,CLI3616,2025-07-10,1900-01-01 22:45:00,22:45,False,False,False,False,True,False,True,False,False,False,False,False,False,quantidade_nao_positiva_ou_nula;valor_total_nao_positivo,False,True,2025,7,Julho,2025-07,T3,Quinta,10,Noite,-57.49,11.5,11.5,Com Promocao,True,4
9478,2025-06-10,17,Picolé,Morango,0,0.0,Fogaça De Nogueira,RR,Loja Física,False,CLI2284,2025-06-10,1900-01-01 17:00:00,17:00,False,False,False,False,True,False,True,False,False,False,False,False,False,quantidade_nao_positiva_ou_nula;valor_total_nao_positivo,False,False,2025,6,Junho,2025-06,T2,Terca,10,Tarde,0.0,,,Sem Promocao,True,11
9504,2025-04-04,19,Milkshake,Cookies,-3,-39.81,Porto,MS,Loja Física,False,CLI3019,2025-04-04,1900-01-01 19:15:00,19:15,False,False,False,False,True,False,True,False,False,False,False,False,False,quantidade_nao_positiva_ou_nula;valor_total_nao_positivo,False,True,2025,4,Abril,2025-04,T2,Sexta,4,Noite,-39.81,13.27,13.27,Sem Promocao,True,5
9591,2025-08-21,16,Pote,Baunilha,0,0.0,Duarte,SE,Loja Física,False,CLI5141,2025-08-21,1900-01-01 16:00:00,16:00,False,False,False,False,True,False,True,False,False,False,False,False,False,quantidade_nao_positiva_ou_nula;valor_total_nao_positivo,False,False,2025,8,Agosto,2025-08,T3,Quinta,21,Tarde,0.0,,,Sem Promocao,True,7
9652,2025-05-18,9,Casquinha,Chocolate,0,0.0,Leão,RR,Parceiro,False,CLI6690,2025-05-18,1900-01-01 09:15:00,09:15,False,False,False,False,True,False,True,False,False,False,False,False,False,quantidade_nao_positiva_ou_nula;valor_total_nao_positivo,False,False,2025,5,Maio,2025-05,T2,Domingo,18,Manha,0.0,,,Sem Promocao,True,7
9740,2025-07-06,15,Sundae,Morango,-5,-38.95,Teixeira Da Prata,MS,App,False,CLI2793,2025-07-06,1900-01-01 15:45:00,15:45,False,False,False,False,True,False,True,False,False,False,False,False,False,quantidade_nao_positiva_ou_nula;valor_total_nao_positivo,False,True,2025,7,Julho,2025-07,T3,Domingo,6,Tarde,-38.95,7.79,7.79,Sem Promocao,True,5
9743,2025-06-04,10,Casquinha,Morango,-1,-14.28,Pereira,BA,Loja Física,False,CLI9482,2025-06-04,1900-01-01 10:15:00,10:15,False,False,False,False,True,False,True,False,False,False,False,False,False,quantidade_nao_positiva_ou_nula;valor_total_nao_positivo,False,False,2025,6,Junho,2025-06,T2,Quarta,4,Manha,-14.28,14.28,14.28,Sem Promocao,True,7
9781,2025-04-20,18,Pote,Menta,-1,-10.84,Das Neves Da Mata,RO,Parceiro,True,CLI8591,2025-04-20,1900-01-01 18:15:00,18:15,False,False,False,False,True,False,True,False,False,False,False,False,False,quantidade_nao_positiva_ou_nula;valor_total_nao_positivo,False,False,2025,4,Abril,2025-04,T2,Domingo,20,Noite,-10.84,10.84,10.84,Com Promocao,True,11
9801,2025-07-01,20,Picolé,Menta,-5,-49.95,Sá,BA,App,False,CLI1174,2025-07-01,1900-01-01 20:45:00,20:45,False,False,False,False,True,False,True,False,False,False,False,False,False,quantidade_nao_positiva_ou_nula;valor_total_nao_positivo,False,True,2025,7,Julho,2025-07,T3,Terca,1,Noite,-49.95,9.99,9.99,Sem Promocao,True,6
9833,2025-06-09,13,Milkshake,Nao Informado,5,,Nao Informado,AC,Loja Física,True,CLI6231,2025-06-09,1900-01-01 13:00:00,13:00,True,True,False,False,False,True,True,False,False,False,False,False,False,valor_total_nulo,False,False,2025,6,Junho,2025-06,T2,Segunda,9,Tarde,,,,Com Promocao,True,8
9847,2025-03-21,13,Milkshake,Caramelo,-1,-7.37,Nunes,PI,Loja Física,False,CLI7730,2025-03-21,1900-01-01 13:45:00,13:45,False,False,False,False,True,False,True,False,False,False,False,False,False,quantidade_nao_positiva_ou_nula;valor_total_nao_positivo,False,False,2025,3,Marco,2025-03,T1,Sexta,21,Tarde,-7.37,7.37,7.37,Sem Promocao,True,4
9871,2025-07-02,16,Sundae,Nao Informado,5,,Nao Informado,DF,App,True,CLI6725,2025-07-02,1900-01-01 16:45:00,16:45,True,True,False,False,False,True,True,False,False,False,False,False,False,valor_total_nulo,False,False,2025,7,Julho,2025-07,T3,Quarta,2,Tarde,,,,Com Promocao,True,3
9885,2025-05-04,12,Milkshake,Nao Informado,6,,Nao Informado,AM,App,False,CLI6567,2025-05-04,1900-01-01 12:00:00,12:00,True,True,False,False,False,True,True,False,False,False,False,False,False,valor_total_nulo,False,False,2025,5,Maio,2025-05,T2,Domingo,4,Tarde,,,,Sem Promocao,True,4
9901,2025-07-28,9,Pote,Morango,-5,-46.75,Costa Do Norte,BA,App,False,CLI4406,2025-07-28,1900-01-01 09:30:00,09:30,False,False,False,False,True,False,True,False,False,False,False,False,False,quantidade_nao_positiva_ou_nula;valor_total_nao_positivo,False,True,2025,7,Julho,2025-07,T3,Segunda,28,Manha,-46.75,9.35,9.35,Sem Promocao,True,6
9924,2025-06-02,9,Sundae,Nao Informado,1,,Nao Informado,MS,Loja Física,True,CLI5120,2025-06-02,1900-01-01 09:00:00,09:00,True,True,False,False,False,True,True,False,False,False,False,False,False,valor_total_nulo,False,False,2025,6,Junho,2025-06,T2,Segunda,2,Manha,,,,Com Promocao,True,10
9926,2025-06-22,16,Picolé,Açaí,0,0.0,Teixeira,MS,App,True,CLI9567,2025-06-22,1900-01-01 16:00:00,16:00,False,False,False,False,True,False,True,False,False,False,False,False,False,quantidade_nao_positiva_ou_nula;valor_total_nao_positivo,False,False,2025,6,Junho,2025-06,T2,Domingo,22,Tarde,0.0,,,Com Promocao,True,5
9933,2025-03-20,17,Picolé,Açaí,-1,-8.07,Garcia,AM,App,False,CLI5583,2025-03-20,1900-01-01 17:15:00,17:15,False,False,False,False,True,False,True,False,False,False,False,False,False,quantidade_nao_positiva_ou_nula;valor_total_nao_positivo,False,False,2025,3,Marco,2025-03,T1,Quinta,20,Tarde,-8.07,8.07,8.07,Sem Promocao,True,6
9951,2025-03-15,9,Milkshake,Morango,-4,-22.08,Campinas,RO,App,False,CLI4482,2025-03-15,1900-01-01 09:15:00,09:15,False,False,False,False,True,False,True,False,False,False,False,False,False,quantidade_nao_positiva_ou_nula;valor_total_nao_positivo,False,True,2025,3,Marco,2025-03,T1,Sabado,15,Manha,-22.08,5.52,5.52,Sem Promocao,True,4
10003,2025-07-17,16,Casquinha,Nao Informado,4,,Nao Informado,RO,Loja Física,True,CLI5485,2025-07-17,1900-01-01 16:00:00,16:00,True,True,False,False,False,True,True,False,False,False,False,False,False,valor_total_nulo,False,False,2025,7,Julho,2025-07,T3,Quinta,17,Tarde,,,,Com Promocao,True,10
10006,2025-04-18,14,Milkshake,Cookies,-2,-18.0,Souza,PB,App,False,CLI7226,2025-04-18,1900-01-01 14:15:00,14:15,False,False,False,False,True,False,True,False,False,False,False,False,False,quantidade_nao_positiva_ou_nula;valor_total_nao_positivo,False,False,2025,4,Abril,2025-04,T2,Sexta,18,Tarde,-18.0,9.0,9.0,Sem Promocao,True,11
10029,2025-05-11,16,Casquinha,Nao Informado,5,,Nao Informado,RJ,Parceiro,True,CLI3714,2025-05-11,1900-01-01 16:45:00,16:45,True,True,False,False,False,True,True,False,False,False,False,False,False,valor_total_nulo,False,False,2025,5,Maio,2025-05,T2,Domingo,11,Tarde,,,,Com Promocao,True,4
10115,2025-06-18,12,Casquinha,Menta,-5,-49.5,Silveira Do Oeste,RN,App,False,CLI6056,2025-06-18,1900-01-01 12:45:00,12:45,False,False,False,False,True,False,True,False,False,False,False,False,False,quantidade_nao_positiva_ou_nula;valor_total_nao_positivo,False,True,2025,6,Junho,2025-06,T2,Quarta,18,Tarde,-49.5,9.9,9.9,Sem Promocao,True,10
10117,2025-08-01,22,Picolé,Morango,0,0.0,Carvalho,RR,App,False,CLI1500,2025-08-01,1900-01-01 22:45:00,22:45,False,False,False,False,True,False,True,False,False,False,False,False,False,quantidade_nao_positiva_ou_nula;valor_total_nao_positivo,False,False,2025,8,Agosto,2025-08,T3,Sexta,1,Noite,0.0,,,Sem Promocao,True,6
10161,2025-03-27,16,Casquinha,Chocolate,-1,-7.83,Borges De Moura,AL,App,False,CLI6130,2025-03-27,1900-01-01 16:15:00,16:15,False,False,False,False,True,False,True,False,False,False,False,False,False,quantidade_nao_positiva_ou_nula;valor_total_nao_positivo,False,False,2025,3,Marco,2025-03,T1,Quinta,27,Tarde,-7.83,7.83,7.83,Sem Promocao,True,5
10217,2025-04-05,9,Sundae,Açaí,-1,-10.34,Barros,RR,Parceiro,True,CLI8712,2025-04-05,1900-01-01 09:30:00,09:30,False,False,False,False,True,False,True,False,False,False,False,False,False,quantidade_nao_positiva_ou_nula;valor_total_nao_positivo,False,False,2025,4,Abril,2025-04,T2,Sabado,5,Manha,-10.34,10.34,10.34,Com Promocao,True,7
10298,2025-07-01,10,Picolé,Nao Informado,3,,Nao Informado,AL,Loja Física,False,CLI3221,2025-07-01,1900-01-01 10:45:00,10:45,True,True,False,False,False,True,True,False,False,False,False,False,False,valor_total_nulo,False,False,2025,7,Julho,2025-07,T3,Terca,1,Manha,,,,Sem Promocao,True,5
10306,2025-06-09,22,Pote,Cookies,-4,-44.37,Nunes,MG,App,True,CLI9817,2025-06-09,1900-01-01 22:15:00,22:15,False,False,False,False,True,False,True,False,False,False,False,False,False,quantidade_nao_positiva_ou_nula;valor_total_nao_positivo,False,True,2025,6,Junho,2025-06,T2,Segunda,9,Noite,-44.37,11.09,11.09,Com Promocao,True,6
10346,2025-03-12,13,Picolé,Cookies,-2,-15.71,Da Rosa De Novaes,DF,App,True,CLI6542,2025-03-12,1900-01-01 13:00:00,13:00,False,False,False,False,True,False,True,False,False,False,False,False,False,quantidade_nao_positiva_ou_nula;valor_total_nao_positivo,False,False,2025,3,Marco,2025-03,T1,Quarta,12,Tarde,-15.71,7.86,7.86,Com Promocao,True,3
10348,2025-06-17,8,Casquinha,Limão,0,0.0,Cassiano,ES,Parceiro,False,CLI7027,2025-06-17,1900-01-01 08:30:00,08:30,False,False,False,False,True,False,True,False,False,False,False,False,False,quantidade_nao_positiva_ou_nula;valor_total_nao_positivo,False,False,2025,6,Junho,2025-06,T2,Terca,17,Manha,0.0,,,Sem Promocao,True,10
10434,2025-06-01,21,Picolé,Nao Informado,5,,Nao Informado,DF,Parceiro,True,CLI5561,2025-06-01,1900-01-01 21:00:00,21:00,True,True,False,False,False,True,True,False,False,False,False,False,False,valor_total_nulo,False,False,2025,6,Junho,2025-06,T2,Domingo,1,Noite,,,,Com Promocao,True,4
10451,2025-05-15,12,Casquinha,Nao Informado,5,,Nao Informado,PE,Loja Física,False,CLI2246,2025-05-15,1900-01-01 12:00:00,12:00,True,True,False,False,False,True,True,False,False,False,False,False,False,valor_total_nulo,False,False,2025,5,Maio,2025-05,T2,Quinta,15,Tarde,,,,Sem Promocao,True,6
10458,2025-06-15,12,Casquinha,Baunilha,-1,-8.87,Sampaio Grande,RO,App,True,CLI2589,2025-06-15,1900-01-01 12:30:00,12:30,False,False,False,False,True,False,True,False,False,False,False,False,False,quantidade_nao_positiva_ou_nula;valor_total_nao_positivo,False,False,2025,6,Junho,2025-06,T2,Domingo,15,Tarde,-8.87,8.87,8.87,Com Promocao,True,7
10531,2025-07-17,13,Pote,Nao Informado,3,,Nao Informado,GO,App,True,CLI1460,2025-07-17,1900-01-01 13:00:00,13:00,True,True,False,False,False,True,True,False,False,False,False,False,False,valor_total_nulo,False,False,2025,7,Julho,2025-07,T3,Quinta,17,Tarde,,,,Com Promocao,True,8
10616,2025-04-20,16,Pote,Menta,-1,-13.61,Martins Da Praia,PI,App,True,CLI8183,2025-04-20,1900-01-01 16:00:00,16:00,False,False,False,False,True,False,True,False,False,False,False,False,False,quantidade_nao_positiva_ou_nula;valor_total_nao_positivo,False,False,2025,4,Abril,2025-04,T2,Domingo,20,Tarde,-13.61,13.61,13.61,Com Promocao,True,4
10647,2025-03-04,20,Pote,Nao Informado,1,,Nao Informado,RO,App,True,CLI4271,2025-03-04,1900-01-01 20:00:00,20:00,True,True,False,False,False,True,True,False,False,False,False,False,False,valor_total_nulo,False,False,2025,3,Marco,2025-03,T1,Terca,4,Noite,,,,Com Promocao,True,9
10691,2025-08-16,15,Sundae,Nao Informado,5,,Nao Informado,PI,Loja Física,True,CLI4734,2025-08-16,1900-01-01 15:30:00,15:30,True,True,False,False,False,True,True,False,False,False,False,False,False,valor_total_nulo,False,False,2025,8,Agosto,2025-08,T3,Sabado,16,Tarde,,,,Com Promocao,True,5
10722,2025-04-29,16,Pote,Morango,0,0.0,Da Rosa,PR,Parceiro,False,CLI6884,2025-04-29,1900-01-01 16:00:00,16:00,False,False,False,False,True,False,True,False,False,False,False,False,False,quantidade_nao_positiva_ou_nula;valor_total_nao_positivo,False,False,2025,4,Abril,2025-04,T2,Terca,29,Tarde,0.0,,,Sem Promocao,True,14
10782,2025-04-20,16,Picolé,Caramelo,-1,-10.53,Oliveira Do Galho,DF,Parceiro,True,CLI3802,2025-04-20,1900-01-01 16:45:00,16:45,False,False,False,False,True,False,True,False,False,False,False,False,False,quantidade_nao_positiva_ou_nula;valor_total_nao_positivo,False,False,2025,4,Abril,2025-04,T2,Domingo,20,Tarde,-10.53,10.53,10.53,Com Promocao,True,4
10817,2025-06-22,17,Sundae,Limão,-3,-26.53,Araújo De Da Luz,RJ,Loja Física,True,CLI7381,2025-06-22,1900-01-01 17:45:00,17:45,False,False,False,False,True,False,True,False,False,False,False,False,False,quantidade_nao_positiva_ou_nula;valor_total_nao_positivo,False,True,2025,6,Junho,2025-06,T2,Domingo,22,Tarde,-26.53,8.84,8.84,Com Promocao,True,7
10894,2025-07-16,13,Picolé,Limão,-4,-29.3,Farias Do Campo,RS,App,True,CLI1622,2025-07-16,1900-01-01 13:45:00,13:45,False,False,False,False,True,False,True,False,False,False,False,False,False,quantidade_nao_positiva_ou_nula;valor_total_nao_positivo,False,True,2025,7,Julho,2025-07,T3,Quarta,16,Tarde,-29.3,7.32,7.32,Com Promocao,True,4
10905,2025-03-03,19,Milkshake,Baunilha,-1,-11.34,Viana Do Campo,CE,Parceiro,False,CLI4307,2025-03-03,1900-01-01 19:45:00,19:45,False,False,False,False,True,False,True,False,False,False,False,False,False,quantidade_nao_positiva_ou_nula;valor_total_nao_positivo,False,False,2025,3,Marco,2025-03,T1,Segunda,3,Noite,-11.34,11.34,11.34,Sem Promocao,True,2
10907,2025-09-02,18,Picolé,Cookies,-2,-21.95,Gomes,RR,Parceiro,True,CLI6971,2025-09-02,1900-01-01 18:45:00,18:45,False,False,False,False,True,False,True,False,False,False,False,False,False,quantidade_nao_positiva_ou_nula;valor_total_nao_positivo,False,True,2025,9,Setembro,2025-09,T3,Terca,2,Noite,-21.95,10.98,10.98,Com Promocao,True,6
10915,2025-03-29,9,Milkshake,Açaí,-2,-19.31,Dias,PE,App,True,CLI8241,2025-03-29,1900-01-01 09:30:00,09:30,False,False,False,False,True,False,True,False,False,False,False,False,False,quantidade_nao_positiva_ou_nula;valor_total_nao_positivo,False,False,2025,3,Marco,2025-03,T1,Sabado,29,Manha,-19.31,9.65,9.65,Com Promocao,True,5
10948,2025-05-26,12,Picolé,Cookies,-1,-11.21,Montenegro Do Oeste,CE,Loja Física,True,CLI3389,2025-05-26,1900-01-01 12:15:00,12:15,False,False,False,False,True,False,True,False,False,False,False,False,False,quantidade_nao_positiva_ou_nula;valor_total_nao_positivo,False,False,2025,5,Maio,2025-05,T2,Segunda,26,Tarde,-11.21,11.21,11.21,Com Promocao,True,5
11014,2025-06-04,11,Milkshake,Nao Informado,1,,Nao Informado,MG,Parceiro,False,CLI2424,2025-06-04,1900-01-01 11:30:00,11:30,True,True,False,False,False,True,True,False,False,False,False,False,False,valor_total_nulo,False,False,2025,6,Junho,2025-06,T2,Quarta,4,Manha,,,,Sem Promocao,True,8
11033,2025-03-15,15,Milkshake,Caramelo,-6,-63.12,Campinas,MS,App,True,CLI5771,2025-03-15,1900-01-01 15:15:00,15:15,False,False,False,False,True,False,True,False,False,False,False,False,False,quantidade_nao_positiva_ou_nula;valor_total_nao_positivo,False,True,2025,3,Marco,2025-03,T1,Sabado,15,Tarde,-63.12,10.52,10.52,Com Promocao,True,8
11150,2025-05-30,14,Sundae,Nao Informado,1,,Nao Informado,ES,Parceiro,False,CLI1938,2025-05-30,1900-01-01 14:30:00,14:30,True,True,False,False,False,True,True,False,False,False,False,False,False,valor_total_nulo,False,False,2025,5,Maio,2025-05,T2,Sexta,30,Tarde,,,,Sem Promocao,True,7
11160,2025-04-24,18,Milkshake,Nao Informado,1,,Nao Informado,RO,Parceiro,True,CLI4553,2025-04-24,1900-01-01 18:00:00,18:00,True,True,False,False,False,True,True,False,False,False,False,False,False,valor_total_nulo,False,False,2025,4,Abril,2025-04,T2,Quinta,24,Noite,,,,Com Promocao,True,7
11200,2025-07-29,19,Casquinha,Nao Informado,5,,Nao Informado,RS,Loja Física,True,CLI6026,2025-07-29,1900-01-01 19:30:00,19:30,True,True,False,False,False,True,True,False,False,False,False,False,False,valor_total_nulo,False,False,2025,7,Julho,2025-07,T3,Terca,29,Noite,,,,Com Promocao,True,11
11235,2025-04-24,19,Picolé,Nao Informado,5,,Nao Informado,SP,Parceiro,True,CLI3205,2025-04-24,1900-01-01 19:15:00,19:15,True,True,False,False,False,True,True,False,False,False,False,False,False,valor_total_nulo,False,False,2025,4,Abril,2025-04,T2,Quinta,24,Noite,,,,Com Promocao,True,9
11254,2025-07-15,20,Sundae,Chocolate,-1,-8.41,Abreu,RJ,App,False,CLI5335,2025-07-15,1900-01-01 20:30:00,20:30,False,False,False,False,True,False,True,False,False,False,False,False,False,quantidade_nao_positiva_ou_nula;valor_total_nao_positivo,False,False,2025,7,Julho,2025-07,T3,Terca,15,Noite,-8.41,8.41,8.41,Sem Promocao,True,7
11387,2025-07-06,12,Picolé,Chocolate,-5,-22.81,Machado De Minas,AP,Loja Física,True,CLI1964,2025-07-06,1900-01-01 12:45:00,12:45,False,False,False,False,True,False,True,False,False,False,False,False,False,quantidade_nao_positiva_ou_nula;valor_total_nao_positivo,False,True,2025,7,Julho,2025-07,T3,Domingo,6,Tarde,-22.81,4.56,4.56,Com Promocao,True,5
11415,2025-03-31,21,Milkshake,Cookies,-1,-11.23,Garcia,TO,Parceiro,False,CLI1559,2025-03-31,1900-01-01 21:15:00,21:15,False,False,False,False,True,False,True,False,False,False,False,False,False,quantidade_nao_positiva_ou_nula;valor_total_nao_positivo,False,False,2025,3,Marco,2025-03,T1,Segunda,31,Noite,-11.23,11.23,11.23,Sem Promocao,True,5
11428,2025-07-03,8,Milkshake,Cookies,-4,-33.6,Aparecida,RN,App,False,CLI6492,2025-07-03,1900-01-01 08:15:00,08:15,False,False,False,False,True,False,True,False,False,False,False,False,False,quantidade_nao_positiva_ou_nula;valor_total_nao_positivo,False,True,2025,7,Julho,2025-07,T3,Quinta,3,Manha,-33.6,8.4,8.4,Sem Promocao,True,5
11466,2025-05-07,8,Milkshake,Açaí,0,0.0,Sousa,AM,Loja Física,True,CLI5944,2025-05-07,1900-01-01 08:00:00,08:00,False,False,False,False,True,False,True,False,False,False,False,False,False,quantidade_nao_positiva_ou_nula;valor_total_nao_positivo,False,False,2025,5,Maio,2025-05,T2,Quarta,7,Manha,0.0,,,Com Promocao,True,7
11480,2025-06-25,10,Casquinha,Nao Informado,5,,Nao Informado,AL,Parceiro,False,CLI6312,2025-06-25,1900-01-01 10:30:00,10:30,True,True,False,False,False,True,True,False,False,False,False,False,False,valor_total_nulo,False,False,2025,6,Junho,2025-06,T2,Quarta,25,Manha,,,,Sem Promocao,True,6
11536,2025-04-08,20,Milkshake,Menta,0,0.0,Cirino,CE,Loja Física,False,CLI2351,2025-04-08,1900-01-01 20:30:00,20:30,False,False,False,False,True,False,True,False,False,False,False,False,False,quantidade_nao_positiva_ou_nula;valor_total_nao_positivo,False,False,2025,4,Abril,2025-04,T2,Terca,8,Noite,0.0,,,Sem Promocao,True,5
11576,2025-03-09,22,Casquinha,Nao Informado,3,,Nao Informado,AL,Loja Física,True,CLI7475,2025-03-09,1900-01-01 22:45:00,22:45,True,True,False,False,False,True,True,False,False,False,False,False,False,valor_total_nulo,False,False,2025,3,Marco,2025-03,T1,Domingo,9,Noite,,,,Com Promocao,True,6
11580,2025-05-24,8,Pote,Chocolate,0,0.0,Camargo Da Serra,RS,Loja Física,True,CLI6042,2025-05-24,1900-01-01 08:00:00,08:00,False,False,False,False,True,False,True,False,False,False,False,False,False,quantidade_nao_positiva_ou_nula;valor_total_nao_positivo,False,False,2025,5,Maio,2025-05,T2,Sabado,24,Manha,0.0,,,Com Promocao,True,8
11614,2025-03-11,14,Casquinha,Chocolate,-3,-39.51,Sousa,DF,Parceiro,False,CLI8124,2025-03-11,1900-01-01 14:45:00,14:45,False,False,False,False,True,False,True,False,False,False,False,False,False,quantidade_nao_positiva_ou_nula;valor_total_nao_positivo,False,True,2025,3,Marco,2025-03,T1,Terca,11,Tarde,-39.51,13.17,13.17,Sem Promocao,True,3
11619,2025-08-17,9,Picolé,Morango,-5,-44.83,Ramos,AP,Parceiro,True,CLI3782,2025-08-17,1900-01-01 09:15:00,09:15,False,False,False,False,True,False,True,False,False,False,False,False,False,quantidade_nao_positiva_ou_nula;valor_total_nao_positivo,False,True,2025,8,Agosto,2025-08,T3,Domingo,17,Manha,-44.83,8.97,8.97,Com Promocao,True,5
11657,2025-06-18,15,Pote,Limão,0,0.0,Moura Do Oeste,RJ,Loja Física,False,CLI9515,2025-06-18,1900-01-01 15:00:00,15:00,False,False,False,False,True,False,True,False,False,False,False,False,False,quantidade_nao_positiva_ou_nula;valor_total_nao_positivo,False,False,2025,6,Junho,2025-06,T2,Quarta,18,Tarde,0.0,,,Sem Promocao,True,7
11722,2025-04-05,8,Pote,Caramelo,-1,-4.67,Andrade De Pastor,MT,Loja Física,True,CLI1490,2025-04-05,1900-01-01 08:15:00,08:15,False,False,False,False,True,False,True,False,False,False,False,False,False,quantidade_nao_positiva_ou_nula;valor_total_nao_positivo,False,False,2025,4,Abril,2025-04,T2,Sabado,5,Manha,-4.67,4.67,4.67,Com Promocao,True,5
11830,2025-04-11,8,Sundae,Limão,0,0.0,Freitas Do Sul,AC,App,False,CLI4554,2025-04-11,1900-01-01 08:30:00,08:30,False,False,False,False,True,False,True,False,False,False,False,False,False,quantidade_nao_positiva_ou_nula;valor_total_nao_positivo,False,False,2025,4,Abril,2025-04,T2,Sexta,11,Manha,0.0,,,Sem Promocao,True,8
11851,2025-06-03,15,Picolé,Nao Informado,2,,Nao Informado,AC,Parceiro,True,CLI7692,2025-06-03,1900-01-01 15:45:00,15:45,True,True,False,False,False,True,True,False,False,False,False,False,False,valor_total_nulo,False,False,2025,6,Junho,2025-06,T2,Terca,3,Tarde,,,,Com Promocao,True,10
11892,2025-08-02,14,Pote,Nao Informado,1,,Nao Informado,ES,App,True,CLI3776,2025-08-02,1900-01-01 14:00:00,14:00,True,True,False,False,False,True,True,False,False,False,False,False,False,valor_total_nulo,False,False,2025,8,Agosto,2025-08,T3,Sabado,2,Tarde,,,,Com Promocao,True,5
11902,2025-04-13,22,Picolé,Caramelo,-1,-9.0,Santos,AP,Loja Física,True,CLI5142,2025-04-13,1900-01-01 22:15:00,22:15,False,False,False,False,True,False,True,False,False,False,False,False,False,quantidade_nao_positiva_ou_nula;valor_total_nao_positivo,False,False,2025,4,Abril,2025-04,T2,Domingo,13,Noite,-9.0,9.0,9.0,Com Promocao,False,1
11909,2025-03-28,12,Milkshake,Chocolate,-3,-43.5,Campinas,PI,App,False,CLI5392,2025-03-28,1900-01-01 12:30:00,12:30,False,False,False,False,True,False,True,False,False,False,False,False,False,quantidade_nao_positiva_ou_nula;valor_total_nao_positivo,False,True,2025,3,Marco,2025-03,T1,Sexta,28,Tarde,-43.5,14.5,14.5,Sem Promocao,True,3
11925,2025-03-11,10,Sundae,Morango,-4,-41.05,Mendes,MG,Loja Física,True,CLI3823,2025-03-11,1900-01-01 10:30:00,10:30,False,False,False,False,True,False,True,False,False,False,False,False,False,quantidade_nao_positiva_ou_nula;valor_total_nao_positivo,False,True,2025,3,Marco,2025-03,T1,Terca,11,Manha,-41.05,10.26,10.26,Com Promocao,True,3
12065,2025-07-17,16,Pote,Nao Informado,5,,Nao Informado,AC,Loja Física,True,CLI1534,2025-07-17,1900-01-01 16:45:00,16:45,True,True,False,False,False,True,True,False,False,False,False,False,False,valor_total_nulo,False,False,2025,7,Julho,2025-07,T3,Quinta,17,Tarde,,,,Com Promocao,True,10
12069,2025-08-18,14,Sundae,Menta,-1,-5.98,Cavalcante Do Galho,RN,Loja Física,False,CLI6518,2025-08-18,1900-01-01 14:15:00,14:15,False,False,False,False,True,False,True,False,False,False,False,False,False,quantidade_nao_positiva_ou_nula;valor_total_nao_positivo,False,False,2025,8,Agosto,2025-08,T3,Segunda,18,Tarde,-5.98,5.98,5.98,Sem Promocao,True,7
12070,2025-05-13,18,Milkshake,Caramelo,-1,-9.65,Da Conceição Da Mata,PB,Loja Física,False,CLI8235,2025-05-13,1900-01-01 18:00:00,18:00,False,False,False,False,True,False,True,False,False,False,False,False,False,quantidade_nao_positiva_ou_nula;valor_total_nao_positivo,False,False,2025,5,Maio,2025-05,T2,Terca,13,Noite,-9.65,9.65,9.65,Sem Promocao,True,10
12103,2025-08-02,21,Sundae,Cookies,-1,-7.9,Monteiro,SC,App,False,CLI1661,2025-08-02,1900-01-01 21:15:00,21:15,False,False,False,False,True,False,True,False,False,False,False,False,False,quantidade_nao_positiva_ou_nula;valor_total_nao_positivo,False,False,2025,8,Agosto,2025-08,T3,Sabado,2,Noite,-7.9,7.9,7.9,Sem Promocao,True,8
12142,2025-08-16,16,Picolé,Baunilha,0,0.0,Gomes Do Sul,SE,Parceiro,True,CLI8004,2025-08-16,1900-01-01 16:45:00,16:45,False,False,False,False,True,False,True,False,False,False,False,False,False,quantidade_nao_positiva_ou_nula;valor_total_nao_positivo,False,False,2025,8,Agosto,2025-08,T3,Sabado,16,Tarde,0.0,,,Com Promocao,True,8
12147,2025-07-09,11,Sundae,Morango,-3,-25.92,Sá,CE,Loja Física,False,CLI5177,2025-07-09,1900-01-01 11:00:00,11:00,False,False,False,False,True,False,True,False,False,False,False,False,False,quantidade_nao_positiva_ou_nula;valor_total_nao_positivo,False,True,2025,7,Julho,2025-07,T3,Quarta,9,Manha,-25.92,8.64,8.64,Sem Promocao,True,5
12168,2025-02-24,14,Milkshake,Nao Informado,4,,Nao Informado,MT,Loja Física,True,CLI2710,2025-02-24,1900-01-01 14:15:00,14:15,True,True,False,False,False,True,True,False,False,False,False,False,False,valor_total_nulo,False,False,2025,2,Fevereiro,2025-02,T1,Segunda,24,Tarde,,,,Com Promocao,True,6
12185,2025-06-13,15,Picolé,Nao Informado,5,,Nao Informado,PE,Loja Física,True,CLI7500,2025-06-13,1900-01-01 15:30:00,15:30,True,True,False,False,False,True,True,False,False,False,False,False,False,valor_total_nulo,False,False,2025,6,Junho,2025-06,T2,Sexta,13,Tarde,,,,Com Promocao,True,4
12261,2025-04-30,12,Casquinha,Nao Informado,4,,Nao Informado,RN,App,True,CLI9951,2025-04-30,1900-01-01 12:30:00,12:30,True,True,False,False,False,True,True,False,False,False,False,False,False,valor_total_nulo,False,False,2025,4,Abril,2025-04,T2,Quarta,30,Tarde,,,,Com Promocao,True,10
12278,2025-03-30,16,Milkshake,Chocolate,-3,-29.48,Porto,AP,App,True,CLI3438,2025-03-30,1900-01-01 16:15:00,16:15,False,False,False,False,True,False,True,False,False,False,False,False,False,quantidade_nao_positiva_ou_nula;valor_total_nao_positivo,False,True,2025,3,Marco,2025-03,T1,Domingo,30,Tarde,-29.48,9.83,9.83,Com Promocao,True,7
12289,2025-08-14,12,Milkshake,Nao Informado,2,,Nao Informado,ES,Loja Física,True,CLI3993,2025-08-14,1900-01-01 12:15:00,12:15,True,True,False,False,False,True,True,False,False,False,False,False,False,valor_total_nulo,False,False,2025,8,Agosto,2025-08,T3,Quinta,14,Tarde,,,,Com Promocao,True,7
12295,2025-07-18,15,Sundae,Morango,-4,-31.08,Da Mota Do Oeste,MG,App,False,CLI9489,2025-07-18,1900-01-01 15:00:00,15:00,False,False,False,False,True,False,True,False,False,False,False,False,False,quantidade_nao_positiva_ou_nula;valor_total_nao_positivo,False,True,2025,7,Julho,2025-07,T3,Sexta,18,Tarde,-31.08,7.77,7.77,Sem Promocao,True,5
12320,2025-07-30,15,Sundae,Baunilha,-1,-5.75,Da Rocha,RJ,Parceiro,True,CLI9415,2025-07-30,1900-01-01 15:45:00,15:45,False,False,False,False,True,False,True,False,False,False,False,False,False,quantidade_nao_positiva_ou_nula;valor_total_nao_positivo,False,False,2025,7,Julho,2025-07,T3,Quarta,30,Tarde,-5.75,5.75,5.75,Com Promocao,True,9
12399,2025-03-23,12,Sundae,Nao Informado,2,,Nao Informado,PA,Loja Física,False,CLI3102,2025-03-23,1900-01-01 12:45:00,12:45,True,True,False,False,False,True,True,False,False,False,False,False,False,valor_total_nulo,False,False,2025,3,Marco,2025-03,T1,Domingo,23,Tarde,,,,Sem Promocao,True,9
12425,2025-04-22,16,Sundae,Nao Informado,1,,Nao Informado,AP,Parceiro,True,CLI3152,2025-04-22,1900-01-01 16:45:00,16:45,True,True,False,False,False,True,True,False,False,False,False,False,False,valor_total_nulo,False,False,2025,4,Abril,2025-04,T2,Terca,22,Tarde,,,,Com Promocao,True,4
12518,2025-06-22,13,Sundae,Nao Informado,2,,Nao Informado,BA,Parceiro,False,CLI8665,2025-06-22,1900-01-01 13:30:00,13:30,True,True,False,False,False,True,True,False,False,False,False,False,False,valor_total_nulo,False,False,2025,6,Junho,2025-06,T2,Domingo,22,Tarde,,,,Sem Promocao,True,4
12543,2025-05-28,22,Pote,Nao Informado,4,,Nao Informado,SP,Parceiro,True,CLI4510,2025-05-28,1900-01-01 22:45:00,22:45,True,True,False,False,False,True,True,False,False,False,False,False,False,valor_total_nulo,False,False,2025,5,Maio,2025-05,T2,Quarta,28,Noite,,,,Com Promocao,True,3
12555,2025-07-18,13,Milkshake,Açaí,0,0.0,Barbosa De Novais,AC,Loja Física,False,CLI8769,2025-07-18,1900-01-01 13:15:00,13:15,False,False,False,False,True,False,True,False,False,False,False,False,False,quantidade_nao_positiva_ou_nula;valor_total_nao_positivo,False,False,2025,7,Julho,2025-07,T3,Sexta,18,Tarde,0.0,,,Sem Promocao,True,10
12570,2025-04-22,21,Picolé,Nao Informado,1,,Nao Informado,AP,Parceiro,False,CLI4493,2025-04-22,1900-01-01 21:30:00,21:30,True,True,False,False,False,True,True,False,False,False,False,False,False,valor_total_nulo,False,False,2025,4,Abril,2025-04,T2,Terca,22,Noite,,,,Sem Promocao,True,6
12603,2025-06-14,17,Sundae,Cookies,0,0.0,Marques De Duarte,AM,App,True,CLI2268,2025-06-14,1900-01-01 17:00:00,17:00,False,False,False,False,True,False,True,False,False,False,False,False,False,quantidade_nao_positiva_ou_nula;valor_total_nao_positivo,False,False,2025,6,Junho,2025-06,T2,Sabado,14,Tarde,0.0,,,Com Promocao,True,2
12629,2025-07-12,13,Pote,Caramelo,-1,-11.79,Gonçalves Do Sul,SP,Parceiro,False,CLI3051,2025-07-12,1900-01-01 13:15:00,13:15,False,False,False,False,True,False,True,False,False,False,False,False,False,quantidade_nao_positiva_ou_nula;valor_total_nao_positivo,False,False,2025,7,Julho,2025-07,T3,Sabado,12,Tarde,-11.79,11.79,11.79,Sem Promocao,True,7
12633,2025-05-17,8,Pote,Menta,-5,-59.75,Machado Das Flores,RS,App,False,CLI3716,2025-05-17,1900-01-01 08:30:00,08:30,False,False,False,False,True,False,True,False,False,False,False,False,False,quantidade_nao_positiva_ou_nula;valor_total_nao_positivo,False,True,2025,5,Maio,2025-05,T2,Sabado,17,Manha,-59.75,11.95,11.95,Sem Promocao,True,5
12657,2025-03-29,12,Casquinha,Limão,-1,-13.87,Pimenta,PE,Parceiro,True,CLI3737,2025-03-29,1900-01-01 12:00:00,12:00,False,False,False,False,True,False,True,False,False,False,False,False,False,quantidade_nao_positiva_ou_nula;valor_total_nao_positivo,False,False,2025,3,Marco,2025-03,T1,Sabado,29,Tarde,-13.87,13.87,13.87,Com Promocao,True,5
12660,2025-07-29,11,Milkshake,Açaí,0,0.0,Macedo De Rocha,RJ,Parceiro,False,CLI9853,2025-07-29,1900-01-01 11:30:00,11:30,False,False,False,False,True,False,True,False,False,False,False,False,False,quantidade_nao_positiva_ou_nula;valor_total_nao_positivo,False,False,2025,7,Julho,2025-07,T3,Terca,29,Manha,0.0,,,Sem Promocao,True,6
12691,2025-05-19,17,Sundae,Caramelo,0,0.0,Mendonça De Moreira,RJ,App,True,CLI7735,2025-05-19,1900-01-01 17:45:00,17:45,False,False,False,False,True,False,True,False,False,False,False,False,False,quantidade_nao_positiva_ou_nula;valor_total_nao_positivo,False,False,2025,5,Maio,2025-05,T2,Segunda,19,Tarde,0.0,,,Com Promocao,True,13
12724,2025-02-23,16,Picolé,Nao Informado,5,,Nao Informado,RN,Parceiro,True,CLI4115,2025-02-23,1900-01-01 16:30:00,16:30,True,True,False,False,False,True,True,False,False,False,False,False,False,valor_total_nulo,False,False,2025,2,Fevereiro,2025-02,T1,Domingo,23,Tarde,,,,Com Promocao,True,4
12739,2025-05-02,8,Picolé,Nao Informado,2,,Nao Informado,PE,Loja Física,False,CLI1897,2025-05-02,1900-01-01 08:00:00,08:00,True,True,False,False,False,True,True,False,False,False,False,False,False,valor_total_nulo,False,False,2025,5,Maio,2025-05,T2,Sexta,2,Manha,,,,Sem Promocao,True,6
12761,2025-08-21,22,Casquinha,Morango,-1,-13.13,Machado,AP,App,False,CLI4233,2025-08-21,1900-01-01 22:30:00,22:30,False,False,False,False,True,False,True,False,False,False,False,False,False,quantidade_nao_positiva_ou_nula;valor_total_nao_positivo,False,False,2025,8,Agosto,2025-08,T3,Quinta,21,Noite,-13.13,13.13,13.13,Sem Promocao,True,6
12773,2025-06-17,14,Picolé,Caramelo,-4,-41.4,Sales De Sá,AM,Loja Física,False,CLI3258,2025-06-17,1900-01-01 14:15:00,14:15,False,False,False,False,True,False,True,False,False,False,False,False,False,quantidade_nao_positiva_ou_nula;valor_total_nao_positivo,False,True,2025,6,Junho,2025-06,T2,Terca,17,Tarde,-41.4,10.35,10.35,Sem Promocao,True,5
12811,2025-03-08,10,Sundae,Nao Informado,3,,Nao Informado,AP,App,False,CLI1473,2025-03-08,1900-01-01 10:45:00,10:45,True,True,False,False,False,True,True,False,False,False,False,False,False,valor_total_nulo,False,False,2025,3,Marco,2025-03,T1,Sabado,8,Manha,,,,Sem Promocao,True,6
12886,2025-05-01,13,Picolé,Açaí,0,0.0,Guerra,SP,Loja Física,False,CLI3240,2025-05-01,1900-01-01 13:15:00,13:15,False,False,False,False,True,False,True,False,False,False,False,False,False,quantidade_nao_positiva_ou_nula;valor_total_nao_positivo,False,False,2025,5,Maio,2025-05,T2,Quinta,1,Tarde,0.0,,,Sem Promocao,True,6
12895,2025-08-16,21,Picolé,Nao Informado,1,,Nao Informado,BA,Loja Física,True,CLI9045,2025-08-16,1900-01-01 21:15:00,21:15,True,True,False,False,False,True,True,False,False,False,False,False,False,valor_total_nulo,False,False,2025,8,Agosto,2025-08,T3,Sabado,16,Noite,,,,Com Promocao,True,5
12940,2025-03-01,16,Casquinha,Nao Informado,5,,Nao Informado,DF,App,True,CLI1315,2025-03-01,1900-01-01 16:30:00,16:30,True,True,False,False,False,True,True,False,False,False,False,False,False,valor_total_nulo,False,False,2025,3,Marco,2025-03,T1,Sabado,1,Tarde,,,,Com Promocao,True,9
12967,2025-07-03,8,Sundae,Nao Informado,1,,Nao Informado,RN,App,False,CLI2281,2025-07-03,1900-01-01 08:15:00,08:15,True,True,False,False,False,True,True,False,False,False,False,False,False,valor_total_nulo,False,False,2025,7,Julho,2025-07,T3,Quinta,3,Manha,,,,Sem Promocao,True,6
12997,2025-04-10,9,Sundae,Cookies,-1,-10.52,Nascimento,PE,App,True,CLI7881,2025-04-10,1900-01-01 09:30:00,09:30,False,False,False,False,True,False,True,False,False,False,False,False,False,quantidade_nao_positiva_ou_nula;valor_total_nao_positivo,False,False,2025,4,Abril,2025-04,T2,Quinta,10,Manha,-10.52,10.52,10.52,Com Promocao,True,5
13018,2025-06-06,11,Casquinha,Nao Informado,3,,Nao Informado,MG,Loja Física,False,CLI5731,2025-06-06,1900-01-01 11:15:00,11:15,True,True,False,False,False,True,True,False,False,False,False,False,False,valor_total_nulo,False,False,2025,6,Junho,2025-06,T2,Sexta,6,Manha,,,,Sem Promocao,True,3
13051,2025-03-31,8,Casquinha,Nao Informado,1,,Nao Informado,AM,App,True,CLI7078,2025-03-31,1900-01-01 08:45:00,08:45,True,True,False,False,False,True,True,False,False,False,False,False,False,valor_total_nulo,False,False,2025,3,Marco,2025-03,T1,Segunda,31,Manha,,,,Com Promocao,True,6
13062,2025-08-11,17,Pote,Chocolate,-4,-21.27,Araújo,PE,Loja Física,True,CLI9158,2025-08-11,1900-01-01 17:15:00,17:15,False,False,False,False,True,False,True,False,False,False,False,False,False,quantidade_nao_positiva_ou_nula;valor_total_nao_positivo,False,False,2025,8,Agosto,2025-08,T3,Segunda,11,Tarde,-21.27,5.32,5.32,Com Promocao,True,6
13067,2025-07-27,8,Casquinha,Baunilha,-3,-31.47,Sá,BA,App,True,CLI3012,2025-07-27,1900-01-01 08:15:00,08:15,False,False,False,False,True,False,True,False,False,False,False,False,False,quantidade_nao_positiva_ou_nula;valor_total_nao_positivo,False,True,2025,7,Julho,2025-07,T3,Domingo,27,Manha,-31.47,10.49,10.49,Com Promocao,True,8
13106,2025-07-14,9,Pote,Nao Informado,5,,Nao Informado,RN,Parceiro,False,CLI6560,2025-07-14,1900-01-01 09:00:00,09:00,True,True,False,False,False,True,True,False,False,False,False,False,False,valor_total_nulo,False,False,2025,7,Julho,2025-07,T3,Segunda,14,Manha,,,,Sem Promocao,True,8
13147,2025-04-04,9,Pote,Açaí,-3,-19.08,Sales Do Amparo,SE,Loja Física,False,CLI9215,2025-04-04,1900-01-01 09:45:00,09:45,False,False,False,False,True,False,True,False,False,False,False,False,False,quantidade_nao_positiva_ou_nula;valor_total_nao_positivo,False,False,2025,4,Abril,2025-04,T2,Sexta,4,Manha,-19.08,6.36,6.36,Sem Promocao,True,7
13267,2025-07-25,13,Milkshake,Cookies,-1,-10.07,Santos,PR,App,True,CLI2918,2025-07-25,1900-01-01 13:00:00,13:00,False,False,False,False,True,False,True,False,False,False,False,False,False,quantidade_nao_positiva_ou_nula;valor_total_nao_positivo,False,False,2025,7,Julho,2025-07,T3,Sexta,25,Tarde,-10.07,10.07,10.07,Com Promocao,True,6
13284,2025-07-04,19,Casquinha,Menta,-1,-7.16,Nascimento De Freitas,PA,App,False,CLI7862,2025-07-04,1900-01-01 19:30:00,19:30,False,False,False,False,True,False,True,False,False,False,False,False,False,quantidade_nao_positiva_ou_nula;valor_total_nao_positivo,False,False,2025,7,Julho,2025-07,T3,Sexta,4,Noite,-7.16,7.16,7.16,Sem Promocao,True,3
13310,2025-05-06,20,Pote,Açaí,-1,-9.9,Vasconcelos Dos Dourados,RJ,App,True,CLI9772,2025-05-06,1900-01-01 20:30:00,20:30,False,False,False,False,True,False,True,False,False,False,False,False,False,quantidade_nao_positiva_ou_nula;valor_total_nao_positivo,False,False,2025,5,Maio,2025-05,T2,Terca,6,Noite,-9.9,9.9,9.9,Com Promocao,True,7
13323,2025-03-07,19,Casquinha,Nao Informado,2,,Nao Informado,RJ,App,False,CLI6838,2025-03-07,1900-01-01 19:15:00,19:15,True,True,False,False,False,True,True,False,False,False,False,False,False,valor_total_nulo,False,False,2025,3,Marco,2025-03,T1,Sexta,7,Noite,,,,Sem Promocao,True,6
13346,2025-03-21,14,Pote,Chocolate,0,0.0,Monteiro De Goiás,SC,App,True,CLI8292,2025-03-21,1900-01-01 14:15:00,14:15,False,False,False,False,True,False,True,False,False,False,False,False,False,quantidade_nao_positiva_ou_nula;valor_total_nao_positivo,False,False,2025,3,Marco,2025-03,T1,Sexta,21,Tarde,0.0,,,Com Promocao,True,12
13357,2025-05-24,13,Milkshake,Chocolate,-1,-7.93,Monteiro,PE,Loja Física,False,CLI8509,2025-05-24,1900-01-01 13:30:00,13:30,False,False,False,False,True,False,True,False,False,False,False,False,False,quantidade_nao_positiva_ou_nula;valor_total_nao_positivo,False,False,2025,5,Maio,2025-05,T2,Sabado,24,Tarde,-7.93,7.93,7.93,Sem Promocao,True,7
13368,2025-03-09,20,Milkshake,Menta,-1,-9.27,Sampaio,SC,Parceiro,True,CLI9804,2025-03-09,1900-01-01 20:15:00,20:15,False,False,False,False,True,False,True,False,False,False,False,False,False,quantidade_nao_positiva_ou_nula;valor_total_nao_positivo,False,False,2025,3,Marco,2025-03,T1,Domingo,9,Noite,-9.27,9.27,9.27,Com Promocao,True,7
13378,2025-07-12,14,Milkshake,Nao Informado,4,,Nao Informado,PB,Parceiro,False,CLI4805,2025-07-12,1900-01-01 14:45:00,14:45,True,True,False,False,False,True,True,False,False,False,False,False,False,valor_total_nulo,False,False,2025,7,Julho,2025-07,T3,Sabado,12,Tarde,,,,Sem Promocao,True,5
13393,2025-03-08,20,Casquinha,Baunilha,0,0.0,Leão,ES,Parceiro,True,CLI9276,2025-03-08,1900-01-01 20:00:00,20:00,False,False,False,False,True,False,True,False,False,False,False,False,False,quantidade_nao_positiva_ou_nula;valor_total_nao_positivo,False,False,2025,3,Marco,2025-03,T1,Sabado,8,Noite,0.0,,,Com Promocao,True,8
13441,2025-03-10,18,Casquinha,Cookies,-4,-46.6,Moura De Souza,MG,Loja Física,False,CLI4153,2025-03-10,1900-01-01 18:15:00,18:15,False,False,False,False,True,False,True,False,False,False,False,False,False,quantidade_nao_positiva_ou_nula;valor_total_nao_positivo,False,True,2025,3,Marco,2025-03,T1,Segunda,10,Noite,-46.6,11.65,11.65,Sem Promocao,True,6
13450,2025-08-10,16,Milkshake,Cookies,0,0.0,Da Rocha,CE,App,False,CLI6723,2025-08-10,1900-01-01 16:15:00,16:15,False,False,False,False,True,False,True,False,False,False,False,False,False,quantidade_nao_positiva_ou_nula;valor_total_nao_positivo,False,False,2025,8,Agosto,2025-08,T3,Domingo,10,Tarde,0.0,,,Sem Promocao,True,6
13542,2025-05-15,16,Sundae,Cookies,-2,-22.58,Rodrigues Do Sul,AL,Parceiro,False,CLI4208,2025-05-15,1900-01-01 16:00:00,16:00,False,False,False,False,True,False,True,False,False,False,False,False,False,quantidade_nao_positiva_ou_nula;valor_total_nao_positivo,False,True,2025,5,Maio,2025-05,T2,Quinta,15,Tarde,-22.58,11.29,11.29,Sem Promocao,True,7
13556,2025-09-20,12,Casquinha,Cookies,-1,-6.75,Guerra Da Mata,SP,Loja Física,True,CLI1795,2025-09-20,1900-01-01 12:15:00,12:15,False,False,False,False,True,False,True,False,False,False,False,False,False,quantidade_nao_positiva_ou_nula;valor_total_nao_positivo,False,False,2025,9,Setembro,2025-09,T3,Sabado,20,Tarde,-6.75,6.75,6.75,Com Promocao,True,4
13674,2025-06-16,12,Pote,Nao Informado,5,,Nao Informado,MT,App,True,CLI2026,2025-06-16,1900-01-01 12:00:00,12:00,True,True,False,False,False,True,True,False,False,False,False,False,False,valor_total_nulo,False,False,2025,6,Junho,2025-06,T2,Segunda,16,Tarde,,,,Com Promocao,True,5
13676,2025-05-20,14,Milkshake,Limão,-3,-28.26,Ribeiro,SE,App,False,CLI1035,2025-05-20,1900-01-01 14:00:00,14:00,False,False,False,False,True,False,True,False,False,False,False,False,False,quantidade_nao_positiva_ou_nula;valor_total_nao_positivo,False,True,2025,5,Maio,2025-05,T2,Terca,20,Tarde,-28.26,9.42,9.42,Sem Promocao,True,8
13695,2025-06-27,18,Pote,Morango,-5,-44.95,Silva,PE,Parceiro,False,CLI1397,2025-06-27,1900-01-01 18:30:00,18:30,False,False,False,False,True,False,True,False,False,False,False,False,False,quantidade_nao_positiva_ou_nula;valor_total_nao_positivo,False,True,2025,6,Junho,2025-06,T2,Sexta,27,Noite,-44.95,8.99,8.99,Sem Promocao,True,7
13757,2025-04-02,9,Pote,Nao Informado,5,,Nao Informado,RJ,Loja Física,True,CLI5957,2025-04-02,1900-01-01 09:00:00,09:00,True,True,False,False,False,True,True,False,False,False,False,False,False,valor_total_nulo,False,False,2025,4,Abril,2025-04,T2,Quarta,2,Manha,,,,Com Promocao,True,5
13765,2025-03-02,22,Milkshake,Morango,0,0.0,Rios Da Mata,PE,App,False,CLI1597,2025-03-02,1900-01-01 22:15:00,22:15,False,False,False,False,True,False,True,False,False,False,False,False,False,quantidade_nao_positiva_ou_nula;valor_total_nao_positivo,False,False,2025,3,Marco,2025-03,T1,Domingo,2,Noite,0.0,,,Sem Promocao,True,8
13767,2025-07-03,13,Picolé,Caramelo,0,0.0,Mendes,DF,Parceiro,False,CLI8712,2025-07-03,1900-01-01 13:15:00,13:15,False,False,False,False,True,False,True,False,False,False,False,False,False,quantidade_nao_positiva_ou_nula;valor_total_nao_positivo,False,False,2025,7,Julho,2025-07,T3,Quinta,3,Tarde,0.0,,,Sem Promocao,True,7
13768,2025-06-23,14,Casquinha,Menta,-1,-13.92,Montenegro De Azevedo,AL,Loja Física,False,CLI6246,2025-06-23,1900-01-01 14:30:00,14:30,False,False,False,False,True,False,True,False,False,False,False,False,False,quantidade_nao_positiva_ou_nula;valor_total_nao_positivo,False,False,2025,6,Junho,2025-06,T2,Segunda,23,Tarde,-13.92,13.92,13.92,Sem Promocao,True,7
13779,2025-03-27,19,Pote,Caramelo,0,0.0,Freitas De Vasconcelos,SP,Loja Física,True,CLI4336,2025-03-27,1900-01-01 19:15:00,19:15,False,False,False,False,True,False,True,False,False,False,False,False,False,quantidade_nao_positiva_ou_nula;valor_total_nao_positivo,False,False,2025,3,Marco,2025-03,T1,Quinta,27,Noite,0.0,,,Com Promocao,True,4
13784,2025-08-29,20,Milkshake,Menta,-2,-19.51,Fonseca Dos Dourados,PA,Loja Física,True,CLI5695,2025-08-29,1900-01-01 20:00:00,20:00,False,False,False,False,True,False,True,False,False,False,False,False,False,quantidade_nao_positiva_ou_nula;valor_total_nao_positivo,False,False,2025,8,Agosto,2025-08,T3,Sexta,29,Noite,-19.51,9.76,9.76,Com Promocao,True,9
13797,2025-06-22,8,Casquinha,Nao Informado,1,,Nao Informado,PE,Parceiro,True,CLI2675,2025-06-22,1900-01-01 08:30:00,08:30,True,True,False,False,False,True,True,False,False,False,False,False,False,valor_total_nulo,False,False,2025,6,Junho,2025-06,T2,Domingo,22,Manha,,,,Com Promocao,True,6
13831,2025-04-17,20,Milkshake,Nao Informado,1,,Nao Informado,RR,Parceiro,True,CLI7227,2025-04-17,1900-01-01 20:00:00,20:00,True,True,False,False,False,True,True,False,False,False,False,False,False,valor_total_nulo,False,False,2025,4,Abril,2025-04,T2,Quinta,17,Noite,,,,Com Promocao,True,10
13893,2025-03-16,8,Picolé,Nao Informado,1,,Nao Informado,MT,Parceiro,False,CLI5523,2025-03-16,1900-01-01 08:15:00,08:15,True,True,False,False,False,True,True,False,False,False,False,False,False,valor_total_nulo,False,False,2025,3,Marco,2025-03,T1,Domingo,16,Manha,,,,Sem Promocao,True,11
13895,2025-07-10,18,Casquinha,Nao Informado,2,,Nao Informado,PB,App,True,CLI1105,2025-07-10,1900-01-01 18:45:00,18:45,True,True,False,False,False,True,True,False,False,False,False,False,False,valor_total_nulo,False,False,2025,7,Julho,2025-07,T3,Quinta,10,Noite,,,,Com Promocao,True,9
13921,2025-05-17,15,Pote,Nao Informado,5,,Nao Informado,MT,App,False,CLI9673,2025-05-17,1900-01-01 15:00:00,15:00,True,True,False,False,False,True,True,False,False,False,False,False,False,valor_total_nulo,False,False,2025,5,Maio,2025-05,T2,Sabado,17,Tarde,,,,Sem Promocao,True,6
13929,2025-05-10,15,Sundae,Baunilha,-1,-5.93,Campos De Azevedo,SP,Loja Física,True,CLI5789,2025-05-10,1900-01-01 15:15:00,15:15,False,False,False,False,True,False,True,False,False,False,False,False,False,quantidade_nao_positiva_ou_nula;valor_total_nao_positivo,False,False,2025,5,Maio,2025-05,T2,Sabado,10,Tarde,-5.93,5.93,5.93,Com Promocao,True,5
13973,2025-07-03,12,Casquinha,Baunilha,-1,-13.27,Lopes,CE,App,False,CLI9195,2025-07-03,1900-01-01 12:30:00,12:30,False,False,False,False,True,False,True,False,False,False,False,False,False,quantidade_nao_positiva_ou_nula;valor_total_nao_positivo,False,False,2025,7,Julho,2025-07,T3,Quinta,3,Tarde,-13.27,13.27,13.27,Sem Promocao,True,7
13992,2025-05-09,22,Milkshake,Limão,-1,-7.27,Guerra,RS,App,True,CLI4828,2025-05-09,1900-01-01 22:00:00,22:00,False,False,False,False,True,False,True,False,False,False,False,False,False,quantidade_nao_positiva_ou_nula;valor_total_nao_positivo,False,False,2025,5,Maio,2025-05,T2,Sexta,9,Noite,-7.27,7.27,7.27,Com Promocao,True,4
14032,2025-03-28,18,Sundae,Nao Informado,5,,Nao Informado,DF,App,False,CLI5410,2025-03-28,1900-01-01 18:30:00,18:30,True,True,False,False,False,True,True,False,False,False,False,False,False,valor_total_nulo,False,False,2025,3,Marco,2025-03,T1,Sexta,28,Noite,,,,Sem Promocao,True,5
14040,2025-08-22,15,Milkshake,Morango,0,0.0,Santos Do Norte,TO,Loja Física,False,CLI4487,2025-08-22,1900-01-01 15:15:00,15:15,False,False,False,False,True,False,True,False,False,False,False,False,False,quantidade_nao_positiva_ou_nula;valor_total_nao_positivo,False,False,2025,8,Agosto,2025-08,T3,Sexta,22,Tarde,0.0,,,Sem Promocao,True,8
14050,2025-06-30,15,Picolé,Nao Informado,1,,Nao Informado,SP,Parceiro,False,CLI2807,2025-06-30,1900-01-01 15:00:00,15:00,True,True,False,False,False,True,True,False,False,False,False,False,False,valor_total_nulo,False,False,2025,6,Junho,2025-06,T2,Segunda,30,Tarde,,,,Sem Promocao,True,4
14052,2025-03-12,13,Picolé,Nao Informado,1,,Nao Informado,PE,Loja Física,False,CLI5766,2025-03-12,1900-01-01 13:00:00,13:00,True,True,False,False,False,True,True,False,False,False,False,False,False,valor_total_nulo,False,False,2025,3,Marco,2025-03,T1,Quarta,12,Tarde,,,,Sem Promocao,True,4
14107,2025-05-08,19,Casquinha,Chocolate,-3,-34.74,Rezende,PI,App,True,CLI7718,2025-05-08,1900-01-01 19:30:00,19:30,False,False,False,False,True,False,True,False,False,False,False,False,False,quantidade_nao_positiva_ou_nula;valor_total_nao_positivo,False,True,2025,5,Maio,2025-05,T2,Quinta,8,Noite,-34.74,11.58,11.58,Com Promocao,True,5
14122,2025-07-19,22,Milkshake,Açaí,-1,-9.37,Vasconcelos,PA,Parceiro,True,CLI9137,2025-07-19,1900-01-01 22:00:00,22:00,False,False,False,False,True,False,True,False,False,False,False,False,False,quantidade_nao_positiva_ou_nula;valor_total_nao_positivo,False,False,2025,7,Julho,2025-07,T3,Sabado,19,Noite,-9.37,9.37,9.37,Com Promocao,True,8
14177,2025-05-19,18,Pote,Limão,-1,-12.76,Costa Verde,PA,Parceiro,False,CLI9905,2025-05-19,1900-01-01 18:30:00,18:30,False,False,False,False,True,False,True,False,False,False,False,False,False,quantidade_nao_positiva_ou_nula;valor_total_nao_positivo,False,False,2025,5,Maio,2025-05,T2,Segunda,19,Noite,-12.76,12.76,12.76,Sem Promocao,True,4
14255,2025-09-03,13,Sundae,Cookies,-1,-4.51,Leão,RS,App,True,CLI3214,2025-09-03,1900-01-01 13:15:00,13:15,False,False,False,False,True,False,True,False,False,False,False,False,False,quantidade_nao_positiva_ou_nula;valor_total_nao_positivo,False,False,2025,9,Setembro,2025-09,T3,Quarta,3,Tarde,-4.51,4.51,4.51,Com Promocao,True,5
14330,2025-08-06,18,Pote,Baunilha,-4,-17.23,Cavalcanti,TO,Parceiro,True,CLI2522,2025-08-06,1900-01-01 18:30:00,18:30,False,False,False,False,True,False,True,False,False,False,False,False,False,quantidade_nao_positiva_ou_nula;valor_total_nao_positivo,False,False,2025,8,Agosto,2025-08,T3,Quarta,6,Noite,-17.23,4.31,4.31,Com Promocao,True,8
14370,2025-06-16,14,Picolé,Nao Informado,5,,Nao Informado,RS,Loja Física,False,CLI1012,2025-06-16,1900-01-01 14:30:00,14:30,True,True,False,False,False,True,True,False,False,False,False,False,False,valor_total_nulo,False,False,2025,6,Junho,2025-06,T2,Segunda,16,Tarde,,,,Sem Promocao,True,8
14373,2025-04-02,18,Picolé,Cookies,-1,-9.76,Da Rosa,MA,Loja Física,False,CLI2701,2025-04-02,1900-01-01 18:30:00,18:30,False,False,False,False,True,False,True,False,False,False,False,False,False,quantidade_nao_positiva_ou_nula;valor_total_nao_positivo,False,False,2025,4,Abril,2025-04,T2,Quarta,2,Noite,-9.76,9.76,9.76,Sem Promocao,True,13
14466,2025-05-20,16,Milkshake,Nao Informado,3,,Nao Informado,SP,App,False,CLI7583,2025-05-20,1900-01-01 16:15:00,16:15,True,True,False,False,False,True,True,False,False,False,False,False,False,valor_total_nulo,False,False,2025,5,Maio,2025-05,T2,Terca,20,Tarde,,,,Sem Promocao,True,3
14602,2025-05-14,16,Milkshake,Açaí,0,0.0,Campos,PR,App,True,CLI1225,2025-05-14,1900-01-01 16:30:00,16:30,False,False,False,False,True,False,True,False,False,False,False,False,False,quantidade_nao_positiva_ou_nula;valor_total_nao_positivo,False,False,2025,5,Maio,2025-05,T2,Quarta,14,Tarde,0.0,,,Com Promocao,True,9
14611,2025-07-25,22,Pote,Caramelo,-1,-13.4,Pires De Minas,AL,App,False,CLI2948,2025-07-25,1900-01-01 22:00:00,22:00,False,False,False,False,True,False,True,False,False,False,False,False,False,quantidade_nao_positiva_ou_nula;valor_total_nao_positivo,False,False,2025,7,Julho,2025-07,T3,Sexta,25,Noite,-13.4,13.4,13.4,Sem Promocao,True,11
14670,2025-04-08,20,Pote,Menta,-3,-28.59,Moraes,AL,Loja Física,True,CLI4093,2025-04-08,1900-01-01 20:45:00,20:45,False,False,False,False,True,False,True,False,False,False,False,False,False,quantidade_nao_positiva_ou_nula;valor_total_nao_positivo,False,True,2025,4,Abril,2025-04,T2,Terca,8,Noite,-28.59,9.53,9.53,Com Promocao,True,7
14708,2025-08-21,16,Sundae,Morango,-4,-17.5,Da Paz Das Flores,DF,Parceiro,True,CLI1005,2025-08-21,1900-01-01 16:00:00,16:00,False,False,False,False,True,False,True,False,False,False,False,False,False,quantidade_nao_positiva_ou_nula;valor_total_nao_positivo,False,False,2025,8,Agosto,2025-08,T3,Quinta,21,Tarde,-17.5,4.38,4.38,Com Promocao,True,8
14789,2025-06-12,19,Milkshake,Menta,-4,-32.45,Rocha De Nogueira,RS,Parceiro,True,CLI2654,2025-06-12,1900-01-01 19:15:00,19:15,False,False,False,False,True,False,True,False,False,False,False,False,False,quantidade_nao_positiva_ou_nula;valor_total_nao_positivo,False,True,2025,6,Junho,2025-06,T2,Quinta,12,Noite,-32.45,8.11,8.11,Com Promocao,True,4
14792,2025-03-26,11,Picolé,Caramelo,0,0.0,Da Mata,PE,Loja Física,True,CLI5193,2025-03-26,1900-01-01 11:15:00,11:15,False,False,False,False,True,False,True,False,False,False,False,False,False,quantidade_nao_positiva_ou_nula;valor_total_nao_positivo,False,False,2025,3,Marco,2025-03,T1,Quarta,26,Manha,0.0,,,Com Promocao,True,8
14801,2025-02-21,9,Milkshake,Menta,-5,-73.85,Sales Grande,MA,Parceiro,False,CLI4334,2025-02-21,1900-01-01 09:15:00,09:15,False,False,False,False,True,False,True,False,False,False,False,False,False,quantidade_nao_positiva_ou_nula;valor_total_nao_positivo,False,True,2025,2,Fevereiro,2025-02,T1,Sexta,21,Manha,-73.85,14.77,14.77,Sem Promocao,True,7
14805,2025-02-28,10,Pote,Açaí,-2,-15.76,Cirino Grande,DF,Loja Física,False,CLI5844,2025-02-28,1900-01-01 10:15:00,10:15,False,False,False,False,True,False,True,False,False,False,False,False,False,quantidade_nao_positiva_ou_nula;valor_total_nao_positivo,False,False,2025,2,Fevereiro,2025-02,T1,Sexta,28,Manha,-15.76,7.88,7.88,Sem Promocao,True,8
14820,2025-04-14,18,Picolé,Nao Informado,5,,Nao Informado,MA,Loja Física,False,CLI7463,2025-04-14,1900-01-01 18:45:00,18:45,True,True,False,False,False,True,True,False,False,False,False,False,False,valor_total_nulo,False,False,2025,4,Abril,2025-04,T2,Segunda,14,Noite,,,,Sem Promocao,True,10
14891,2025-07-31,19,Casquinha,Cookies,-5,-18.71,Pastor Do Norte,SE,Parceiro,True,CLI5106,2025-07-31,1900-01-01 19:45:00,19:45,False,False,False,False,True,False,True,False,False,False,False,False,False,quantidade_nao_positiva_ou_nula;valor_total_nao_positivo,False,False,2025,7,Julho,2025-07,T3,Quinta,31,Noite,-18.71,3.74,3.74,Com Promocao,True,6
14902,2025-04-18,22,Picolé,Cookies,0,0.0,Marques Das Flores,AC,Loja Física,False,CLI5861,2025-04-18,1900-01-01 22:30:00,22:30,False,False,False,False,True,False,True,False,False,False,False,False,False,quantidade_nao_positiva_ou_nula;valor_total_nao_positivo,False,False,2025,4,Abril,2025-04,T2,Sexta,18,Noite,0.0,,,Sem Promocao,True,7
14919,2025-06-10,18,Casquinha,Chocolate,-1,-11.29,Da Mata Do Amparo,MA,Loja Física,True,CLI8280,2025-06-10,1900-01-01 18:00:00,18:00,False,False,False,False,True,False,True,False,False,False,False,False,False,quantidade_nao_positiva_ou_nula;valor_total_nao_positivo,False,False,2025,6,Junho,2025-06,T2,Terca,10,Noite,-11.29,11.29,11.29,Com Promocao,True,8
14929,2025-03-01,12,Sundae,Morango,-3,-20.56,Cunha,GO,Parceiro,True,CLI3308,2025-03-01,1900-01-01 12:45:00,12:45,False,False,False,False,True,False,True,False,False,False,False,False,False,quantidade_nao_positiva_ou_nula;valor_total_nao_positivo,False,False,2025,3,Marco,2025-03,T1,Sabado,1,Tarde,-20.56,6.85,6.85,Com Promocao,True,8
14952,2025-04-07,10,Milkshake,Açaí,-4,-23.72,Nogueira,MT,App,False,CLI4026,2025-04-07,1900-01-01 10:00:00,10:00,False,False,False,False,True,False,True,False,False,False,False,False,False,quantidade_nao_positiva_ou_nula;valor_total_nao_positivo,False,True,2025,4,Abril,2025-04,T2,Segunda,7,Manha,-23.72,5.93,5.93,Sem Promocao,True,6
14975,2025-02-24,14,Pote,Limão,-2,-18.12,Marques,AL,Loja Física,False,CLI7247,2025-02-24,1900-01-01 14:00:00,14:00,False,False,False,False,True,False,True,False,False,False,False,False,False,quantidade_nao_positiva_ou_nula;valor_total_nao_positivo,False,False,2025,2,Fevereiro,2025-02,T1,Segunda,24,Tarde,-18.12,9.06,9.06,Sem Promocao,True,7
14980,2025-04-25,8,Picolé,Morango,-2,-13.1,Macedo Do Galho,RR,App,False,CLI6728,2025-04-25,1900-01-01 08:45:00,08:45,False,False,False,False,True,False,True,False,False,False,False,False,False,quantidade_nao_positiva_ou_nula;valor_total_nao_positivo,False,False,2025,4,Abril,2025-04,T2,Sexta,25,Manha,-13.1,6.55,6.55,Sem Promocao,True,9
15007,2025-07-09,8,Pote,Limão,0,0.0,Sales,ES,Parceiro,False,CLI3645,2025-07-09,1900-01-01 08:45:00,08:45,False,False,False,False,True,False,True,False,False,False,False,False,False,quantidade_nao_positiva_ou_nula;valor_total_nao_positivo,False,False,2025,7,Julho,2025-07,T3,Quarta,9,Manha,0.0,,,Sem Promocao,True,8
15063,2025-08-18,11,Sundae,Nao Informado,5,,Nao Informado,PR,Loja Física,False,CLI9142,2025-08-18,1900-01-01 11:00:00,11:00,True,True,False,False,False,True,True,False,False,False,False,False,False,valor_total_nulo,False,False,2025,8,Agosto,2025-08,T3,Segunda,18,Manha,,,,Sem Promocao,True,6
15109,2025-04-18,21,Picolé,Chocolate,0,0.0,Costa,RJ,Parceiro,True,CLI2359,2025-04-18,1900-01-01 21:15:00,21:15,False,False,False,False,True,False,True,False,False,False,False,False,False,quantidade_nao_positiva_ou_nula;valor_total_nao_positivo,False,False,2025,4,Abril,2025-04,T2,Sexta,18,Noite,0.0,,,Com Promocao,True,5
15152,2025-05-26,22,Sundae,Menta,-1,-4.08,Da Conceição De Da Costa,SE,App,True,CLI2183,2025-05-26,1900-01-01 22:30:00,22:30,False,False,False,False,True,False,True,False,False,False,False,False,False,quantidade_nao_positiva_ou_nula;valor_total_nao_positivo,False,False,2025,5,Maio,2025-05,T2,Segunda,26,Noite,-4.08,4.08,4.08,Com Promocao,True,5
15153,2025-05-13,11,Pote,Nao Informado,1,,Nao Informado,RN,App,False,CLI3813,2025-05-13,1900-01-01 11:00:00,11:00,True,True,False,False,False,True,True,False,False,False,False,False,False,valor_total_nulo,False,False,2025,5,Maio,2025-05,T2,Terca,13,Manha,,,,Sem Promocao,True,7
15265,2025-07-05,9,Sundae,Baunilha,-5,-30.02,Sales Do Sul,RR,Parceiro,True,CLI4125,2025-07-05,1900-01-01 09:30:00,09:30,False,False,False,False,True,False,True,False,False,False,False,False,False,quantidade_nao_positiva_ou_nula;valor_total_nao_positivo,False,True,2025,7,Julho,2025-07,T3,Sabado,5,Manha,-30.02,6.0,6.0,Com Promocao,True,7
15290,2025-04-30,21,Sundae,Chocolate,0,0.0,Fogaça,PR,Parceiro,True,CLI2920,2025-04-30,1900-01-01 21:45:00,21:45,False,False,False,False,True,False,True,False,False,False,False,False,False,quantidade_nao_positiva_ou_nula;valor_total_nao_positivo,False,False,2025,4,Abril,2025-04,T2,Quarta,30,Noite,0.0,,,Com Promocao,True,5
15305,2025-05-18,21,Milkshake,Nao Informado,3,,Nao Informado,RO,App,False,CLI5243,2025-05-18,1900-01-01 21:45:00,21:45,True,True,False,False,False,True,True,False,False,False,False,False,False,valor_total_nulo,False,False,2025,5,Maio,2025-05,T2,Domingo,18,Noite,,,,Sem Promocao,True,9
15326,2025-08-15,15,Sundae,Nao Informado,4,,Nao Informado,PB,Parceiro,True,CLI7057,2025-08-15,1900-01-01 15:15:00,15:15,True,True,False,False,False,True,True,False,False,False,False,False,False,valor_total_nulo,False,False,2025,8,Agosto,2025-08,T3,Sexta,15,Tarde,,,,Com Promocao,True,9
15359,2025-07-21,16,Picolé,Caramelo,0,0.0,Correia,AP,Parceiro,False,CLI5626,2025-07-21,1900-01-01 16:45:00,16:45,False,False,False,False,True,False,True,False,False,False,False,False,False,quantidade_nao_positiva_ou_nula;valor_total_nao_positivo,False,False,2025,7,Julho,2025-07,T3,Segunda,21,Tarde,0.0,,,Sem Promocao,True,4
15384,2025-08-05,11,Picolé,Baunilha,-4,-46.6,Das Neves,RJ,Loja Física,False,CLI8221,2025-08-05,1900-01-01 11:45:00,11:45,False,False,False,False,True,False,True,False,False,False,False,False,False,quantidade_nao_positiva_ou_nula;valor_total_nao_positivo,False,True,2025,8,Agosto,2025-08,T3,Terca,5,Manha,-46.6,11.65,11.65,Sem Promocao,True,10
15394,2025-04-26,19,Picolé,Morango,-3,-34.31,Nascimento,MT,App,True,CLI3182,2025-04-26,1900-01-01 19:30:00,19:30,False,False,False,False,True,False,True,False,False,False,False,False,False,quantidade_nao_positiva_ou_nula;valor_total_nao_positivo,False,True,2025,4,Abril,2025-04,T2,Sabado,26,Noite,-34.31,11.44,11.44,Com Promocao,True,7
15406,2025-04-01,12,Milkshake,Limão,-1,-8.01,Novaes De Minas,MT,Loja Física,False,CLI9809,2025-04-01,1900-01-01 12:45:00,12:45,False,False,False,False,True,False,True,False,False,False,False,False,False,quantidade_nao_positiva_ou_nula;valor_total_nao_positivo,False,False,2025,4,Abril,2025-04,T2,Terca,1,Tarde,-8.01,8.01,8.01,Sem Promocao,True,4
15460,2025-07-30,12,Milkshake,Morango,-1,-5.99,Pires,MG,Loja Física,False,CLI8682,2025-07-30,1900-01-01 12:15:00,12:15,False,False,False,False,True,False,True,False,False,False,False,False,False,quantidade_nao_positiva_ou_nula;valor_total_nao_positivo,False,False,2025,7,Julho,2025-07,T3,Quarta,30,Tarde,-5.99,5.99,5.99,Sem Promocao,True,4
15483,2025-03-14,22,Picolé,Nao Informado,4,,Nao Informado,PI,Parceiro,False,CLI4537,2025-03-14,1900-01-01 22:45:00,22:45,True,True,False,False,False,True,True,False,False,False,False,False,False,valor_total_nulo,False,False,2025,3,Marco,2025-03,T1,Sexta,14,Noite,,,,Sem Promocao,True,4
15525,2025-03-16,8,Casquinha,Caramelo,-4,-25.47,Almeida De Gomes,CE,Parceiro,True,CLI6026,2025-03-16,1900-01-01 08:15:00,08:15,False,False,False,False,True,False,True,False,False,False,False,False,False,quantidade_nao_positiva_ou_nula;valor_total_nao_positivo,False,True,2025,3,Marco,2025-03,T1,Domingo,16,Manha,-25.47,6.37,6.37,Com Promocao,True,11
15530,2025-03-04,13,Picolé,Limão,-5,-27.75,Melo,RR,App,False,CLI1367,2025-03-04,1900-01-01 13:15:00,13:15,False,False,False,False,True,False,True,False,False,False,False,False,False,quantidade_nao_positiva_ou_nula;valor_total_nao_positivo,False,True,2025,3,Marco,2025-03,T1,Terca,4,Tarde,-27.75,5.55,5.55,Sem Promocao,True,7
15538,2025-04-01,18,Pote,Caramelo,-2,-14.66,Azevedo,DF,Loja Física,False,CLI9624,2025-04-01,1900-01-01 18:45:00,18:45,False,False,False,False,True,False,True,False,False,False,False,False,False,quantidade_nao_positiva_ou_nula;valor_total_nao_positivo,False,False,2025,4,Abril,2025-04,T2,Terca,1,Noite,-14.66,7.33,7.33,Sem Promocao,True,13
15588,2025-06-29,18,Picolé,Limão,-1,-6.72,Moura,RS,App,True,CLI1341,2025-06-29,1900-01-01 18:30:00,18:30,False,False,False,False,True,False,True,False,False,False,False,False,False,quantidade_nao_positiva_ou_nula;valor_total_nao_positivo,False,False,2025,6,Junho,2025-06,T2,Domingo,29,Noite,-6.72,6.72,6.72,Com Promocao,True,10
15589,2025-06-14,17,Picolé,Chocolate,-2,-24.66,Marques,TO,Parceiro,False,CLI3415,2025-06-14,1900-01-01 17:00:00,17:00,False,False,False,False,True,False,True,False,False,False,False,False,False,quantidade_nao_positiva_ou_nula;valor_total_nao_positivo,False,True,2025,6,Junho,2025-06,T2,Sabado,14,Tarde,-24.66,12.33,12.33,Sem Promocao,True,4
15603,2025-03-11,17,Pote,Nao Informado,3,,Nao Informado,DF,Parceiro,False,CLI3434,2025-03-11,1900-01-01 17:45:00,17:45,True,True,False,False,False,True,True,False,False,False,False,False,False,valor_total_nulo,False,False,2025,3,Marco,2025-03,T1,Terca,11,Tarde,,,,Sem Promocao,True,4
15661,2025-05-15,12,Milkshake,Limão,-3,-29.48,Campinas,RS,Parceiro,True,CLI2622,2025-05-15,1900-01-01 12:45:00,12:45,False,False,False,False,True,False,True,False,False,False,False,False,False,quantidade_nao_positiva_ou_nula;valor_total_nao_positivo,False,True,2025,5,Maio,2025-05,T2,Quinta,15,Tarde,-29.48,9.83,9.83,Com Promocao,True,5
15667,2025-05-31,22,Picolé,Açaí,-3,-14.19,Ramos De Goiás,PR,Parceiro,True,CLI3987,2025-05-31,1900-01-01 22:00:00,22:00,False,False,False,False,True,False,True,False,False,False,False,False,False,quantidade_nao_positiva_ou_nula;valor_total_nao_positivo,False,False,2025,5,Maio,2025-05,T2,Sabado,31,Noite,-14.19,4.73,4.73,Com Promocao,True,10
15696,2025-08-20,20,Casquinha,Nao Informado,1,,Nao Informado,PA,Parceiro,False,CLI4408,2025-08-20,1900-01-01 20:30:00,20:30,True,True,False,False,False,True,True,False,False,False,False,False,False,valor_total_nulo,False,False,2025,8,Agosto,2025-08,T3,Quarta,20,Noite,,,,Sem Promocao,True,10
15712,2025-06-16,10,Pote,Menta,-1,-8.68,Novaes,AC,Loja Física,True,CLI6388,2025-06-16,1900-01-01 10:45:00,10:45,False,False,False,False,True,False,True,False,False,False,False,False,False,quantidade_nao_positiva_ou_nula;valor_total_nao_positivo,False,False,2025,6,Junho,2025-06,T2,Segunda,16,Manha,-8.68,8.68,8.68,Com Promocao,True,12
15721,2025-07-12,22,Picolé,Baunilha,0,0.0,Sampaio,PR,Parceiro,False,CLI3465,2025-07-12,1900-01-01 22:15:00,22:15,False,False,False,False,True,False,True,False,False,False,False,False,False,quantidade_nao_positiva_ou_nula;valor_total_nao_positivo,False,False,2025,7,Julho,2025-07,T3,Sabado,12,Noite,0.0,,,Sem Promocao,True,5
15744,2025-06-04,21,Milkshake,Menta,-4,-28.83,Camargo De Melo,DF,Loja Física,True,CLI6695,2025-06-04,1900-01-01 21:00:00,21:00,False,False,False,False,True,False,True,False,False,False,False,False,False,quantidade_nao_positiva_ou_nula;valor_total_nao_positivo,False,True,2025,6,Junho,2025-06,T2,Quarta,4,Noite,-28.83,7.21,7.21,Com Promocao,True,6
15752,2025-08-15,14,Casquinha,Limão,-4,-45.45,Jesus,SP,Parceiro,True,CLI5997,2025-08-15,1900-01-01 14:00:00,14:00,False,False,False,False,True,False,True,False,False,False,False,False,False,quantidade_nao_positiva_ou_nula;valor_total_nao_positivo,False,True,2025,8,Agosto,2025-08,T3,Sexta,15,Tarde,-45.45,11.36,11.36,Com Promocao,True,6
15777,2025-05-17,10,Sundae,Chocolate,0,0.0,Mendonça,AC,App,False,CLI4246,2025-05-17,1900-01-01 10:45:00,10:45,False,False,False,False,True,False,True,False,False,False,False,False,False,quantidade_nao_positiva_ou_nula;valor_total_nao_positivo,False,False,2025,5,Maio,2025-05,T2,Sabado,17,Manha,0.0,,,Sem Promocao,True,8
15787,2025-03-16,8,Milkshake,Nao Informado,3,,Nao Informado,PI,App,False,CLI2700,2025-03-16,1900-01-01 08:30:00,08:30,True,True,False,False,False,True,True,False,False,False,False,False,False,valor_total_nulo,False,False,2025,3,Marco,2025-03,T1,Domingo,16,Manha,,,,Sem Promocao,True,5
15803,2025-06-16,14,Pote,Açaí,-3,-20.19,Silveira Da Praia,CE,Parceiro,False,CLI7251,2025-06-16,1900-01-01 14:00:00,14:00,False,False,False,False,True,False,True,False,False,False,False,False,False,quantidade_nao_positiva_ou_nula;valor_total_nao_positivo,False,False,2025,6,Junho,2025-06,T2,Segunda,16,Tarde,-20.19,6.73,6.73,Sem Promocao,True,10
15822,2025-04-24,16,Milkshake,Nao Informado,2,,Nao Informado,AL,App,False,CLI1905,2025-04-24,1900-01-01 16:45:00,16:45,True,True,False,False,False,True,True,False,False,False,False,False,False,valor_total_nulo,False,False,2025,4,Abril,2025-04,T2,Quinta,24,Tarde,,,,Sem Promocao,True,8
15909,2025-07-06,8,Sundae,Menta,0,0.0,Santos,AL,Parceiro,True,CLI2100,2025-07-06,1900-01-01 08:15:00,08:15,False,False,False,False,True,False,True,False,False,False,False,False,False,quantidade_nao_positiva_ou_nula;valor_total_nao_positivo,False,False,2025,7,Julho,2025-07,T3,Domingo,6,Manha,0.0,,,Com Promocao,True,5
15921,2025-07-09,10,Pote,Açaí,-1,-9.92,Barbosa,AC,Parceiro,False,CLI2524,2025-07-09,1900-01-01 10:15:00,10:15,False,False,False,False,True,False,True,False,False,False,False,False,False,quantidade_nao_positiva_ou_nula;valor_total_nao_positivo,False,False,2025,7,Julho,2025-07,T3,Quarta,9,Manha,-9.92,9.92,9.92,Sem Promocao,True,7
15985,2025-08-10,17,Milkshake,Caramelo,-5,-57.5,Siqueira De Da Conceição,BA,Parceiro,False,CLI6291,2025-08-10,1900-01-01 17:00:00,17:00,False,False,False,False,True,False,True,False,False,False,False,False,False,quantidade_nao_positiva_ou_nula;valor_total_nao_positivo,False,True,2025,8,Agosto,2025-08,T3,Domingo,10,Tarde,-57.5,11.5,11.5,Sem Promocao,True,9
16018,2025-03-22,15,Picolé,Nao Informado,2,,Nao Informado,BA,Loja Física,True,CLI9257,2025-03-22,1900-01-01 15:45:00,15:45,True,True,False,False,False,True,True,False,False,False,False,False,False,valor_total_nulo,False,False,2025,3,Marco,2025-03,T1,Sabado,22,Tarde,,,,Com Promocao,True,10
16028,2025-02-28,22,Sundae,Morango,-1,-4.41,Nogueira,RO,Parceiro,True,CLI6237,2025-02-28,1900-01-01 22:15:00,22:15,False,False,False,False,True,False,True,False,False,False,False,False,False,quantidade_nao_positiva_ou_nula;valor_total_nao_positivo,False,False,2025,2,Fevereiro,2025-02,T1,Sexta,28,Noite,-4.41,4.41,4.41,Com Promocao,True,6
16032,2025-03-27,9,Pote,Menta,-3,-28.25,Pimenta De Lima,RN,Parceiro,True,CLI9300,2025-03-27,1900-01-01 09:15:00,09:15,False,False,False,False,True,False,True,False,False,False,False,False,False,quantidade_nao_positiva_ou_nula;valor_total_nao_positivo,False,True,2025,3,Marco,2025-03,T1,Quinta,27,Manha,-28.25,9.42,9.42,Com Promocao,True,8
16075,2025-02-27,22,Milkshake,Morango,-1,-10.78,Garcia,PR,App,True,CLI8618,2025-02-27,1900-01-01 22:45:00,22:45,False,False,False,False,True,False,True,False,False,False,False,False,False,quantidade_nao_positiva_ou_nula;valor_total_nao_positivo,False,False,2025,2,Fevereiro,2025-02,T1,Quinta,27,Noite,-10.78,10.78,10.78,Com Promocao,True,3
16104,2025-07-19,15,Pote,Açaí,-1,-5.7,Freitas,TO,Parceiro,True,CLI8688,2025-07-19,1900-01-01 15:15:00,15:15,False,False,False,False,True,False,True,False,False,False,False,False,False,quantidade_nao_positiva_ou_nula;valor_total_nao_positivo,False,False,2025,7,Julho,2025-07,T3,Sabado,19,Tarde,-5.7,5.7,5.7,Com Promocao,True,4
16123,2025-07-09,9,Milkshake,Menta,-1,-12.17,Correia Do Norte,AL,Parceiro,True,CLI3282,2025-07-09,1900-01-01 09:30:00,09:30,False,False,False,False,True,False,True,False,False,False,False,False,False,quantidade_nao_positiva_ou_nula;valor_total_nao_positivo,False,False,2025,7,Julho,2025-07,T3,Quarta,9,Manha,-12.17,12.17,12.17,Com Promocao,True,8
16221,2025-06-01,10,Milkshake,Chocolate,-3,-31.33,Mendes Do Campo,BA,App,True,CLI8219,2025-06-01,1900-01-01 10:00:00,10:00,False,False,False,False,True,False,True,False,False,False,False,False,False,quantidade_nao_positiva_ou_nula;valor_total_nao_positivo,False,True,2025,6,Junho,2025-06,T2,Domingo,1,Manha,-31.33,10.44,10.44,Com Promocao,True,8
16359,2025-02-24,14,Sundae,Nao Informado,3,,Nao Informado,SC,Loja Física,False,CLI6963,2025-02-24,1900-01-01 14:00:00,14:00,True,True,False,False,False,True,True,False,False,False,False,False,False,valor_total_nulo,False,False,2025,2,Fevereiro,2025-02,T1,Segunda,24,Tarde,,,,Sem Promocao,True,4
16371,2025-02-26,10,Pote,Caramelo,-3,-44.76,Borges Da Mata,SE,App,False,CLI5609,2025-02-26,1900-01-01 10:15:00,10:15,False,False,False,False,True,False,True,False,False,False,False,False,False,quantidade_nao_positiva_ou_nula;valor_total_nao_positivo,False,True,2025,2,Fevereiro,2025-02,T1,Quarta,26,Manha,-44.76,14.92,14.92,Sem Promocao,True,12
16380,2025-03-26,11,Casquinha,Açaí,-4,-28.08,Cardoso De Aparecida,RJ,Loja Física,False,CLI6026,2025-03-26,1900-01-01 11:15:00,11:15,False,False,False,False,True,False,True,False,False,False,False,False,False,quantidade_nao_positiva_ou_nula;valor_total_nao_positivo,False,True,2025,3,Marco,2025-03,T1,Quarta,26,Manha,-28.08,7.02,7.02,Sem Promocao,True,11
16473,2025-07-31,9,Picolé,Nao Informado,3,,Nao Informado,RR,Parceiro,False,CLI7477,2025-07-31,1900-01-01 09:00:00,09:00,True,True,False,False,False,True,True,False,False,False,False,False,False,valor_total_nulo,False,False,2025,7,Julho,2025-07,T3,Quinta,31,Manha,,,,Sem Promocao,True,5
16523,2025-05-29,13,Milkshake,Nao Informado,5,,Nao Informado,AP,Loja Física,False,CLI2902,2025-05-29,1900-01-01 13:15:00,13:15,True,True,False,False,False,True,True,False,False,False,False,False,False,valor_total_nulo,False,False,2025,5,Maio,2025-05,T2,Quinta,29,Tarde,,,,Sem Promocao,True,8
16525,2025-02-24,20,Milkshake,Morango,-1,-13.62,Jesus,AL,Parceiro,False,CLI2533,2025-02-24,1900-01-01 20:30:00,20:30,False,False,False,False,True,False,True,False,False,False,False,False,False,quantidade_nao_positiva_ou_nula;valor_total_nao_positivo,False,False,2025,2,Fevereiro,2025-02,T1,Segunda,24,Noite,-13.62,13.62,13.62,Sem Promocao,True,8
16542,2025-05-17,19,Sundae,Menta,-1,-7.87,Teixeira,GO,Loja Física,True,CLI9466,2025-05-17,1900-01-01 19:00:00,19:00,False,False,False,False,True,False,True,False,False,False,False,False,False,quantidade_nao_positiva_ou_nula;valor_total_nao_positivo,False,False,2025,5,Maio,2025-05,T2,Sabado,17,Noite,-7.87,7.87,7.87,Com Promocao,True,6
16566,2025-05-10,20,Pote,Chocolate,-1,-14.41,Moraes De Minas,DF,App,False,CLI4846,2025-05-10,1900-01-01 20:15:00,20:15,False,False,False,False,True,False,True,False,False,False,False,False,False,quantidade_nao_positiva_ou_nula;valor_total_nao_positivo,False,False,2025,5,Maio,2025-05,T2,Sabado,10,Noite,-14.41,14.41,14.41,Sem Promocao,True,9
16602,2025-03-07,13,Casquinha,Limão,0,0.0,Ferreira,BA,Loja Física,False,CLI5011,2025-03-07,1900-01-01 13:30:00,13:30,False,False,False,False,True,False,True,False,False,False,False,False,False,quantidade_nao_positiva_ou_nula;valor_total_nao_positivo,False,False,2025,3,Marco,2025-03,T1,Sexta,7,Tarde,0.0,,,Sem Promocao,True,5
16610,2025-06-20,21,Sundae,Nao Informado,1,,Nao Informado,PB,Loja Física,False,CLI8497,2025-06-20,1900-01-01 21:15:00,21:15,True,True,False,False,False,True,True,False,False,False,False,False,False,valor_total_nulo,False,False,2025,6,Junho,2025-06,T2,Sexta,20,Noite,,,,Sem Promocao,True,6
16623,2025-03-02,10,Pote,Nao Informado,1,,Nao Informado,PE,Parceiro,True,CLI4686,2025-03-02,1900-01-01 10:30:00,10:30,True,True,False,False,False,True,True,False,False,False,False,False,False,valor_total_nulo,False,False,2025,3,Marco,2025-03,T1,Domingo,2,Manha,,,,Com Promocao,True,4
16635,2025-09-16,19,Sundae,Chocolate,-1,-5.31,Correia,AC,Loja Física,True,CLI7816,2025-09-16,1900-01-01 19:15:00,19:15,False,False,False,False,True,False,True,False,False,False,False,False,False,quantidade_nao_positiva_ou_nula;valor_total_nao_positivo,False,False,2025,9,Setembro,2025-09,T3,Terca,16,Noite,-5.31,5.31,5.31,Com Promocao,True,8
16683,2025-04-06,8,Picolé,Nao Informado,3,,Nao Informado,SC,Parceiro,True,CLI6484,2025-04-06,1900-01-01 08:15:00,08:15,True,True,False,False,False,True,True,False,False,False,False,False,False,valor_total_nulo,False,False,2025,4,Abril,2025-04,T2,Domingo,6,Manha,,,,Com Promocao,True,8
16733,2025-03-18,9,Milkshake,Limão,-4,-45.9,Campinas,DF,App,True,CLI4831,2025-03-18,1900-01-01 09:15:00,09:15,False,False,False,False,True,False,True,False,False,False,False,False,False,quantidade_nao_positiva_ou_nula;valor_total_nao_positivo,False,True,2025,3,Marco,2025-03,T1,Terca,18,Manha,-45.9,11.48,11.48,Com Promocao,True,13
16804,2025-05-08,21,Pote,Nao Informado,1,,Nao Informado,PR,App,True,CLI1332,2025-05-08,1900-01-01 21:30:00,21:30,True,True,False,False,False,True,True,False,False,False,False,False,False,valor_total_nulo,False,False,2025,5,Maio,2025-05,T2,Quinta,8,Noite,,,,Com Promocao,True,6
16806,2025-03-20,18,Casquinha,Nao Informado,-4,,Nao Informado,MS,Parceiro,True,CLI9785,2025-03-20,1900-01-01 18:15:00,18:15,True,True,False,False,True,True,True,False,False,False,False,False,False,quantidade_nao_positiva_ou_nula;valor_total_nulo,False,False,2025,3,Marco,2025-03,T1,Quinta,20,Noite,,,,Com Promocao,True,8
16841,2025-03-26,15,Pote,Nao Informado,4,,Nao Informado,RN,App,True,CLI5920,2025-03-26,1900-01-01 15:00:00,15:00,True,True,False,False,False,True,True,False,False,False,False,False,False,valor_total_nulo,False,False,2025,3,Marco,2025-03,T1,Quarta,26,Tarde,,,,Com Promocao,True,7
16861,2025-03-17,14,Milkshake,Cookies,-1,-7.2,Silveira Da Praia,MS,Parceiro,False,CLI3044,2025-03-17,1900-01-01 14:15:00,14:15,False,False,False,False,True,False,True,False,False,False,False,False,False,quantidade_nao_positiva_ou_nula;valor_total_nao_positivo,False,False,2025,3,Marco,2025-03,T1,Segunda,17,Tarde,-7.2,7.2,7.2,Sem Promocao,True,8
16935,2025-05-15,14,Sundae,Nao Informado,1,,Nao Informado,AP,Loja Física,False,CLI7640,2025-05-15,1900-01-01 14:00:00,14:00,True,True,False,False,False,True,True,False,False,False,False,False,False,valor_total_nulo,False,False,2025,5,Maio,2025-05,T2,Quinta,15,Tarde,,,,Sem Promocao,True,3
16946,2025-04-08,11,Casquinha,Açaí,-3,-24.06,Gonçalves Do Sul,RJ,App,False,CLI2876,2025-04-08,1900-01-01 11:15:00,11:15,False,False,False,False,True,False,True,False,False,False,False,False,False,quantidade_nao_positiva_ou_nula;valor_total_nao_positivo,False,True,2025,4,Abril,2025-04,T2,Terca,8,Manha,-24.06,8.02,8.02,Sem Promocao,True,5
17010,2025-06-30,15,Milkshake,Nao Informado,3,,Nao Informado,PE,Parceiro,False,CLI5136,2025-06-30,1900-01-01 15:00:00,15:00,True,True,False,False,False,True,True,False,False,False,False,False,False,valor_total_nulo,False,False,2025,6,Junho,2025-06,T2,Segunda,30,Tarde,,,,Sem Promocao,True,5
17012,2025-07-20,12,Picolé,Caramelo,0,0.0,Farias,AM,App,True,CLI4566,2025-07-20,1900-01-01 12:45:00,12:45,False,False,False,False,True,False,True,False,False,False,False,False,False,quantidade_nao_positiva_ou_nula;valor_total_nao_positivo,False,False,2025,7,Julho,2025-07,T3,Domingo,20,Tarde,0.0,,,Com Promocao,True,3
17164,2025-06-08,11,Sundae,Nao Informado,4,,Nao Informado,ES,Loja Física,False,CLI3149,2025-06-08,1900-01-01 11:45:00,11:45,True,True,False,False,False,True,True,False,False,False,False,False,False,valor_total_nulo,False,False,2025,6,Junho,2025-06,T2,Domingo,8,Manha,,,,Sem Promocao,True,6
17209,2025-05-04,20,Milkshake,Cookies,-1,-13.17,Nogueira,AL,Loja Física,False,CLI3758,2025-05-04,1900-01-01 20:00:00,20:00,False,False,False,False,True,False,True,False,False,False,False,False,False,quantidade_nao_positiva_ou_nula;valor_total_nao_positivo,False,False,2025,5,Maio,2025-05,T2,Domingo,4,Noite,-13.17,13.17,13.17,Sem Promocao,True,3
17275,2025-08-05,20,Picolé,Nao Informado,4,,Nao Informado,CE,App,True,CLI7541,2025-08-05,1900-01-01 20:15:00,20:15,True,True,False,False,False,True,True,False,False,False,False,False,False,valor_total_nulo,False,False,2025,8,Agosto,2025-08,T3,Terca,5,Noite,,,,Com Promocao,True,3
17284,2025-07-07,14,Sundae,Nao Informado,2,,Nao Informado,PR,Parceiro,False,CLI9824,2025-07-07,1900-01-01 14:15:00,14:15,True,True,False,False,False,True,True,False,False,False,False,False,False,valor_total_nulo,False,False,2025,7,Julho,2025-07,T3,Segunda,7,Tarde,,,,Sem Promocao,True,13
17358,2025-06-25,16,Milkshake,Nao Informado,5,,Nao Informado,GO,Parceiro,True,CLI3501,2025-06-25,1900-01-01 16:00:00,16:00,True,True,False,False,False,True,True,False,False,False,False,False,False,valor_total_nulo,False,False,2025,6,Junho,2025-06,T2,Quarta,25,Tarde,,,,Com Promocao,True,10
17364,2025-05-13,20,Milkshake,Nao Informado,5,,Nao Informado,GO,Loja Física,True,CLI7097,2025-05-13,1900-01-01 20:30:00,20:30,True,True,False,False,False,True,True,False,False,False,False,False,False,valor_total_nulo,False,False,2025,5,Maio,2025-05,T2,Terca,13,Noite,,,,Com Promocao,True,5
17394,2025-08-09,14,Casquinha,Morango,-5,-42.52,Andrade Das Flores,ES,Loja Física,True,CLI2001,2025-08-09,1900-01-01 14:30:00,14:30,False,False,False,False,True,False,True,False,False,False,False,False,False,quantidade_nao_positiva_ou_nula;valor_total_nao_positivo,False,True,2025,8,Agosto,2025-08,T3,Sabado,9,Tarde,-42.52,8.5,8.5,Com Promocao,True,5
17404,2025-07-13,20,Casquinha,Caramelo,-3,-38.49,Cardoso,AM,App,True,CLI3310,2025-07-13,1900-01-01 20:45:00,20:45,False,False,False,False,True,False,True,False,False,False,False,False,False,quantidade_nao_positiva_ou_nula;valor_total_nao_positivo,False,True,2025,7,Julho,2025-07,T3,Domingo,13,Noite,-38.49,12.83,12.83,Com Promocao,True,7
17458,2025-02-25,18,Pote,Caramelo,-1,-14.33,Souza Do Campo,PE,Parceiro,False,CLI5128,2025-02-25,1900-01-01 18:15:00,18:15,False,False,False,False,True,False,True,False,False,False,False,False,False,quantidade_nao_positiva_ou_nula;valor_total_nao_positivo,False,False,2025,2,Fevereiro,2025-02,T1,Terca,25,Noite,-14.33,14.33,14.33,Sem Promocao,True,4
17468,2025-07-21,18,Sundae,Nao Informado,4,,Nao Informado,SC,App,False,CLI5992,2025-07-21,1900-01-01 18:15:00,18:15,True,True,False,False,False,True,True,False,False,False,False,False,False,valor_total_nulo,False,False,2025,7,Julho,2025-07,T3,Segunda,21,Noite,,,,Sem Promocao,True,6
17542,2025-02-22,19,Casquinha,Limão,0,0.0,Vasconcelos De Lima,RR,Loja Física,False,CLI6189,2025-02-22,1900-01-01 19:15:00,19:15,False,False,False,False,True,False,True,False,False,False,False,False,False,quantidade_nao_positiva_ou_nula;valor_total_nao_positivo,False,False,2025,2,Fevereiro,2025-02,T1,Sabado,22,Noite,0.0,,,Sem Promocao,True,6
17560,2025-04-08,14,Picolé,Chocolate,0,0.0,Teixeira Do Galho,GO,Parceiro,True,CLI5512,2025-04-08,1900-01-01 14:45:00,14:45,False,False,False,False,True,False,True,False,False,False,False,False,False,quantidade_nao_positiva_ou_nula;valor_total_nao_positivo,False,False,2025,4,Abril,2025-04,T2,Terca,8,Tarde,0.0,,,Com Promocao,True,11
17561,2025-06-23,11,Milkshake,Nao Informado,4,,Nao Informado,CE,App,True,CLI9406,2025-06-23,1900-01-01 11:15:00,11:15,True,True,False,False,False,True,True,False,False,False,False,False,False,valor_total_nulo,False,False,2025,6,Junho,2025-06,T2,Segunda,23,Manha,,,,Com Promocao,True,10
17593,2025-02-21,13,Sundae,Morango,0,0.0,Viana De Cirino,PI,App,True,CLI3686,2025-02-21,1900-01-01 13:45:00,13:45,False,False,False,False,True,False,True,False,False,False,False,False,False,quantidade_nao_positiva_ou_nula;valor_total_nao_positivo,False,False,2025,2,Fevereiro,2025-02,T1,Sexta,21,Tarde,0.0,,,Com Promocao,True,9
17608,2025-03-05,22,Pote,Menta,-4,-37.48,Brito De Peixoto,PR,App,False,CLI7027,2025-03-05,1900-01-01 22:30:00,22:30,False,False,False,False,True,False,True,False,False,False,False,False,False,quantidade_nao_positiva_ou_nula;valor_total_nao_positivo,False,True,2025,3,Marco,2025-03,T1,Quarta,5,Noite,-37.48,9.37,9.37,Sem Promocao,True,10
17654,2025-03-15,12,Picolé,Limão,-1,-10.89,Machado Do Oeste,TO,Loja Física,False,CLI8237,2025-03-15,1900-01-01 12:45:00,12:45,False,False,False,False,True,False,True,False,False,False,False,False,False,quantidade_nao_positiva_ou_nula;valor_total_nao_positivo,False,False,2025,3,Marco,2025-03,T1,Sabado,15,Tarde,-10.89,10.89,10.89,Sem Promocao,True,9
17681,2025-05-10,22,Casquinha,Cookies,0,0.0,Monteiro,MG,Loja Física,False,CLI1461,2025-05-10,1900-01-01 22:30:00,22:30,False,False,False,False,True,False,True,False,False,False,False,False,False,quantidade_nao_positiva_ou_nula;valor_total_nao_positivo,False,False,2025,5,Maio,2025-05,T2,Sabado,10,Noite,0.0,,,Sem Promocao,True,4
17689,2025-05-06,15,Pote,Açaí,-1,-13.24,Ramos,ES,App,True,CLI9450,2025-05-06,1900-01-01 15:00:00,15:00,False,False,False,False,True,False,True,False,False,False,False,False,False,quantidade_nao_positiva_ou_nula;valor_total_nao_positivo,False,False,2025,5,Maio,2025-05,T2,Terca,6,Tarde,-13.24,13.24,13.24,Com Promocao,True,6
17690,2025-07-28,21,Milkshake,Nao Informado,5,,Nao Informado,BA,App,False,CLI8522,2025-07-28,1900-01-01 21:45:00,21:45,True,True,False,False,False,True,True,False,False,False,False,False,False,valor_total_nulo,False,False,2025,7,Julho,2025-07,T3,Segunda,28,Noite,,,,Sem Promocao,True,5
17718,2025-06-30,18,Picolé,Caramelo,0,0.0,Silveira Da Mata,AP,Loja Física,True,CLI3566,2025-06-30,1900-01-01 18:00:00,18:00,False,False,False,False,True,False,True,False,False,False,False,False,False,quantidade_nao_positiva_ou_nula;valor_total_nao_positivo,False,False,2025,6,Junho,2025-06,T2,Segunda,30,Noite,0.0,,,Com Promocao,True,7
17796,2025-06-23,12,Casquinha,Morango,0,0.0,Cassiano Grande,PA,Parceiro,True,CLI4036,2025-06-23,1900-01-01 12:30:00,12:30,False,False,False,False,True,False,True,False,False,False,False,False,False,quantidade_nao_positiva_ou_nula;valor_total_nao_positivo,False,False,2025,6,Junho,2025-06,T2,Segunda,23,Tarde,0.0,,,Com Promocao,True,6
17802,2025-08-03,14,Milkshake,Baunilha,-1,-8.87,Brito,PI,Parceiro,False,CLI6182,2025-08-03,1900-01-01 14:15:00,14:15,False,False,False,False,True,False,True,False,False,False,False,False,False,quantidade_nao_positiva_ou_nula;valor_total_nao_positivo,False,False,2025,8,Agosto,2025-08,T3,Domingo,3,Tarde,-8.87,8.87,8.87,Sem Promocao,True,8
17865,2025-05-06,10,Casquinha,Baunilha,0,0.0,Fonseca Do Amparo,AC,Parceiro,True,CLI3600,2025-05-06,1900-01-01 10:30:00,10:30,False,False,False,False,True,False,True,False,False,False,False,False,False,quantidade_nao_positiva_ou_nula;valor_total_nao_positivo,False,False,2025,5,Maio,2025-05,T2,Terca,6,Manha,0.0,,,Com Promocao,True,7
17938,2025-05-26,8,Picolé,Limão,-1,-9.72,Pinto,RR,Loja Física,False,CLI5868,2025-05-26,1900-01-01 08:30:00,08:30,False,False,False,False,True,False,True,False,False,False,False,False,False,quantidade_nao_positiva_ou_nula;valor_total_nao_positivo,False,False,2025,5,Maio,2025-05,T2,Segunda,26,Manha,-9.72,9.72,9.72,Sem Promocao,True,8
17940,2025-04-24,15,Sundae,Caramelo,-1,-8.87,Camargo,MS,App,True,CLI2424,2025-04-24,1900-01-01 15:30:00,15:30,False,False,False,False,True,False,True,False,False,False,False,False,False,quantidade_nao_positiva_ou_nula;valor_total_nao_positivo,False,False,2025,4,Abril,2025-04,T2,Quinta,24,Tarde,-8.87,8.87,8.87,Com Promocao,True,8
17941,2025-03-29,22,Milkshake,Morango,-3,-43.29,Sousa De Ferreira,PB,Parceiro,False,CLI1994,2025-03-29,1900-01-01 22:30:00,22:30,False,False,False,False,True,False,True,False,False,False,False,False,False,quantidade_nao_positiva_ou_nula;valor_total_nao_positivo,False,True,2025,3,Marco,2025-03,T1,Sabado,29,Noite,-43.29,14.43,14.43,Sem Promocao,True,6
17964,2025-04-18,17,Sundae,Menta,-1,-8.63,Gonçalves Alegre,SE,Parceiro,True,CLI4544,2025-04-18,1900-01-01 17:30:00,17:30,False,False,False,False,True,False,True,False,False,False,False,False,False,quantidade_nao_positiva_ou_nula;valor_total_nao_positivo,False,False,2025,4,Abril,2025-04,T2,Sexta,18,Tarde,-8.63,8.63,8.63,Com Promocao,True,8
18007,2025-03-27,15,Sundae,Nao Informado,5,,Nao Informado,PI,Loja Física,False,CLI7398,2025-03-27,1900-01-01 15:00:00,15:00,True,True,False,False,False,True,True,False,False,False,False,False,False,valor_total_nulo,False,False,2025,3,Marco,2025-03,T1,Quinta,27,Tarde,,,,Sem Promocao,True,6
18010,2025-08-07,17,Milkshake,Limão,-1,-12.82,Guerra De Lima,GO,Loja Física,False,CLI4889,2025-08-07,1900-01-01 17:00:00,17:00,False,False,False,False,True,False,True,False,False,False,False,False,False,quantidade_nao_positiva_ou_nula;valor_total_nao_positivo,False,False,2025,8,Agosto,2025-08,T3,Quinta,7,Tarde,-12.82,12.82,12.82,Sem Promocao,True,7
18022,2025-03-30,22,Milkshake,Menta,-1,-10.99,Vieira,AL,Parceiro,True,CLI2420,2025-03-30,1900-01-01 22:00:00,22:00,False,False,False,False,True,False,True,False,False,False,False,False,False,quantidade_nao_positiva_ou_nula;valor_total_nao_positivo,False,False,2025,3,Marco,2025-03,T1,Domingo,30,Noite,-10.99,10.99,10.99,Com Promocao,True,5
18102,2025-04-16,11,Casquinha,Cookies,-1,-11.07,Pimenta Da Prata,PI,Parceiro,False,CLI9991,2025-04-16,1900-01-01 11:30:00,11:30,False,False,False,False,True,False,True,False,False,False,False,False,False,quantidade_nao_positiva_ou_nula;valor_total_nao_positivo,False,False,2025,4,Abril,2025-04,T2,Quarta,16,Manha,-11.07,11.07,11.07,Sem Promocao,True,5
18115,2025-07-16,10,Milkshake,Nao Informado,5,,Nao Informado,ES,App,False,CLI5635,2025-07-16,1900-01-01 10:15:00,10:15,True,True,False,False,False,True,True,False,False,False,False,False,False,valor_total_nulo,False,False,2025,7,Julho,2025-07,T3,Quarta,16,Manha,,,,Sem Promocao,True,4
18151,2025-07-27,8,Sundae,Açaí,-1,-9.13,Câmara,PE,Loja Física,True,CLI4335,2025-07-27,1900-01-01 08:00:00,08:00,False,False,False,False,True,False,True,False,False,False,False,False,False,quantidade_nao_positiva_ou_nula;valor_total_nao_positivo,False,False,2025,7,Julho,2025-07,T3,Domingo,27,Manha,-9.13,9.13,9.13,Com Promocao,True,8
18203,2025-07-22,17,Milkshake,Nao Informado,2,,Nao Informado,AP,Loja Física,False,CLI5998,2025-07-22,1900-01-01 17:00:00,17:00,True,True,False,False,False,True,True,False,False,False,False,False,False,valor_total_nulo,False,False,2025,7,Julho,2025-07,T3,Terca,22,Tarde,,,,Sem Promocao,True,10
18208,2025-03-15,18,Picolé,Caramelo,-5,-29.4,Alves Da Mata,RO,App,False,CLI9340,2025-03-15,1900-01-01 18:45:00,18:45,False,False,False,False,True,False,True,False,False,False,False,False,False,quantidade_nao_positiva_ou_nula;valor_total_nao_positivo,False,True,2025,3,Marco,2025-03,T1,Sabado,15,Noite,-29.4,5.88,5.88,Sem Promocao,True,5
18253,2025-03-06,8,Sundae,Nao Informado,3,,Nao Informado,RO,App,False,CLI6394,2025-03-06,1900-01-01 08:15:00,08:15,True,True,False,False,False,True,True,False,False,False,False,False,False,valor_total_nulo,False,False,2025,3,Marco,2025-03,T1,Quinta,6,Manha,,,,Sem Promocao,True,13
18401,2025-07-23,18,Milkshake,Baunilha,-3,-24.93,Albuquerque De Lopes,RJ,Parceiro,True,CLI3281,2025-07-23,1900-01-01 18:15:00,18:15,False,False,False,False,True,False,True,False,False,False,False,False,False,quantidade_nao_positiva_ou_nula;valor_total_nao_positivo,False,True,2025,7,Julho,2025-07,T3,Quarta,23,Noite,-24.93,8.31,8.31,Com Promocao,True,9
18418,2025-06-04,14,Pote,Açaí,-5,-36.4,Freitas,SC,Loja Física,False,CLI1175,2025-06-04,1900-01-01 14:15:00,14:15,False,False,False,False,True,False,True,False,False,False,False,False,False,quantidade_nao_positiva_ou_nula;valor_total_nao_positivo,False,True,2025,6,Junho,2025-06,T2,Quarta,4,Tarde,-36.4,7.28,7.28,Sem Promocao,True,4
18432,2025-06-05,19,Picolé,Menta,-4,-30.76,Macedo,PR,App,False,CLI8988,2025-06-05,1900-01-01 19:15:00,19:15,False,False,False,False,True,False,True,False,False,False,False,False,False,quantidade_nao_positiva_ou_nula;valor_total_nao_positivo,False,True,2025,6,Junho,2025-06,T2,Quinta,5,Noite,-30.76,7.69,7.69,Sem Promocao,True,6
18449,2025-04-04,8,Casquinha,Nao Informado,1,,Nao Informado,CE,Parceiro,True,CLI9163,2025-04-04,1900-01-01 08:00:00,08:00,True,True,False,False,False,True,True,False,False,False,False,False,False,valor_total_nulo,False,False,2025,4,Abril,2025-04,T2,Sexta,4,Manha,,,,Com Promocao,True,12
18483,2025-05-26,21,Pote,Nao Informado,1,,Nao Informado,TO,Loja Física,False,CLI2325,2025-05-26,1900-01-01 21:15:00,21:15,True,True,False,False,False,True,True,False,False,False,False,False,False,valor_total_nulo,False,False,2025,5,Maio,2025-05,T2,Segunda,26,Noite,,,,Sem Promocao,True,6
18526,2025-02-26,16,Picolé,Limão,-3,-38.7,Cassiano Das Flores,BA,App,False,CLI1525,2025-02-26,1900-01-01 16:30:00,16:30,False,False,False,False,True,False,True,False,False,False,False,False,False,quantidade_nao_positiva_ou_nula;valor_total_nao_positivo,False,True,2025,2,Fevereiro,2025-02,T1,Quarta,26,Tarde,-38.7,12.9,12.9,Sem Promocao,True,6
18539,2025-06-21,14,Casquinha,Açaí,-5,-62.55,Caldeira,PR,Parceiro,False,CLI6675,2025-06-21,1900-01-01 14:45:00,14:45,False,False,False,False,True,False,True,False,False,False,False,False,False,quantidade_nao_positiva_ou_nula;valor_total_nao_positivo,False,True,2025,6,Junho,2025-06,T2,Sabado,21,Tarde,-62.55,12.51,12.51,Sem Promocao,True,6
18566,2025-08-13,21,Milkshake,Baunilha,-2,-25.34,Novaes,TO,Parceiro,True,CLI6295,2025-08-13,1900-01-01 21:30:00,21:30,False,False,False,False,True,False,True,False,False,False,False,False,False,quantidade_nao_positiva_ou_nula;valor_total_nao_positivo,False,True,2025,8,Agosto,2025-08,T3,Quarta,13,Noite,-25.34,12.67,12.67,Com Promocao,True,7
18591,2025-08-17,18,Pote,Baunilha,-3,-29.12,Albuquerque Da Praia,RO,Loja Física,True,CLI2027,2025-08-17,1900-01-01 18:00:00,18:00,False,False,False,False,True,False,True,False,False,False,False,False,False,quantidade_nao_positiva_ou_nula;valor_total_nao_positivo,False,True,2025,8,Agosto,2025-08,T3,Domingo,17,Noite,-29.12,9.71,9.71,Com Promocao,True,7
18658,2025-03-11,11,Milkshake,Nao Informado,3,,Nao Informado,SC,App,True,CLI5970,2025-03-11,1900-01-01 11:30:00,11:30,True,True,False,False,False,True,True,False,False,False,False,False,False,valor_total_nulo,False,False,2025,3,Marco,2025-03,T1,Terca,11,Manha,,,,Com Promocao,True,3
18676,2025-06-07,19,Pote,Cookies,-1,-10.05,Câmara De Jesus,MA,Parceiro,False,CLI9727,2025-06-07,1900-01-01 19:00:00,19:00,False,False,False,False,True,False,True,False,False,False,False,False,False,quantidade_nao_positiva_ou_nula;valor_total_nao_positivo,False,False,2025,6,Junho,2025-06,T2,Sabado,7,Noite,-10.05,10.05,10.05,Sem Promocao,True,6
18706,2025-07-16,22,Milkshake,Nao Informado,1,,Nao Informado,PR,Parceiro,True,CLI7432,2025-07-16,1900-01-01 22:15:00,22:15,True,True,False,False,False,True,True,False,False,False,False,False,False,valor_total_nulo,False,False,2025,7,Julho,2025-07,T3,Quarta,16,Noite,,,,Com Promocao,True,10
18762,2025-06-29,10,Casquinha,Nao Informado,2,,Nao Informado,PA,Loja Física,True,CLI8863,2025-06-29,1900-01-01 10:30:00,10:30,True,True,False,False,False,True,True,False,False,False,False,False,False,valor_total_nulo,False,False,2025,6,Junho,2025-06,T2,Domingo,29,Manha,,,,Com Promocao,True,7
18813,2025-03-24,11,Pote,Nao Informado,5,,Nao Informado,SE,App,False,CLI5342,2025-03-24,1900-01-01 11:15:00,11:15,True,True,False,False,False,True,True,False,False,False,False,False,False,valor_total_nulo,False,False,2025,3,Marco,2025-03,T1,Segunda,24,Manha,,,,Sem Promocao,True,5
18868,2025-08-19,17,Pote,Chocolate,0,0.0,Martins Verde,AL,Parceiro,False,CLI8786,2025-08-19,1900-01-01 17:45:00,17:45,False,False,False,False,True,False,True,False,False,False,False,False,False,quantidade_nao_positiva_ou_nula;valor_total_nao_positivo,False,False,2025,8,Agosto,2025-08,T3,Terca,19,Tarde,0.0,,,Sem Promocao,True,6
18886,2025-06-05,18,Picolé,Nao Informado,5,,Nao Informado,RN,Parceiro,False,CLI9749,2025-06-05,1900-01-01 18:45:00,18:45,True,True,False,False,False,True,True,False,False,False,False,False,False,valor_total_nulo,False,False,2025,6,Junho,2025-06,T2,Quinta,5,Noite,,,,Sem Promocao,True,4
18887,2025-07-13,12,Sundae,Nao Informado,1,,Nao Informado,MG,Parceiro,True,CLI3138,2025-07-13,1900-01-01 12:00:00,12:00,True,True,False,False,False,True,True,False,False,False,False,False,False,valor_total_nulo,False,False,2025,7,Julho,2025-07,T3,Domingo,13,Tarde,,,,Com Promocao,True,10
18903,2025-07-04,9,Milkshake,Limão,-5,-54.8,Campinas,AP,Parceiro,False,CLI3308,2025-07-04,1900-01-01 09:15:00,09:15,False,False,False,False,True,False,True,False,False,False,False,False,False,quantidade_nao_positiva_ou_nula;valor_total_nao_positivo,False,True,2025,7,Julho,2025-07,T3,Sexta,4,Manha,-54.8,10.96,10.96,Sem Promocao,True,8
19016,2025-05-23,10,Casquinha,Chocolate,-1,-8.63,Da Cunha,MS,Loja Física,True,CLI4652,2025-05-23,1900-01-01 10:00:00,10:00,False,False,False,False,True,False,True,False,False,False,False,False,False,quantidade_nao_positiva_ou_nula;valor_total_nao_positivo,False,False,2025,5,Maio,2025-05,T2,Sexta,23,Manha,-8.63,8.63,8.63,Com Promocao,True,7
19022,2025-05-01,16,Casquinha,Nao Informado,2,,Nao Informado,RR,Loja Física,False,CLI7358,2025-05-01,1900-01-01 16:30:00,16:30,True,True,False,False,False,True,True,False,False,False,False,False,False,valor_total_nulo,False,False,2025,5,Maio,2025-05,T2,Quinta,1,Tarde,,,,Sem Promocao,True,4
19025,2025-04-25,18,Sundae,Chocolate,-1,-13.78,Vieira,AL,Parceiro,False,CLI9406,2025-04-25,1900-01-01 18:15:00,18:15,False,False,False,False,True,False,True,False,False,False,False,False,False,quantidade_nao_positiva_ou_nula;valor_total_nao_positivo,False,False,2025,4,Abril,2025-04,T2,Sexta,25,Noite,-13.78,13.78,13.78,Sem Promocao,True,10
19036,2025-08-04,8,Pote,Chocolate,-2,-22.64,Abreu,MA,App,True,CLI8749,2025-08-04,1900-01-01 08:00:00,08:00,False,False,False,False,True,False,True,False,False,False,False,False,False,quantidade_nao_positiva_ou_nula;valor_total_nao_positivo,False,True,2025,8,Agosto,2025-08,T3,Segunda,4,Manha,-22.64,11.32,11.32,Com Promocao,True,11
19045,2025-03-03,9,Picolé,Açaí,-1,-12.13,Dias,MT,Loja Física,False,CLI8465,2025-03-03,1900-01-01 09:45:00,09:45,False,False,False,False,True,False,True,False,False,False,False,False,False,quantidade_nao_positiva_ou_nula;valor_total_nao_positivo,False,False,2025,3,Marco,2025-03,T1,Segunda,3,Manha,-12.13,12.13,12.13,Sem Promocao,True,10
19048,2025-06-12,10,Casquinha,Morango,0,0.0,Da Luz,RO,Loja Física,True,CLI6572,2025-06-12,1900-01-01 10:15:00,10:15,False,False,False,False,True,False,True,False,False,False,False,False,False,quantidade_nao_positiva_ou_nula;valor_total_nao_positivo,False,False,2025,6,Junho,2025-06,T2,Quinta,12,Manha,0.0,,,Com Promocao,True,8
19058,2025-08-07,18,Sundae,Cookies,-4,-31.05,Cavalcanti,PB,App,True,CLI2588,2025-08-07,1900-01-01 18:45:00,18:45,False,False,False,False,True,False,True,False,False,False,False,False,False,quantidade_nao_positiva_ou_nula;valor_total_nao_positivo,False,True,2025,8,Agosto,2025-08,T3,Quinta,7,Noite,-31.05,7.76,7.76,Com Promocao,True,10
19084,2025-04-19,13,Milkshake,Menta,0,0.0,Da Mata Paulista,PE,Parceiro,True,CLI1766,2025-04-19,1900-01-01 13:00:00,13:00,False,False,False,False,True,False,True,False,False,False,False,False,False,quantidade_nao_positiva_ou_nula;valor_total_nao_positivo,False,False,2025,4,Abril,2025-04,T2,Sabado,19,Tarde,0.0,,,Com Promocao,True,5
19094,2025-06-06,16,Pote,Nao Informado,4,,Nao Informado,PE,App,False,CLI7075,2025-06-06,1900-01-01 16:30:00,16:30,True,True,False,False,False,True,True,False,False,False,False,False,False,valor_total_nulo,False,False,2025,6,Junho,2025-06,T2,Sexta,6,Tarde,,,,Sem Promocao,True,6
19116,2025-04-05,20,Milkshake,Baunilha,-1,-14.51,Silveira De Da Cruz,AC,App,False,CLI9978,2025-04-05,1900-01-01 20:15:00,20:15,False,False,False,False,True,False,True,False,False,False,False,False,False,quantidade_nao_positiva_ou_nula;valor_total_nao_positivo,False,False,2025,4,Abril,2025-04,T2,Sabado,5,Noite,-14.51,14.51,14.51,Sem Promocao,True,11
19197,2025-02-28,10,Sundae,Nao Informado,5,,Nao Informado,AP,App,False,CLI2826,2025-02-28,1900-01-01 10:00:00,10:00,True,True,False,False,False,True,True,False,False,False,False,False,False,valor_total_nulo,False,False,2025,2,Fevereiro,2025-02,T1,Sexta,28,Manha,,,,Sem Promocao,True,4
19224,2025-07-03,14,Milkshake,Caramelo,-2,-16.16,Lima,SE,Parceiro,True,CLI1017,2025-07-03,1900-01-01 14:00:00,14:00,False,False,False,False,True,False,True,False,False,False,False,False,False,quantidade_nao_positiva_ou_nula;valor_total_nao_positivo,False,False,2025,7,Julho,2025-07,T3,Quinta,3,Tarde,-16.16,8.08,8.08,Com Promocao,True,5
19312,2025-06-15,16,Pote,Nao Informado,3,,Nao Informado,RR,App,False,CLI2728,2025-06-15,1900-01-01 16:45:00,16:45,True,True,False,False,False,True,True,False,False,False,False,False,False,valor_total_nulo,False,False,2025,6,Junho,2025-06,T2,Domingo,15,Tarde,,,,Sem Promocao,True,9
19385,2025-02-24,13,Picolé,Chocolate,0,0.0,Da Rosa Grande,SC,Parceiro,True,CLI7798,2025-02-24,1900-01-01 13:00:00,13:00,False,False,False,False,True,False,True,False,False,False,False,False,False,quantidade_nao_positiva_ou_nula;valor_total_nao_positivo,False,False,2025,2,Fevereiro,2025-02,T1,Segunda,24,Tarde,0.0,,,Com Promocao,True,11
19402,2025-02-27,20,Picolé,Açaí,0,0.0,Freitas,SC,App,False,CLI6900,2025-02-27,1900-01-01 20:30:00,20:30,False,False,False,False,True,False,True,False,False,False,False,False,False,quantidade_nao_positiva_ou_nula;valor_total_nao_positivo,False,False,2025,2,Fevereiro,2025-02,T1,Quinta,27,Noite,0.0,,,Sem Promocao,True,9
19447,2025-04-18,16,Milkshake,Chocolate,-2,-24.83,Fonseca Grande,AP,App,True,CLI5885,2025-04-18,1900-01-01 16:00:00,16:00,False,False,False,False,True,False,True,False,False,False,False,False,False,quantidade_nao_positiva_ou_nula;valor_total_nao_positivo,False,True,2025,4,Abril,2025-04,T2,Sexta,18,Tarde,-24.83,12.42,12.42,Com Promocao,True,7
19448,2025-06-11,21,Sundae,Chocolate,0,0.0,Vargas Do Sul,PE,Loja Física,False,CLI7693,2025-06-11,1900-01-01 21:00:00,21:00,False,False,False,False,True,False,True,False,False,False,False,False,False,quantidade_nao_positiva_ou_nula;valor_total_nao_positivo,False,False,2025,6,Junho,2025-06,T2,Quarta,11,Noite,0.0,,,Sem Promocao,True,3
19476,2025-04-22,20,Picolé,Cookies,-4,-20.84,Da Conceição Verde,RS,Parceiro,False,CLI1493,2025-04-22,1900-01-01 20:00:00,20:00,False,False,False,False,True,False,True,False,False,False,False,False,False,quantidade_nao_positiva_ou_nula;valor_total_nao_positivo,False,False,2025,4,Abril,2025-04,T2,Terca,22,Noite,-20.84,5.21,5.21,Sem Promocao,True,3
19548,2025-04-13,10,Casquinha,Caramelo,-1,-13.63,Cardoso De Novaes,MT,App,False,CLI8632,2025-04-13,1900-01-01 10:15:00,10:15,False,False,False,False,True,False,True,False,False,False,False,False,False,quantidade_nao_positiva_ou_nula;valor_total_nao_positivo,False,False,2025,4,Abril,2025-04,T2,Domingo,13,Manha,-13.63,13.63,13.63,Sem Promocao,True,6
19561,2025-06-20,19,Pote,Caramelo,0,0.0,Moreira Do Galho,PA,Loja Física,False,CLI8813,2025-06-20,1900-01-01 19:00:00,19:00,False,False,False,False,True,False,True,False,False,False,False,False,False,quantidade_nao_positiva_ou_nula;valor_total_nao_positivo,False,False,2025,6,Junho,2025-06,T2,Sexta,20,Noite,0.0,,,Sem Promocao,True,6
19621,2025-09-13,17,Picolé,Açaí,-1,-8.53,Martins,CE,App,True,CLI7527,2025-09-13,1900-01-01 17:15:00,17:15,False,False,False,False,True,False,True,False,False,False,False,False,False,quantidade_nao_positiva_ou_nula;valor_total_nao_positivo,False,False,2025,9,Setembro,2025-09,T3,Sabado,13,Tarde,-8.53,8.53,8.53,Com Promocao,True,6
19644,2025-03-31,8,Pote,Cookies,0,0.0,Das Neves,ES,Loja Física,True,CLI2587,2025-03-31,1900-01-01 08:30:00,08:30,False,False,False,False,True,False,True,False,False,False,False,False,False,quantidade_nao_positiva_ou_nula;valor_total_nao_positivo,False,False,2025,3,Marco,2025-03,T1,Segunda,31,Manha,0.0,,,Com Promocao,True,2
19702,2025-05-20,19,Pote,Caramelo,-1,-8.63,Leão Do Amparo,RJ,App,True,CLI1837,2025-05-20,1900-01-01 19:00:00,19:00,False,False,False,False,True,False,True,False,False,False,False,False,False,quantidade_nao_positiva_ou_nula;valor_total_nao_positivo,False,False,2025,5,Maio,2025-05,T2,Terca,20,Noite,-8.63,8.63,8.63,Com Promocao,True,10
19720,2025-03-05,9,Pote,Caramelo,-2,-16.18,Oliveira De Gonçalves,ES,Parceiro,False,CLI5948,2025-03-05,1900-01-01 09:00:00,09:00,False,False,False,False,True,False,True,False,False,False,False,False,False,quantidade_nao_positiva_ou_nula;valor_total_nao_positivo,False,False,2025,3,Marco,2025-03,T1,Quarta,5,Manha,-16.18,8.09,8.09,Sem Promocao,True,11
19752,2025-07-07,13,Sundae,Morango,0,0.0,Aparecida Do Amparo,AL,App,False,CLI7858,2025-07-07,1900-01-01 13:30:00,13:30,False,False,False,False,True,False,True,False,False,False,False,False,False,quantidade_nao_positiva_ou_nula;valor_total_nao_positivo,False,False,2025,7,Julho,2025-07,T3,Segunda,7,Tarde,0.0,,,Sem Promocao,True,3
19772,2025-06-27,14,Picolé,Caramelo,-1,-12.19,Costela,RS,Parceiro,True,CLI6818,2025-06-27,1900-01-01 14:00:00,14:00,False,False,False,False,True,False,True,False,False,False,False,False,False,quantidade_nao_positiva_ou_nula;valor_total_nao_positivo,False,False,2025,6,Junho,2025-06,T2,Sexta,27,Tarde,-12.19,12.19,12.19,Com Promocao,True,8
19848,2025-05-10,12,Sundae,Cookies,-3,-17.19,Casa Grande,GO,App,True,CLI6636,2025-05-10,1900-01-01 12:15:00,12:15,False,False,False,False,True,False,True,False,False,False,False,False,False,quantidade_nao_positiva_ou_nula;valor_total_nao_positivo,False,False,2025,5,Maio,2025-05,T2,Sabado,10,Tarde,-17.19,5.73,5.73,Com Promocao,True,4
19854,2025-06-22,15,Sundae,Caramelo,-2,-8.96,Da Luz,BA,App,True,CLI6431,2025-06-22,1900-01-01 15:00:00,15:00,False,False,False,False,True,False,True,False,False,False,False,False,False,quantidade_nao_positiva_ou_nula;valor_total_nao_positivo,False,False,2025,6,Junho,2025-06,T2,Domingo,22,Tarde,-8.96,4.48,4.48,Com Promocao,True,4
19887,2025-07-21,14,Picolé,Chocolate,0,0.0,Abreu Do Galho,AP,Loja Física,True,CLI5943,2025-07-21,1900-01-01 14:30:00,14:30,False,False,False,False,True,False,True,False,False,False,False,False,False,quantidade_nao_positiva_ou_nula;valor_total_nao_positivo,False,False,2025,7,Julho,2025-07,T3,Segunda,21,Tarde,0.0,,,Com Promocao,True,3
19921,2025-04-17,13,Milkshake,Caramelo,-2,-19.44,Rezende,MG,Loja Física,True,CLI2751,2025-04-17,1900-01-01 13:00:00,13:00,False,False,False,False,True,False,True,False,False,False,False,False,False,quantidade_nao_positiva_ou_nula;valor_total_nao_positivo,False,False,2025,4,Abril,2025-04,T2,Quinta,17,Tarde,-19.44,9.72,9.72,Com Promocao,True,7
19991,2025-04-09,22,Sundae,Menta,-1,-12.71,Almeida De Minas,AL,Loja Física,False,CLI7912,2025-04-09,1900-01-01 22:45:00,22:45,False,False,False,False,True,False,True,False,False,False,False,False,False,quantidade_nao_positiva_ou_nula;valor_total_nao_positivo,False,False,2025,4,Abril,2025-04,T2,Quarta,9,Noite,-12.71,12.71,12.71,Sem Promocao,True,6
19997,2025-02-28,12,Sundae,Nao Informado,3,,Nao Informado,RJ,App,True,CLI7069,2025-02-28,1900-01-01 12:00:00,12:00,True,True,False,False,False,True,True,False,False,False,False,False,False,valor_total_nulo,False,False,2025,2,Fevereiro,2025-02,T1,Sexta,28,Tarde,,,,Com Promocao,True,4
20019,2025-06-22,9,Picolé,Cookies,-1,-9.4,Montenegro,RR,Loja Física,True,CLI6894,2025-06-22,1900-01-01 09:45:00,09:45,False,False,False,False,True,False,True,False,False,False,False,False,False,quantidade_nao_positiva_ou_nula;valor_total_nao_positivo,False,False,2025,6,Junho,2025-06,T2,Domingo,22,Manha,-9.4,9.4,9.4,Com Promocao,True,4
20028,2025-05-08,22,Pote,Cookies,0,0.0,Aparecida,RO,Parceiro,False,CLI9501,2025-05-08,1900-01-01 22:00:00,22:00,False,False,False,False,True,False,True,False,False,False,False,False,False,quantidade_nao_positiva_ou_nula;valor_total_nao_positivo,False,False,2025,5,Maio,2025-05,T2,Quinta,8,Noite,0.0,,,Sem Promocao,True,11
20060,2025-03-01,10,Casquinha,Baunilha,-4,-33.8,Alves Do Galho,RO,Loja Física,True,CLI6138,2025-03-01,1900-01-01 10:45:00,10:45,False,False,False,False,True,False,True,False,False,False,False,False,False,quantidade_nao_positiva_ou_nula;valor_total_nao_positivo,False,True,2025,3,Marco,2025-03,T1,Sabado,1,Manha,-33.8,8.45,8.45,Com Promocao,True,5
20079,2025-03-08,18,Casquinha,Nao Informado,5,,Nao Informado,MA,Parceiro,False,CLI9923,2025-03-08,1900-01-01 18:00:00,18:00,True,True,False,False,False,True,True,False,False,False,False,False,False,valor_total_nulo,False,False,2025,3,Marco,2025-03,T1,Sabado,8,Noite,,,,Sem Promocao,True,6
20091,2025-06-21,9,Sundae,Açaí,-3,-21.03,Casa Grande,ES,Parceiro,False,CLI3355,2025-06-21,1900-01-01 09:00:00,09:00,False,False,False,False,True,False,True,False,False,False,False,False,False,quantidade_nao_positiva_ou_nula;valor_total_nao_positivo,False,False,2025,6,Junho,2025-06,T2,Sabado,21,Manha,-21.03,7.01,7.01,Sem Promocao,True,5
20098,2025-03-13,13,Pote,Cookies,-5,-52.0,Gonçalves,RR,App,False,CLI1731,2025-03-13,1900-01-01 13:30:00,13:30,False,False,False,False,True,False,True,False,False,False,False,False,False,quantidade_nao_positiva_ou_nula;valor_total_nao_positivo,False,True,2025,3,Marco,2025-03,T1,Quinta,13,Tarde,-52.0,10.4,10.4,Sem Promocao,True,4
20114,2025-05-05,21,Picolé,Morango,-1,-10.21,Monteiro,SC,Parceiro,False,CLI2304,2025-05-05,1900-01-01 21:00:00,21:00,False,False,False,False,True,False,True,False,False,False,False,False,False,quantidade_nao_positiva_ou_nula;valor_total_nao_positivo,False,False,2025,5,Maio,2025-05,T2,Segunda,5,Noite,-10.21,10.21,10.21,Sem Promocao,True,7
20119,2025-08-11,20,Picolé,Caramelo,0,0.0,Da Rocha,MA,Parceiro,True,CLI1310,2025-08-11,1900-01-01 20:45:00,20:45,False,False,False,False,True,False,True,False,False,False,False,False,False,quantidade_nao_positiva_ou_nula;valor_total_nao_positivo,False,False,2025,8,Agosto,2025-08,T3,Segunda,11,Noite,0.0,,,Com Promocao,True,6
20122,2025-08-11,11,Sundae,Nao Informado,2,,Nao Informado,RJ,Loja Física,True,CLI8604,2025-08-11,1900-01-01 11:00:00,11:00,True,True,False,False,False,True,True,False,False,False,False,False,False,valor_total_nulo,False,False,2025,8,Agosto,2025-08,T3,Segunda,11,Manha,,,,Com Promocao,True,6
20150,2025-06-16,22,Sundae,Cookies,-2,-15.44,Azevedo De Da Rocha,MG,Loja Física,True,CLI6487,2025-06-16,1900-01-01 22:30:00,22:30,False,False,False,False,True,False,True,False,False,False,False,False,False,quantidade_nao_positiva_ou_nula;valor_total_nao_positivo,False,False,2025,6,Junho,2025-06,T2,Segunda,16,Noite,-15.44,7.72,7.72,Com Promocao,True,10
20165,2025-06-25,20,Milkshake,Nao Informado,4,,Nao Informado,RO,App,True,CLI2979,2025-06-25,1900-01-01 20:15:00,20:15,True,True,False,False,False,True,True,False,False,False,False,False,False,valor_total_nulo,False,False,2025,6,Junho,2025-06,T2,Quarta,25,Noite,,,,Com Promocao,True,4
20173,2025-05-29,18,Milkshake,Açaí,0,0.0,Pacheco Da Prata,BA,Loja Física,False,CLI1789,2025-05-29,1900-01-01 18:15:00,18:15,False,False,False,False,True,False,True,False,False,False,False,False,False,quantidade_nao_positiva_ou_nula;valor_total_nao_positivo,False,False,2025,5,Maio,2025-05,T2,Quinta,29,Noite,0.0,,,Sem Promocao,True,7
20206,2025-04-19,12,Picolé,Chocolate,-4,-42.12,Nogueira,RS,App,False,CLI1624,2025-04-19,1900-01-01 12:15:00,12:15,False,False,False,False,True,False,True,False,False,False,False,False,False,quantidade_nao_positiva_ou_nula;valor_total_nao_positivo,False,True,2025,4,Abril,2025-04,T2,Sabado,19,Tarde,-42.12,10.53,10.53,Sem Promocao,True,9
20231,2025-03-16,11,Picolé,Caramelo,-2,-16.2,Rocha,AC,Parceiro,False,CLI8510,2025-03-16,1900-01-01 11:30:00,11:30,False,False,False,False,True,False,True,False,False,False,False,False,False,quantidade_nao_positiva_ou_nula;valor_total_nao_positivo,False,False,2025,3,Marco,2025-03,T1,Domingo,16,Manha,-16.2,8.1,8.1,Sem Promocao,True,10
20258,2025-03-07,13,Milkshake,Morango,-1,-5.71,Porto,BA,App,True,CLI4806,2025-03-07,1900-01-01 13:15:00,13:15,False,False,False,False,True,False,True,False,False,False,False,False,False,quantidade_nao_positiva_ou_nula;valor_total_nao_positivo,False,False,2025,3,Marco,2025-03,T1,Sexta,7,Tarde,-5.71,5.71,5.71,Com Promocao,True,2
20279,2025-05-28,9,Milkshake,Chocolate,0,0.0,Rezende Verde,PA,Loja Física,False,CLI2203,2025-05-28,1900-01-01 09:15:00,09:15,False,False,False,False,True,False,True,False,False,False,False,False,False,quantidade_nao_positiva_ou_nula;valor_total_nao_positivo,False,False,2025,5,Maio,2025-05,T2,Quarta,28,Manha,0.0,,,Sem Promocao,True,9
20325,2025-07-02,12,Pote,Açaí,-1,-4.21,Mendonça Do Campo,MT,Parceiro,True,CLI3786,2025-07-02,1900-01-01 12:00:00,12:00,False,False,False,False,True,False,True,False,False,False,False,False,False,quantidade_nao_positiva_ou_nula;valor_total_nao_positivo,False,False,2025,7,Julho,2025-07,T3,Quarta,2,Tarde,-4.21,4.21,4.21,Com Promocao,True,10
20342,2025-08-20,20,Casquinha,Cookies,-3,-20.49,Barros,PR,App,False,CLI2158,2025-08-20,1900-01-01 20:00:00,20:00,False,False,False,False,True,False,True,False,False,False,False,False,False,quantidade_nao_positiva_ou_nula;valor_total_nao_positivo,False,False,2025,8,Agosto,2025-08,T3,Quarta,20,Noite,-20.49,6.83,6.83,Sem Promocao,True,5
20375,2025-02-24,19,Sundae,Açaí,-4,-27.56,Correia Da Mata,PB,Parceiro,True,CLI8107,2025-02-24,1900-01-01 19:00:00,19:00,False,False,False,False,True,False,True,False,False,False,False,False,False,quantidade_nao_positiva_ou_nula;valor_total_nao_positivo,False,True,2025,2,Fevereiro,2025-02,T1,Segunda,24,Noite,-27.56,6.89,6.89,Com Promocao,True,5
20386,2025-07-26,12,Casquinha,Cookies,-5,-40.55,Oliveira Das Flores,DF,Parceiro,False,CLI9983,2025-07-26,1900-01-01 12:00:00,12:00,False,False,False,False,True,False,True,False,False,False,False,False,False,quantidade_nao_positiva_ou_nula;valor_total_nao_positivo,False,True,2025,7,Julho,2025-07,T3,Sabado,26,Tarde,-40.55,8.11,8.11,Sem Promocao,True,8
20399,2025-08-14,14,Picolé,Morango,-4,-22.56,Vasconcelos De Fonseca,GO,Parceiro,False,CLI7379,2025-08-14,1900-01-01 14:30:00,14:30,False,False,False,False,True,False,True,False,False,False,False,False,False,quantidade_nao_positiva_ou_nula;valor_total_nao_positivo,False,True,2025,8,Agosto,2025-08,T3,Quinta,14,Tarde,-22.56,5.64,5.64,Sem Promocao,True,6
20424,2025-03-14,14,Sundae,Limão,-3,-25.47,Fernandes,MS,Parceiro,False,CLI3610,2025-03-14,1900-01-01 14:15:00,14:15,False,False,False,False,True,False,True,False,False,False,False,False,False,quantidade_nao_positiva_ou_nula;valor_total_nao_positivo,False,True,2025,3,Marco,2025-03,T1,Sexta,14,Tarde,-25.47,8.49,8.49,Sem Promocao,True,8
20451,2025-07-30,16,Milkshake,Nao Informado,4,,Nao Informado,ES,App,False,CLI4650,2025-07-30,1900-01-01 16:45:00,16:45,True,True,False,False,False,True,True,False,False,False,False,False,False,valor_total_nulo,False,False,2025,7,Julho,2025-07,T3,Quarta,30,Tarde,,,,Sem Promocao,True,6
20544,2025-05-18,19,Casquinha,Nao Informado,5,,Nao Informado,PB,App,False,CLI6646,2025-05-18,1900-01-01 19:30:00,19:30,True,True,False,False,False,True,True,False,False,False,False,False,False,valor_total_nulo,False,False,2025,5,Maio,2025-05,T2,Domingo,18,Noite,,,,Sem Promocao,True,5
20574,2025-07-02,9,Pote,Nao Informado,5,,Nao Informado,PR,Parceiro,False,CLI3768,2025-07-02,1900-01-01 09:00:00,09:00,True,True,False,False,False,True,True,False,False,False,False,False,False,valor_total_nulo,False,False,2025,7,Julho,2025-07,T3,Quarta,2,Manha,,,,Sem Promocao,True,5
20616,2025-05-15,15,Pote,Baunilha,-2,-20.08,Oliveira De Santos,SE,Loja Física,False,CLI7507,2025-05-15,1900-01-01 15:15:00,15:15,False,False,False,False,True,False,True,False,False,False,False,False,False,quantidade_nao_positiva_ou_nula;valor_total_nao_positivo,False,False,2025,5,Maio,2025-05,T2,Quinta,15,Tarde,-20.08,10.04,10.04,Sem Promocao,True,3
20623,2025-05-08,12,Milkshake,Menta,-3,-34.52,Campinas,DF,Loja Física,True,CLI9117,2025-05-08,1900-01-01 12:15:00,12:15,False,False,False,False,True,False,True,False,False,False,False,False,False,quantidade_nao_positiva_ou_nula;valor_total_nao_positivo,False,True,2025,5,Maio,2025-05,T2,Quinta,8,Tarde,-34.52,11.51,11.51,Com Promocao,True,3
20640,2025-06-27,16,Picolé,Limão,0,0.0,Gomes De Fernandes,MA,Loja Física,False,CLI2746,2025-06-27,1900-01-01 16:15:00,16:15,False,False,False,False,True,False,True,False,False,False,False,False,False,quantidade_nao_positiva_ou_nula;valor_total_nao_positivo,False,False,2025,6,Junho,2025-06,T2,Sexta,27,Tarde,0.0,,,Sem Promocao,True,3
20668,2025-03-24,19,Pote,Menta,-5,-36.76,Sales,AC,Loja Física,True,CLI8561,2025-03-24,1900-01-01 19:30:00,19:30,False,False,False,False,True,False,True,False,False,False,False,False,False,quantidade_nao_positiva_ou_nula;valor_total_nao_positivo,False,True,2025,3,Marco,2025-03,T1,Segunda,24,Noite,-36.76,7.35,7.35,Com Promocao,True,8
20715,2025-03-31,16,Pote,Limão,0,0.0,Aragão,RS,App,True,CLI5709,2025-03-31,1900-01-01 16:15:00,16:15,False,False,False,False,True,False,True,False,False,False,False,False,False,quantidade_nao_positiva_ou_nula;valor_total_nao_positivo,False,False,2025,3,Marco,2025-03,T1,Segunda,31,Tarde,0.0,,,Com Promocao,True,7
20767,2025-04-09,10,Picolé,Baunilha,-1,-4.37,Rodrigues,BA,Parceiro,True,CLI6509,2025-04-09,1900-01-01 10:30:00,10:30,False,False,False,False,True,False,True,False,False,False,False,False,False,quantidade_nao_positiva_ou_nula;valor_total_nao_positivo,False,False,2025,4,Abril,2025-04,T2,Quarta,9,Manha,-4.37,4.37,4.37,Com Promocao,True,9
20806,2025-04-21,11,Milkshake,Nao Informado,1,,Nao Informado,AP,App,True,CLI6347,2025-04-21,1900-01-01 11:15:00,11:15,True,True,False,False,False,True,True,False,False,False,False,False,False,valor_total_nulo,False,False,2025,4,Abril,2025-04,T2,Segunda,21,Manha,,,,Com Promocao,True,7
20865,2025-05-23,10,Picolé,Cookies,-1,-6.91,Farias,ES,Parceiro,False,CLI3075,2025-05-23,1900-01-01 10:45:00,10:45,False,False,False,False,True,False,True,False,False,False,False,False,False,quantidade_nao_positiva_ou_nula;valor_total_nao_positivo,False,False,2025,5,Maio,2025-05,T2,Sexta,23,Manha,-6.91,6.91,6.91,Sem Promocao,True,10
20929,2025-03-08,9,Milkshake,Nao Informado,4,,Nao Informado,MS,Parceiro,True,CLI9361,2025-03-08,1900-01-01 09:45:00,09:45,True,True,False,False,False,True,True,False,False,False,False,False,False,valor_total_nulo,False,False,2025,3,Marco,2025-03,T1,Sabado,8,Manha,,,,Com Promocao,True,2
20936,2025-02-27,12,Casquinha,Morango,-4,-43.32,Nascimento Da Serra,MG,Loja Física,True,CLI7914,2025-02-27,1900-01-01 12:15:00,12:15,False,False,False,False,True,False,True,False,False,False,False,False,False,quantidade_nao_positiva_ou_nula;valor_total_nao_positivo,False,True,2025,2,Fevereiro,2025-02,T1,Quinta,27,Tarde,-43.32,10.83,10.83,Com Promocao,True,6
20944,2025-05-12,15,Picolé,Cookies,-1,-9.79,Sá Da Serra,MG,App,False,CLI5477,2025-05-12,1900-01-01 15:45:00,15:45,False,False,False,False,True,False,True,False,False,False,False,False,False,quantidade_nao_positiva_ou_nula;valor_total_nao_positivo,False,False,2025,5,Maio,2025-05,T2,Segunda,12,Tarde,-9.79,9.79,9.79,Sem Promocao,True,7
21245,2025-07-07,9,Pote,Menta,-1,-6.55,Albuquerque,AC,Loja Física,False,CLI4648,2025-07-07,1900-01-01 09:00:00,09:00,False,False,False,False,True,False,True,False,False,False,False,False,False,quantidade_nao_positiva_ou_nula;valor_total_nao_positivo,False,False,2025,7,Julho,2025-07,T3,Segunda,7,Manha,-6.55,6.55,6.55,Sem Promocao,True,7
21258,2025-04-17,19,Picolé,Nao Informado,1,,Nao Informado,AM,App,False,CLI5120,2025-04-17,1900-01-01 19:45:00,19:45,True,True,False,False,False,True,True,False,False,False,False,False,False,valor_total_nulo,False,False,2025,4,Abril,2025-04,T2,Quinta,17,Noite,,,,Sem Promocao,True,10
21277,2025-08-01,16,Milkshake,Nao Informado,4,,Nao Informado,DF,Parceiro,True,CLI3244,2025-08-01,1900-01-01 16:30:00,16:30,True,True,False,False,False,True,True,False,False,False,False,False,False,valor_total_nulo,False,False,2025,8,Agosto,2025-08,T3,Sexta,1,Tarde,,,,Com Promocao,True,8
21286,2025-06-27,11,Pote,Nao Informado,5,,Nao Informado,DF,Parceiro,True,CLI6309,2025-06-27,1900-01-01 11:15:00,11:15,True,True,False,False,False,True,True,False,False,False,False,False,False,valor_total_nulo,False,False,2025,6,Junho,2025-06,T2,Sexta,27,Manha,,,,Com Promocao,True,5
21377,2025-04-03,10,Milkshake,Chocolate,-5,-42.54,Guerra Da Praia,AP,App,True,CLI5840,2025-04-03,1900-01-01 10:30:00,10:30,False,False,False,False,True,False,True,False,False,False,False,False,False,quantidade_nao_positiva_ou_nula;valor_total_nao_positivo,False,True,2025,4,Abril,2025-04,T2,Quinta,3,Manha,-42.54,8.51,8.51,Com Promocao,True,8
21386,2025-07-30,21,Sundae,Limão,-1,-5.36,Da Mota,TO,Parceiro,True,CLI3336,2025-07-30,1900-01-01 21:00:00,21:00,False,False,False,False,True,False,True,False,False,False,False,False,False,quantidade_nao_positiva_ou_nula;valor_total_nao_positivo,False,False,2025,7,Julho,2025-07,T3,Quarta,30,Noite,-5.36,5.36,5.36,Com Promocao,True,8
21388,2025-03-30,16,Picolé,Nao Informado,1,,Nao Informado,MA,Loja Física,False,CLI4939,2025-03-30,1900-01-01 16:00:00,16:00,True,True,False,False,False,True,True,False,False,False,False,False,False,valor_total_nulo,False,False,2025,3,Marco,2025-03,T1,Domingo,30,Tarde,,,,Sem Promocao,True,10
21448,2025-04-29,15,Milkshake,Nao Informado,2,,Nao Informado,SC,Loja Física,False,CLI3728,2025-04-29,1900-01-01 15:15:00,15:15,True,True,False,False,False,True,True,False,False,False,False,False,False,valor_total_nulo,False,False,2025,4,Abril,2025-04,T2,Terca,29,Tarde,,,,Sem Promocao,True,9
21452,2025-08-08,9,Milkshake,Nao Informado,3,,Nao Informado,MT,App,False,CLI7588,2025-08-08,1900-01-01 09:00:00,09:00,True,True,False,False,False,True,True,False,False,False,False,False,False,valor_total_nulo,False,False,2025,8,Agosto,2025-08,T3,Sexta,8,Manha,,,,Sem Promocao,True,9
21504,2025-02-24,22,Casquinha,Chocolate,0,0.0,Siqueira Da Mata,RN,App,True,CLI9172,2025-02-24,1900-01-01 22:45:00,22:45,False,False,False,False,True,False,True,False,False,False,False,False,False,quantidade_nao_positiva_ou_nula;valor_total_nao_positivo,False,False,2025,2,Fevereiro,2025-02,T1,Segunda,24,Noite,0.0,,,Com Promocao,True,7
21535,2025-07-27,9,Picolé,Menta,-3,-24.74,Garcia,MT,Loja Física,True,CLI1286,2025-07-27,1900-01-01 09:45:00,09:45,False,False,False,False,True,False,True,False,False,False,False,False,False,quantidade_nao_positiva_ou_nula;valor_total_nao_positivo,False,True,2025,7,Julho,2025-07,T3,Domingo,27,Manha,-24.74,8.25,8.25,Com Promocao,True,7
21557,2025-07-30,11,Pote,Nao Informado,4,,Nao Informado,GO,Loja Física,True,CLI1754,2025-07-30,1900-01-01 11:45:00,11:45,True,True,False,False,False,True,True,False,False,False,False,False,False,valor_total_nulo,False,False,2025,7,Julho,2025-07,T3,Quarta,30,Manha,,,,Com Promocao,True,11
21575,2025-05-04,22,Picolé,Cookies,-3,-21.74,Silva,DF,App,True,CLI1361,2025-05-04,1900-01-01 22:15:00,22:15,False,False,False,False,True,False,True,False,False,False,False,False,False,quantidade_nao_positiva_ou_nula;valor_total_nao_positivo,False,False,2025,5,Maio,2025-05,T2,Domingo,4,Noite,-21.74,7.25,7.25,Com Promocao,True,4
21581,2025-07-23,12,Sundae,Nao Informado,3,,Nao Informado,PR,Parceiro,False,CLI3676,2025-07-23,1900-01-01 12:30:00,12:30,True,True,False,False,False,True,True,False,False,False,False,False,False,valor_total_nulo,False,False,2025,7,Julho,2025-07,T3,Quarta,23,Tarde,,,,Sem Promocao,True,5
21595,2025-07-27,15,Milkshake,Açaí,-2,-17.58,Pastor,BA,Parceiro,True,CLI7416,2025-07-27,1900-01-01 15:00:00,15:00,False,False,False,False,True,False,True,False,False,False,False,False,False,quantidade_nao_positiva_ou_nula;valor_total_nao_positivo,False,False,2025,7,Julho,2025-07,T3,Domingo,27,Tarde,-17.58,8.79,8.79,Com Promocao,True,8
21596,2025-02-22,10,Picolé,Açaí,-5,-32.77,Silveira,RO,Loja Física,True,CLI5839,2025-02-22,1900-01-01 10:45:00,10:45,False,False,False,False,True,False,True,False,False,False,False,False,False,quantidade_nao_positiva_ou_nula;valor_total_nao_positivo,False,True,2025,2,Fevereiro,2025-02,T1,Sabado,22,Manha,-32.77,6.55,6.55,Com Promocao,True,6
21631,2025-07-05,20,Casquinha,Cookies,-1,-13.09,Vieira,SC,Loja Física,True,CLI5624,2025-07-05,1900-01-01 20:15:00,20:15,False,False,False,False,True,False,True,False,False,False,False,False,False,quantidade_nao_positiva_ou_nula;valor_total_nao_positivo,False,False,2025,7,Julho,2025-07,T3,Sabado,5,Noite,-13.09,13.09,13.09,Com Promocao,True,4
21634,2025-04-07,11,Sundae,Nao Informado,4,,Nao Informado,AL,Loja Física,True,CLI6271,2025-04-07,1900-01-01 11:15:00,11:15,True,True,False,False,False,True,True,False,False,False,False,False,False,valor_total_nulo,False,False,2025,4,Abril,2025-04,T2,Segunda,7,Manha,,,,Com Promocao,True,2
21718,2025-04-05,18,Casquinha,Açaí,0,0.0,Azevedo Das Pedras,SE,App,True,CLI5180,2025-04-05,1900-01-01 18:45:00,18:45,False,False,False,False,True,False,True,False,False,False,False,False,False,quantidade_nao_positiva_ou_nula;valor_total_nao_positivo,False,False,2025,4,Abril,2025-04,T2,Sabado,5,Noite,0.0,,,Com Promocao,True,8
21846,2025-06-23,15,Pote,Caramelo,-4,-27.55,Cirino,RJ,Parceiro,True,CLI1705,2025-06-23,1900-01-01 15:30:00,15:30,False,False,False,False,True,False,True,False,False,False,False,False,False,quantidade_nao_positiva_ou_nula;valor_total_nao_positivo,False,True,2025,6,Junho,2025-06,T2,Segunda,23,Tarde,-27.55,6.89,6.89,Com Promocao,True,13
21940,2025-04-16,18,Milkshake,Menta,-2,-16.08,Câmara,SC,App,False,CLI6571,2025-04-16,1900-01-01 18:15:00,18:15,False,False,False,False,True,False,True,False,False,False,False,False,False,quantidade_nao_positiva_ou_nula;valor_total_nao_positivo,False,False,2025,4,Abril,2025-04,T2,Quarta,16,Noite,-16.08,8.04,8.04,Sem Promocao,True,6
21949,2025-02-22,17,Pote,Nao Informado,5,,Nao Informado,SC,Parceiro,True,CLI8710,2025-02-22,1900-01-01 17:45:00,17:45,True,True,False,False,False,True,True,False,False,False,False,False,False,valor_total_nulo,False,False,2025,2,Fevereiro,2025-02,T1,Sabado,22,Tarde,,,,Com Promocao,True,4
22007,2025-02-28,13,Pote,Nao Informado,4,,Nao Informado,PI,Parceiro,True,CLI1074,2025-02-28,1900-01-01 13:45:00,13:45,True,True,False,False,False,True,True,False,False,False,False,False,False,valor_total_nulo,False,False,2025,2,Fevereiro,2025-02,T1,Sexta,28,Tarde,,,,Com Promocao,True,7
22027,2025-04-29,14,Sundae,Nao Informado,2,,Nao Informado,CE,Parceiro,False,CLI7062,2025-04-29,1900-01-01 14:15:00,14:15,True,True,False,False,False,True,True,False,False,False,False,False,False,valor_total_nulo,False,False,2025,4,Abril,2025-04,T2,Terca,29,Tarde,,,,Sem Promocao,True,10
22089,2025-07-09,17,Casquinha,Menta,-2,-20.04,Sousa,RS,App,True,CLI2802,2025-07-09,1900-01-01 17:00:00,17:00,False,False,False,False,True,False,True,False,False,False,False,False,False,quantidade_nao_positiva_ou_nula;valor_total_nao_positivo,False,False,2025,7,Julho,2025-07,T3,Quarta,9,Tarde,-20.04,10.02,10.02,Com Promocao,True,6
22099,2025-03-24,15,Milkshake,Caramelo,-4,-31.46,Costela,RR,Loja Física,True,CLI3059,2025-03-24,1900-01-01 15:00:00,15:00,False,False,False,False,True,False,True,False,False,False,False,False,False,quantidade_nao_positiva_ou_nula;valor_total_nao_positivo,False,True,2025,3,Marco,2025-03,T1,Segunda,24,Tarde,-31.46,7.86,7.86,Com Promocao,True,4
22104,2025-07-18,15,Sundae,Nao Informado,1,,Nao Informado,RS,Loja Física,False,CLI5410,2025-07-18,1900-01-01 15:45:00,15:45,True,True,False,False,False,True,True,False,False,False,False,False,False,valor_total_nulo,False,False,2025,7,Julho,2025-07,T3,Sexta,18,Tarde,,,,Sem Promocao,True,5
22107,2025-07-14,19,Picolé,Morango,-5,-55.01,Das Neves Das Flores,MS,App,True,CLI7207,2025-07-14,1900-01-01 19:30:00,19:30,False,False,False,False,True,False,True,False,False,False,False,False,False,quantidade_nao_positiva_ou_nula;valor_total_nao_positivo,False,True,2025,7,Julho,2025-07,T3,Segunda,14,Noite,-55.01,11.0,11.0,Com Promocao,True,2
22136,2025-04-12,13,Pote,Nao Informado,4,,Nao Informado,MA,App,True,CLI3249,2025-04-12,1900-01-01 13:00:00,13:00,True,True,False,False,False,True,True,False,False,False,False,False,False,valor_total_nulo,False,False,2025,4,Abril,2025-04,T2,Sabado,12,Tarde,,,,Com Promocao,True,3
22172,2025-07-04,17,Picolé,Cookies,-2,-22.9,Novaes Dos Dourados,SP,Parceiro,True,CLI8011,2025-07-04,1900-01-01 17:00:00,17:00,False,False,False,False,True,False,True,False,False,False,False,False,False,quantidade_nao_positiva_ou_nula;valor_total_nao_positivo,False,True,2025,7,Julho,2025-07,T3,Sexta,4,Tarde,-22.9,11.45,11.45,Com Promocao,True,10
22254,2025-09-15,13,Milkshake,Açaí,0,0.0,Guerra,RO,Parceiro,False,CLI7429,2025-09-15,1900-01-01 13:30:00,13:30,False,False,False,False,True,False,True,False,False,False,False,False,False,quantidade_nao_positiva_ou_nula;valor_total_nao_positivo,False,False,2025,9,Setembro,2025-09,T3,Segunda,15,Tarde,0.0,,,Sem Promocao,True,8
22292,2025-07-09,10,Picolé,Morango,-1,-5.97,Nogueira,AM,Parceiro,False,CLI9689,2025-07-09,1900-01-01 10:15:00,10:15,False,False,False,False,True,False,True,False,False,False,False,False,False,quantidade_nao_positiva_ou_nula;valor_total_nao_positivo,False,False,2025,7,Julho,2025-07,T3,Quarta,9,Manha,-5.97,5.97,5.97,Sem Promocao,True,7
22307,2025-06-14,19,Sundae,Limão,-1,-8.02,Moura,TO,Loja Física,False,CLI4487,2025-06-14,1900-01-01 19:15:00,19:15,False,False,False,False,True,False,True,False,False,False,False,False,False,quantidade_nao_positiva_ou_nula;valor_total_nao_positivo,False,False,2025,6,Junho,2025-06,T2,Sabado,14,Noite,-8.02,8.02,8.02,Sem Promocao,True,8
22425,2025-08-20,14,Sundae,Cookies,-1,-7.21,Monteiro Da Mata,MG,Loja Física,False,CLI6410,2025-08-20,1900-01-01 14:30:00,14:30,False,False,False,False,True,False,True,False,False,False,False,False,False,quantidade_nao_positiva_ou_nula;valor_total_nao_positivo,False,False,2025,8,Agosto,2025-08,T3,Quarta,20,Tarde,-7.21,7.21,7.21,Sem Promocao,True,5
22433,2025-04-19,21,Milkshake,Nao Informado,6,,Nao Informado,PA,App,False,CLI1256,2025-04-19,1900-01-01 21:00:00,21:00,True,True,False,False,False,True,True,False,False,False,False,False,False,valor_total_nulo,False,False,2025,4,Abril,2025-04,T2,Sabado,19,Noite,,,,Sem Promocao,True,6
22449,2025-07-02,14,Milkshake,Nao Informado,4,,Nao Informado,PE,App,False,CLI4883,2025-07-02,1900-01-01 14:15:00,14:15,True,True,False,False,False,True,True,False,False,False,False,False,False,valor_total_nulo,False,False,2025,7,Julho,2025-07,T3,Quarta,2,Tarde,,,,Sem Promocao,True,6
22534,2025-05-01,21,Milkshake,Nao Informado,5,,Nao Informado,RR,Parceiro,True,CLI3403,2025-05-01,1900-01-01 21:15:00,21:15,True,True,False,False,False,True,True,False,False,False,False,False,False,valor_total_nulo,False,False,2025,5,Maio,2025-05,T2,Quinta,1,Noite,,,,Com Promocao,True,3
22543,2025-08-12,9,Picolé,Caramelo,-4,-27.82,Vargas,MT,Parceiro,True,CLI4629,2025-08-12,1900-01-01 09:00:00,09:00,False,False,False,False,True,False,True,False,False,False,False,False,False,quantidade_nao_positiva_ou_nula;valor_total_nao_positivo,False,True,2025,8,Agosto,2025-08,T3,Terca,12,Manha,-27.82,6.96,6.96,Com Promocao,True,9
22556,2025-06-28,16,Pote,Morango,0,0.0,Farias De Pimenta,PA,Loja Física,False,CLI8278,2025-06-28,1900-01-01 16:15:00,16:15,False,False,False,False,True,False,True,False,False,False,False,False,False,quantidade_nao_positiva_ou_nula;valor_total_nao_positivo,False,False,2025,6,Junho,2025-06,T2,Sabado,28,Tarde,0.0,,,Sem Promocao,True,3
22566,2025-05-23,9,Casquinha,Caramelo,-5,-42.56,Moura Do Oeste,BA,App,True,CLI3960,2025-05-23,1900-01-01 09:45:00,09:45,False,False,False,False,True,False,True,False,False,False,False,False,False,quantidade_nao_positiva_ou_nula;valor_total_nao_positivo,False,True,2025,5,Maio,2025-05,T2,Sexta,23,Manha,-42.56,8.51,8.51,Com Promocao,True,5
22579,2025-04-07,21,Pote,Menta,-1,-4.79,Gomes Grande,PE,Parceiro,True,CLI5529,2025-04-07,1900-01-01 21:00:00,21:00,False,False,False,False,True,False,True,False,False,False,False,False,False,quantidade_nao_positiva_ou_nula;valor_total_nao_positivo,False,False,2025,4,Abril,2025-04,T2,Segunda,7,Noite,-4.79,4.79,4.79,Com Promocao,True,8
22606,2025-06-22,16,Sundae,Nao Informado,5,,Nao Informado,MS,Parceiro,True,CLI7641,2025-06-22,1900-01-01 16:45:00,16:45,True,True,False,False,False,True,True,False,False,False,False,False,False,valor_total_nulo,False,False,2025,6,Junho,2025-06,T2,Domingo,22,Tarde,,,,Com Promocao,True,8
22615,2025-05-08,21,Sundae,Baunilha,-1,-7.2,Rios Do Galho,SC,App,True,CLI8282,2025-05-08,1900-01-01 21:30:00,21:30,False,False,False,False,True,False,True,False,False,False,False,False,False,quantidade_nao_positiva_ou_nula;valor_total_nao_positivo,False,False,2025,5,Maio,2025-05,T2,Quinta,8,Noite,-7.2,7.2,7.2,Com Promocao,True,9
22620,2025-07-03,20,Pote,Nao Informado,1,,Nao Informado,SP,Parceiro,True,CLI2425,2025-07-03,1900-01-01 20:45:00,20:45,True,True,False,False,False,True,True,False,False,False,False,False,False,valor_total_nulo,False,False,2025,7,Julho,2025-07,T3,Quinta,3,Noite,,,,Com Promocao,True,8
22669,2025-03-12,19,Milkshake,Nao Informado,2,,Nao Informado,GO,App,False,CLI4598,2025-03-12,1900-01-01 19:45:00,19:45,True,True,False,False,False,True,True,False,False,False,False,False,False,valor_total_nulo,False,False,2025,3,Marco,2025-03,T1,Quarta,12,Noite,,,,Sem Promocao,True,7
22720,2025-07-15,19,Picolé,Açaí,-4,-46.43,Ferreira Da Praia,RR,App,True,CLI9453,2025-07-15,1900-01-01 19:45:00,19:45,False,False,False,False,True,False,True,False,False,False,False,False,False,quantidade_nao_positiva_ou_nula;valor_total_nao_positivo,False,True,2025,7,Julho,2025-07,T3,Terca,15,Noite,-46.43,11.61,11.61,Com Promocao,True,12
22725,2025-08-19,20,Sundae,Menta,-1,-11.31,Vieira,RR,Parceiro,True,CLI9380,2025-08-19,1900-01-01 20:15:00,20:15,False,False,False,False,True,False,True,False,False,False,False,False,False,quantidade_nao_positiva_ou_nula;valor_total_nao_positivo,False,False,2025,8,Agosto,2025-08,T3,Terca,19,Noite,-11.31,11.31,11.31,Com Promocao,True,4
22727,2025-03-02,12,Casquinha,Morango,0,0.0,Azevedo,ES,Loja Física,False,CLI6481,2025-03-02,1900-01-01 12:45:00,12:45,False,False,False,False,True,False,True,False,False,False,False,False,False,quantidade_nao_positiva_ou_nula;valor_total_nao_positivo,False,False,2025,3,Marco,2025-03,T1,Domingo,2,Tarde,0.0,,,Sem Promocao,True,7
22797,2025-06-01,20,Casquinha,Menta,0,0.0,Pinto,SC,Parceiro,True,CLI9419,2025-06-01,1900-01-01 20:30:00,20:30,False,False,False,False,True,False,True,False,False,False,False,False,False,quantidade_nao_positiva_ou_nula;valor_total_nao_positivo,False,False,2025,6,Junho,2025-06,T2,Domingo,1,Noite,0.0,,,Com Promocao,True,7
22823,2025-05-15,14,Casquinha,Nao Informado,4,,Nao Informado,GO,Loja Física,True,CLI9195,2025-05-15,1900-01-01 14:30:00,14:30,True,True,False,False,False,True,True,False,False,False,False,False,False,valor_total_nulo,False,False,2025,5,Maio,2025-05,T2,Quinta,15,Tarde,,,,Com Promocao,True,7
23012,2025-08-11,19,Pote,Cookies,-1,-6.68,Lopes,PB,App,False,CLI1111,2025-08-11,1900-01-01 19:30:00,19:30,False,False,False,False,True,False,True,False,False,False,False,False,False,quantidade_nao_positiva_ou_nula;valor_total_nao_positivo,False,False,2025,8,Agosto,2025-08,T3,Segunda,11,Noite,-6.68,6.68,6.68,Sem Promocao,True,4
23025,2025-08-18,16,Picolé,Cookies,0,0.0,Monteiro De Fernandes,MS,App,False,CLI2509,2025-08-18,1900-01-01 16:00:00,16:00,False,False,False,False,True,False,True,False,False,False,False,False,False,quantidade_nao_positiva_ou_nula;valor_total_nao_positivo,False,False,2025,8,Agosto,2025-08,T3,Segunda,18,Tarde,0.0,,,Sem Promocao,True,4
23046,2025-04-15,9,Picolé,Nao Informado,1,,Nao Informado,RJ,Parceiro,True,CLI1292,2025-04-15,1900-01-01 09:45:00,09:45,True,True,False,False,False,True,True,False,False,False,False,False,False,valor_total_nulo,False,False,2025,4,Abril,2025-04,T2,Terca,15,Manha,,,,Com Promocao,True,7
23115,2025-05-20,13,Picolé,Baunilha,0,0.0,Gonçalves,GO,App,True,CLI2912,2025-05-20,1900-01-01 13:00:00,13:00,False,False,False,False,True,False,True,False,False,False,False,False,False,quantidade_nao_positiva_ou_nula;valor_total_nao_positivo,False,False,2025,5,Maio,2025-05,T2,Terca,20,Tarde,0.0,,,Com Promocao,True,8
23146,2025-03-22,22,Casquinha,Morango,0,0.0,Porto,PI,App,True,CLI5243,2025-03-22,1900-01-01 22:15:00,22:15,False,False,False,False,True,False,True,False,False,False,False,False,False,quantidade_nao_positiva_ou_nula;valor_total_nao_positivo,False,False,2025,3,Marco,2025-03,T1,Sabado,22,Noite,0.0,,,Com Promocao,True,9
23149,2025-05-11,8,Picolé,Morango,0,0.0,Machado,PB,Loja Física,False,CLI2913,2025-05-11,1900-01-01 08:30:00,08:30,False,False,False,False,True,False,True,False,False,False,False,False,False,quantidade_nao_positiva_ou_nula;valor_total_nao_positivo,False,False,2025,5,Maio,2025-05,T2,Domingo,11,Manha,0.0,,,Sem Promocao,True,8
23194,2025-05-24,15,Picolé,Nao Informado,4,,Nao Informado,RN,App,True,CLI9150,2025-05-24,1900-01-01 15:30:00,15:30,True,True,False,False,False,True,True,False,False,False,False,False,False,valor_total_nulo,False,False,2025,5,Maio,2025-05,T2,Sabado,24,Tarde,,,,Com Promocao,True,5
23205,2025-05-28,21,Milkshake,Menta,-5,-21.55,Nogueira,AL,App,True,CLI5094,2025-05-28,1900-01-01 21:45:00,21:45,False,False,False,False,True,False,True,False,False,False,False,False,False,quantidade_nao_positiva_ou_nula;valor_total_nao_positivo,False,False,2025,5,Maio,2025-05,T2,Quarta,28,Noite,-21.55,4.31,4.31,Com Promocao,True,7
23232,2025-02-26,9,Picolé,Menta,-4,-27.27,Lopes,PA,Loja Física,True,CLI9534,2025-02-26,1900-01-01 09:30:00,09:30,False,False,False,False,True,False,True,False,False,False,False,False,False,quantidade_nao_positiva_ou_nula;valor_total_nao_positivo,False,True,2025,2,Fevereiro,2025-02,T1,Quarta,26,Manha,-27.27,6.82,6.82,Com Promocao,True,11
23287,2025-02-24,13,Casquinha,Baunilha,-4,-44.28,Pastor De Gomes,RJ,App,False,CLI9359,2025-02-24,1900-01-01 13:00:00,13:00,False,False,False,False,True,False,True,False,False,False,False,False,False,quantidade_nao_positiva_ou_nula;valor_total_nao_positivo,False,True,2025,2,Fevereiro,2025-02,T1,Segunda,24,Tarde,-44.28,11.07,11.07,Sem Promocao,True,4
23289,2025-02-23,10,Milkshake,Menta,-1,-5.06,Da Paz Do Campo,PA,Loja Física,True,CLI7424,2025-02-23,1900-01-01 10:15:00,10:15,False,False,False,False,True,False,True,False,False,False,False,False,False,quantidade_nao_positiva_ou_nula;valor_total_nao_positivo,False,False,2025,2,Fevereiro,2025-02,T1,Domingo,23,Manha,-5.06,5.06,5.06,Com Promocao,True,5
23337,2025-04-25,15,Milkshake,Cookies,-4,-27.68,Castro,AC,App,False,CLI6906,2025-04-25,1900-01-01 15:00:00,15:00,False,False,False,False,True,False,True,False,False,False,False,False,False,quantidade_nao_positiva_ou_nula;valor_total_nao_positivo,False,True,2025,4,Abril,2025-04,T2,Sexta,25,Tarde,-27.68,6.92,6.92,Sem Promocao,True,6
23372,2025-04-25,16,Pote,Cookies,0,0.0,Da Costa De Da Luz,SE,Parceiro,False,CLI2799,2025-04-25,1900-01-01 16:45:00,16:45,False,False,False,False,True,False,True,False,False,False,False,False,False,quantidade_nao_positiva_ou_nula;valor_total_nao_positivo,False,False,2025,4,Abril,2025-04,T2,Sexta,25,Tarde,0.0,,,Sem Promocao,True,5
23395,2025-06-09,17,Pote,Chocolate,-4,-27.36,Pastor,SP,Parceiro,False,CLI5525,2025-06-09,1900-01-01 17:45:00,17:45,False,False,False,False,True,False,True,False,False,False,False,False,False,quantidade_nao_positiva_ou_nula;valor_total_nao_positivo,False,True,2025,6,Junho,2025-06,T2,Segunda,9,Tarde,-27.36,6.84,6.84,Sem Promocao,True,6
23402,2025-03-29,20,Sundae,Nao Informado,4,,Nao Informado,AM,Loja Física,True,CLI9435,2025-03-29,1900-01-01 20:30:00,20:30,True,True,False,False,False,True,True,False,False,False,False,False,False,valor_total_nulo,False,False,2025,3,Marco,2025-03,T1,Sabado,29,Noite,,,,Com Promocao,True,7
23411,2025-06-15,11,Casquinha,Nao Informado,4,,Nao Informado,PA,Loja Física,True,CLI9663,2025-06-15,1900-01-01 11:30:00,11:30,True,True,False,False,False,True,True,False,False,False,False,False,False,valor_total_nulo,False,False,2025,6,Junho,2025-06,T2,Domingo,15,Manha,,,,Com Promocao,True,5
23453,2025-07-27,14,Milkshake,Açaí,-1,-10.62,Siqueira,SE,Loja Física,True,CLI8969,2025-07-27,1900-01-01 14:15:00,14:15,False,False,False,False,True,False,True,False,False,False,False,False,False,quantidade_nao_positiva_ou_nula;valor_total_nao_positivo,False,False,2025,7,Julho,2025-07,T3,Domingo,27,Tarde,-10.62,10.62,10.62,Com Promocao,True,9
23462,2025-04-09,8,Milkshake,Morango,-1,-7.29,Rezende,ES,App,True,CLI3640,2025-04-09,1900-01-01 08:45:00,08:45,False,False,False,False,True,False,True,False,False,False,False,False,False,quantidade_nao_positiva_ou_nula;valor_total_nao_positivo,False,False,2025,4,Abril,2025-04,T2,Quarta,9,Manha,-7.29,7.29,7.29,Com Promocao,True,2
23468,2025-05-28,17,Sundae,Nao Informado,1,,Nao Informado,DF,Loja Física,False,CLI3212,2025-05-28,1900-01-01 17:00:00,17:00,True,True,False,False,False,True,True,False,False,False,False,False,False,valor_total_nulo,False,False,2025,5,Maio,2025-05,T2,Quarta,28,Tarde,,,,Sem Promocao,True,8
23482,2025-06-09,16,Milkshake,Nao Informado,6,,Nao Informado,PE,App,False,CLI4424,2025-06-09,1900-01-01 16:00:00,16:00,True,True,False,False,False,True,True,False,False,False,False,False,False,valor_total_nulo,False,False,2025,6,Junho,2025-06,T2,Segunda,9,Tarde,,,,Sem Promocao,True,13
23518,2025-04-29,9,Pote,Menta,-5,-51.14,Fonseca,AM,App,True,CLI3740,2025-04-29,1900-01-01 09:45:00,09:45,False,False,False,False,True,False,True,False,False,False,False,False,False,quantidade_nao_positiva_ou_nula;valor_total_nao_positivo,False,True,2025,4,Abril,2025-04,T2,Terca,29,Manha,-51.14,10.23,10.23,Com Promocao,True,7
23698,2025-08-01,18,Pote,Baunilha,-1,-11.19,Sales Da Mata,AL,Loja Física,False,CLI9915,2025-08-01,1900-01-01 18:15:00,18:15,False,False,False,False,True,False,True,False,False,False,False,False,False,quantidade_nao_positiva_ou_nula;valor_total_nao_positivo,False,False,2025,8,Agosto,2025-08,T3,Sexta,1,Noite,-11.19,11.19,11.19,Sem Promocao,True,4
23735,2025-06-21,12,Pote,Limão,0,0.0,Dias Da Mata,PR,App,True,CLI2944,2025-06-21,1900-01-01 12:00:00,12:00,False,False,False,False,True,False,True,False,False,False,False,False,False,quantidade_nao_positiva_ou_nula;valor_total_nao_positivo,False,False,2025,6,Junho,2025-06,T2,Sabado,21,Tarde,0.0,,,Com Promocao,True,4
23744,2025-06-01,22,Sundae,Nao Informado,3,,Nao Informado,MG,App,False,CLI7129,2025-06-01,1900-01-01 22:00:00,22:00,True,True,False,False,False,True,True,False,False,False,False,False,False,valor_total_nulo,False,False,2025,6,Junho,2025-06,T2,Domingo,1,Noite,,,,Sem Promocao,True,6
23746,2025-03-28,17,Sundae,Limão,-4,-38.23,Barbosa,PA,App,True,CLI7329,2025-03-28,1900-01-01 17:15:00,17:15,False,False,False,False,True,False,True,False,False,False,False,False,False,quantidade_nao_positiva_ou_nula;valor_total_nao_positivo,False,True,2025,3,Marco,2025-03,T1,Sexta,28,Tarde,-38.23,9.56,9.56,Com Promocao,True,7
23795,2025-07-29,17,Casquinha,Açaí,-2,-17.2,Castro Da Mata,MA,Loja Física,True,CLI5414,2025-07-29,1900-01-01 17:00:00,17:00,False,False,False,False,True,False,True,False,False,False,False,False,False,quantidade_nao_positiva_ou_nula;valor_total_nao_positivo,False,False,2025,7,Julho,2025-07,T3,Terca,29,Tarde,-17.2,8.6,8.6,Com Promocao,True,7
23864,2025-05-16,16,Casquinha,Chocolate,0,0.0,Mendes,SE,App,False,CLI8094,2025-05-16,1900-01-01 16:45:00,16:45,False,False,False,False,True,False,True,False,False,False,False,False,False,quantidade_nao_positiva_ou_nula;valor_total_nao_positivo,False,False,2025,5,Maio,2025-05,T2,Sexta,16,Tarde,0.0,,,Sem Promocao,True,7
23882,2025-04-10,20,Sundae,Menta,-1,-9.86,Da Rocha De Aparecida,MA,Parceiro,True,CLI7272,2025-04-10,1900-01-01 20:00:00,20:00,False,False,False,False,True,False,True,False,False,False,False,False,False,quantidade_nao_positiva_ou_nula;valor_total_nao_positivo,False,False,2025,4,Abril,2025-04,T2,Quinta,10,Noite,-9.86,9.86,9.86,Com Promocao,True,10
23929,2025-05-22,11,Casquinha,Baunilha,-1,-5.03,Santos,ES,App,False,CLI1629,2025-05-22,1900-01-01 11:15:00,11:15,False,False,False,False,True,False,True,False,False,False,False,False,False,quantidade_nao_positiva_ou_nula;valor_total_nao_positivo,False,False,2025,5,Maio,2025-05,T2,Quinta,22,Manha,-5.03,5.03,5.03,Sem Promocao,True,8
23966,2025-08-15,10,Casquinha,Nao Informado,4,,Nao Informado,TO,App,False,CLI3598,2025-08-15,1900-01-01 10:15:00,10:15,True,True,False,False,False,True,True,False,False,False,False,False,False,valor_total_nulo,False,False,2025,8,Agosto,2025-08,T3,Sexta,15,Manha,,,,Sem Promocao,True,3
24032,2025-04-05,8,Picolé,Limão,0,0.0,Sampaio,SP,App,True,CLI2084,2025-04-05,1900-01-01 08:45:00,08:45,False,False,False,False,True,False,True,False,False,False,False,False,False,quantidade_nao_positiva_ou_nula;valor_total_nao_positivo,False,False,2025,4,Abril,2025-04,T2,Sabado,5,Manha,0.0,,,Com Promocao,True,8
24062,2025-06-16,19,Sundae,Nao Informado,1,,Nao Informado,PI,Parceiro,False,CLI3519,2025-06-16,1900-01-01 19:15:00,19:15,True,True,False,False,False,True,True,False,False,False,False,False,False,valor_total_nulo,False,False,2025,6,Junho,2025-06,T2,Segunda,16,Noite,,,,Sem Promocao,True,6
24068,2025-05-31,13,Casquinha,Cookies,-5,-48.89,Porto Do Sul,SP,App,True,CLI3927,2025-05-31,1900-01-01 13:00:00,13:00,False,False,False,False,True,False,True,False,False,False,False,False,False,quantidade_nao_positiva_ou_nula;valor_total_nao_positivo,False,True,2025,5,Maio,2025-05,T2,Sabado,31,Tarde,-48.89,9.78,9.78,Com Promocao,True,7
24123,2025-03-25,21,Picolé,Menta,-2,-10.98,Freitas De Araújo,PI,Parceiro,False,CLI6484,2025-03-25,1900-01-01 21:15:00,21:15,False,False,False,False,True,False,True,False,False,False,False,False,False,quantidade_nao_positiva_ou_nula;valor_total_nao_positivo,False,False,2025,3,Marco,2025-03,T1,Terca,25,Noite,-10.98,5.49,5.49,Sem Promocao,True,8
24150,2025-03-02,9,Casquinha,Nao Informado,2,,Nao Informado,AM,App,True,CLI8153,2025-03-02,1900-01-01 09:30:00,09:30,True,True,False,False,False,True,True,False,False,False,False,False,False,valor_total_nulo,False,False,2025,3,Marco,2025-03,T1,Domingo,2,Manha,,,,Com Promocao,True,5
24161,2025-04-03,18,Picolé,Nao Informado,5,,Nao Informado,SE,Loja Física,True,CLI8404,2025-04-03,1900-01-01 18:30:00,18:30,True,True,False,False,False,True,True,False,False,False,False,False,False,valor_total_nulo,False,False,2025,4,Abril,2025-04,T2,Quinta,3,Noite,,,,Com Promocao,True,6
24195,2025-08-08,20,Picolé,Nao Informado,2,,Nao Informado,AP,Loja Física,False,CLI5157,2025-08-08,1900-01-01 20:15:00,20:15,True,True,False,False,False,True,True,False,False,False,False,False,False,valor_total_nulo,False,False,2025,8,Agosto,2025-08,T3,Sexta,8,Noite,,,,Sem Promocao,True,4
24217,2025-06-05,10,Sundae,Chocolate,-1,-9.85,Dias Grande,GO,App,True,CLI6014,2025-06-05,1900-01-01 10:15:00,10:15,False,False,False,False,True,False,True,False,False,False,False,False,False,quantidade_nao_positiva_ou_nula;valor_total_nao_positivo,False,False,2025,6,Junho,2025-06,T2,Quinta,5,Manha,-9.85,9.85,9.85,Com Promocao,True,6
24233,2025-04-19,17,Casquinha,Caramelo,-3,-28.36,Souza,AC,Parceiro,True,CLI4037,2025-04-19,1900-01-01 17:00:00,17:00,False,False,False,False,True,False,True,False,False,False,False,False,False,quantidade_nao_positiva_ou_nula;valor_total_nao_positivo,False,True,2025,4,Abril,2025-04,T2,Sabado,19,Tarde,-28.36,9.45,9.45,Com Promocao,True,3
24259,2025-06-29,18,Milkshake,Caramelo,-2,-18.27,Cirino,RS,Loja Física,True,CLI5638,2025-06-29,1900-01-01 18:00:00,18:00,False,False,False,False,True,False,True,False,False,False,False,False,False,quantidade_nao_positiva_ou_nula;valor_total_nao_positivo,False,False,2025,6,Junho,2025-06,T2,Domingo,29,Noite,-18.27,9.14,9.14,Com Promocao,True,3
24282,2025-05-28,22,Milkshake,Nao Informado,5,,Nao Informado,AP,Parceiro,False,CLI7456,2025-05-28,1900-01-01 22:15:00,22:15,True,True,False,False,False,True,True,False,False,False,False,False,False,valor_total_nulo,False,False,2025,5,Maio,2025-05,T2,Quarta,28,Noite,,,,Sem Promocao,True,5
24297,2025-08-11,14,Milkshake,Menta,-1,-13.58,Duarte Do Sul,AL,App,False,CLI6052,2025-08-11,1900-01-01 14:45:00,14:45,False,False,False,False,True,False,True,False,False,False,False,False,False,quantidade_nao_positiva_ou_nula;valor_total_nao_positivo,False,False,2025,8,Agosto,2025-08,T3,Segunda,11,Tarde,-13.58,13.58,13.58,Sem Promocao,True,4
24306,2025-05-26,18,Milkshake,Nao Informado,5,,Nao Informado,CE,Parceiro,False,CLI9086,2025-05-26,1900-01-01 18:30:00,18:30,True,True,False,False,False,True,True,False,False,False,False,False,False,valor_total_nulo,False,False,2025,5,Maio,2025-05,T2,Segunda,26,Noite,,,,Sem Promocao,True,10
24320,2025-05-29,16,Pote,Nao Informado,5,,Nao Informado,CE,Parceiro,False,CLI1107,2025-05-29,1900-01-01 16:00:00,16:00,True,True,False,False,False,True,True,False,False,False,False,False,False,valor_total_nulo,False,False,2025,5,Maio,2025-05,T2,Quinta,29,Tarde,,,,Sem Promocao,True,6
24347,2025-04-12,15,Pote,Chocolate,-1,-5.6,Sampaio Grande,TO,Parceiro,True,CLI8756,2025-04-12,1900-01-01 15:30:00,15:30,False,False,False,False,True,False,True,False,False,False,False,False,False,quantidade_nao_positiva_ou_nula;valor_total_nao_positivo,False,False,2025,4,Abril,2025-04,T2,Sabado,12,Tarde,-5.6,5.6,5.6,Com Promocao,True,6
24364,2025-06-14,21,Milkshake,Menta,-3,-20.55,Da Mota,GO,Loja Física,False,CLI2646,2025-06-14,1900-01-01 21:15:00,21:15,False,False,False,False,True,False,True,False,False,False,False,False,False,quantidade_nao_positiva_ou_nula;valor_total_nao_positivo,False,False,2025,6,Junho,2025-06,T2,Sabado,14,Noite,-20.55,6.85,6.85,Sem Promocao,True,5
24377,2025-04-29,21,Casquinha,Nao Informado,2,,Nao Informado,MG,App,False,CLI4341,2025-04-29,1900-01-01 21:15:00,21:15,True,True,False,False,False,True,True,False,False,False,False,False,False,valor_total_nulo,False,False,2025,4,Abril,2025-04,T2,Terca,29,Noite,,,,Sem Promocao,True,10
24412,2025-05-23,18,Sundae,Morango,-1,-6.38,Leão De Santos,AM,Loja Física,False,CLI3118,2025-05-23,1900-01-01 18:00:00,18:00,False,False,False,False,True,False,True,False,False,False,False,False,False,quantidade_nao_positiva_ou_nula;valor_total_nao_positivo,False,False,2025,5,Maio,2025-05,T2,Sexta,23,Noite,-6.38,6.38,6.38,Sem Promocao,True,5
24461,2025-03-09,13,Milkshake,Menta,-2,-29.5,Farias,PA,Loja Física,False,CLI8952,2025-03-09,1900-01-01 13:15:00,13:15,False,False,False,False,True,False,True,False,False,False,False,False,False,quantidade_nao_positiva_ou_nula;valor_total_nao_positivo,False,True,2025,3,Marco,2025-03,T1,Domingo,9,Tarde,-29.5,14.75,14.75,Sem Promocao,True,5
24504,2025-04-11,15,Picolé,Morango,-1,-10.65,Monteiro,PR,App,False,CLI2667,2025-04-11,1900-01-01 15:30:00,15:30,False,False,False,False,True,False,True,False,False,False,False,False,False,quantidade_nao_positiva_ou_nula;valor_total_nao_positivo,False,False,2025,4,Abril,2025-04,T2,Sexta,11,Tarde,-10.65,10.65,10.65,Sem Promocao,True,4
24532,2025-05-23,15,Pote,Açaí,-1,-4.3,Pires Do Oeste,RN,Parceiro,True,CLI9918,2025-05-23,1900-01-01 15:45:00,15:45,False,False,False,False,True,False,True,False,False,False,False,False,False,quantidade_nao_positiva_ou_nula;valor_total_nao_positivo,False,False,2025,5,Maio,2025-05,T2,Sexta,23,Tarde,-4.3,4.3,4.3,Com Promocao,True,12
24570,2025-06-17,21,Milkshake,Baunilha,-1,-8.08,Da Mota Das Pedras,SP,Loja Física,True,CLI1065,2025-06-17,1900-01-01 21:00:00,21:00,False,False,False,False,True,False,True,False,False,False,False,False,False,quantidade_nao_positiva_ou_nula;valor_total_nao_positivo,False,False,2025,6,Junho,2025-06,T2,Terca,17,Noite,-8.08,8.08,8.08,Com Promocao,True,8
24591,2025-03-07,21,Picolé,Morango,-1,-11.58,Garcia,TO,Parceiro,False,CLI9055,2025-03-07,1900-01-01 21:30:00,21:30,False,False,False,False,True,False,True,False,False,False,False,False,False,quantidade_nao_positiva_ou_nula;valor_total_nao_positivo,False,False,2025,3,Marco,2025-03,T1,Sexta,7,Noite,-11.58,11.58,11.58,Sem Promocao,True,8
24613,2025-03-04,13,Pote,Menta,-2,-21.09,Souza Da Prata,RN,App,True,CLI5112,2025-03-04,1900-01-01 13:30:00,13:30,False,False,False,False,True,False,True,False,False,False,False,False,False,quantidade_nao_positiva_ou_nula;valor_total_nao_positivo,False,False,2025,3,Marco,2025-03,T1,Terca,4,Tarde,-21.09,10.54,10.54,Com Promocao,True,6
24615,2025-05-18,9,Milkshake,Chocolate,0,0.0,Siqueira De Silveira,MT,Loja Física,False,CLI6610,2025-05-18,1900-01-01 09:45:00,09:45,False,False,False,False,True,False,True,False,False,False,False,False,False,quantidade_nao_positiva_ou_nula;valor_total_nao_positivo,False,False,2025,5,Maio,2025-05,T2,Domingo,18,Manha,0.0,,,Sem Promocao,True,5
24625,2025-04-21,17,Picolé,Chocolate,-3,-14.26,Vargas,MA,Parceiro,True,CLI5882,2025-04-21,1900-01-01 17:15:00,17:15,False,False,False,False,True,False,True,False,False,False,False,False,False,quantidade_nao_positiva_ou_nula;valor_total_nao_positivo,False,False,2025,4,Abril,2025-04,T2,Segunda,21,Tarde,-14.26,4.75,4.75,Com Promocao,True,7
24686,2025-08-13,14,Picolé,Nao Informado,4,,Nao Informado,PI,App,False,CLI8404,2025-08-13,1900-01-01 14:00:00,14:00,True,True,False,False,False,True,True,False,False,False,False,False,False,valor_total_nulo,False,False,2025,8,Agosto,2025-08,T3,Quarta,13,Tarde,,,,Sem Promocao,True,6
24781,2025-03-05,17,Casquinha,Chocolate,0,0.0,Montenegro,PA,Loja Física,False,CLI8308,2025-03-05,1900-01-01 17:30:00,17:30,False,False,False,False,True,False,True,False,False,False,False,False,False,quantidade_nao_positiva_ou_nula;valor_total_nao_positivo,False,False,2025,3,Marco,2025-03,T1,Quarta,5,Tarde,0.0,,,Sem Promocao,True,6
24812,2025-06-16,15,Pote,Morango,-1,-12.52,Monteiro Alegre,CE,Parceiro,False,CLI9604,2025-06-16,1900-01-01 15:45:00,15:45,False,False,False,False,True,False,True,False,False,False,False,False,False,quantidade_nao_positiva_ou_nula;valor_total_nao_positivo,False,False,2025,6,Junho,2025-06,T2,Segunda,16,Tarde,-12.52,12.52,12.52,Sem Promocao,True,6
24843,2025-03-18,8,Sundae,Nao Informado,3,,Nao Informado,PA,Parceiro,False,CLI7924,2025-03-18,1900-01-01 08:00:00,08:00,True,True,False,False,False,True,True,False,False,False,False,False,False,valor_total_nulo,False,False,2025,3,Marco,2025-03,T1,Terca,18,Manha,,,,Sem Promocao,True,12
24858,2025-06-25,15,Casquinha,Chocolate,-1,-6.9,Da Conceição,BA,Parceiro,True,CLI2183,2025-06-25,1900-01-01 15:00:00,15:00,False,False,False,False,True,False,True,False,False,False,False,False,False,quantidade_nao_positiva_ou_nula;valor_total_nao_positivo,False,False,2025,6,Junho,2025-06,T2,Quarta,25,Tarde,-6.9,6.9,6.9,Com Promocao,True,5
24879,2025-06-14,14,Sundae,Nao Informado,5,,Nao Informado,AC,Loja Física,True,CLI2871,2025-06-14,1900-01-01 14:30:00,14:30,True,True,False,False,False,True,True,False,False,False,False,False,False,valor_total_nulo,False,False,2025,6,Junho,2025-06,T2,Sabado,14,Tarde,,,,Com Promocao,True,4
24934,2025-08-13,11,Milkshake,Nao Informado,4,,Nao Informado,RN,Parceiro,True,CLI5749,2025-08-13,1900-01-01 11:30:00,11:30,True,True,False,False,False,True,True,False,False,False,False,False,False,valor_total_nulo,False,False,2025,8,Agosto,2025-08,T3,Quarta,13,Manha,,,,Com Promocao,True,2
24943,2025-05-22,12,Pote,Morango,-4,-30.99,Machado Do Amparo,MG,Parceiro,True,CLI7124,2025-05-22,1900-01-01 12:45:00,12:45,False,False,False,False,True,False,True,False,False,False,False,False,False,quantidade_nao_positiva_ou_nula;valor_total_nao_positivo,False,True,2025,5,Maio,2025-05,T2,Quinta,22,Tarde,-30.99,7.75,7.75,Com Promocao,True,5
24967,2025-07-02,8,Pote,Menta,-1,-12.64,Cunha Do Galho,PE,App,True,CLI4311,2025-07-02,1900-01-01 08:00:00,08:00,False,False,False,False,True,False,True,False,False,False,False,False,False,quantidade_nao_positiva_ou_nula;valor_total_nao_positivo,False,False,2025,7,Julho,2025-07,T3,Quarta,2,Manha,-12.64,12.64,12.64,Com Promocao,True,6
25000,2025-05-21,20,Sundae,Nao Informado,4,,Nao Informado,AP,App,True,CLI9904,2025-05-21,1900-01-01 20:45:00,20:45,True,True,False,False,False,True,True,False,False,False,False,False,False,valor_total_nulo,False,False,2025,5,Maio,2025-05,T2,Quarta,21,Noite,,,,Com Promocao,True,5
25103,2025-08-07,21,Casquinha,Açaí,0,0.0,Lima,RN,App,True,CLI2264,2025-08-07,1900-01-01 21:00:00,21:00,False,False,False,False,True,False,True,False,False,False,False,False,False,quantidade_nao_positiva_ou_nula;valor_total_nao_positivo,False,False,2025,8,Agosto,2025-08,T3,Quinta,7,Noite,0.0,,,Com Promocao,True,4
25132,2025-03-20,8,Pote,Nao Informado,2,,Nao Informado,MS,Loja Física,False,CLI7392,2025-03-20,1900-01-01 08:30:00,08:30,True,True,False,False,False,True,True,False,False,False,False,False,False,valor_total_nulo,False,False,2025,3,Marco,2025-03,T1,Quinta,20,Manha,,,,Sem Promocao,True,7
25165,2025-02-27,17,Picolé,Cookies,-3,-17.93,Borges,DF,Parceiro,True,CLI4231,2025-02-27,1900-01-01 17:00:00,17:00,False,False,False,False,True,False,True,False,False,False,False,False,False,quantidade_nao_positiva_ou_nula;valor_total_nao_positivo,False,False,2025,2,Fevereiro,2025-02,T1,Quinta,27,Tarde,-17.93,5.98,5.98,Com Promocao,True,9
25166,2025-07-03,22,Picolé,Açaí,-3,-21.0,Moreira,PE,Loja Física,False,CLI3313,2025-07-03,1900-01-01 22:45:00,22:45,False,False,False,False,True,False,True,False,False,False,False,False,False,quantidade_nao_positiva_ou_nula;valor_total_nao_positivo,False,False,2025,7,Julho,2025-07,T3,Quinta,3,Noite,-21.0,7.0,7.0,Sem Promocao,True,10
25226,2025-04-16,15,Milkshake,Baunilha,-1,-12.4,Câmara Do Sul,AP,Parceiro,False,CLI4547,2025-04-16,1900-01-01 15:30:00,15:30,False,False,False,False,True,False,True,False,False,False,False,False,False,quantidade_nao_positiva_ou_nula;valor_total_nao_positivo,False,False,2025,4,Abril,2025-04,T2,Quarta,16,Tarde,-12.4,12.4,12.4,Sem Promocao,True,5
25256,2025-03-07,10,Pote,Chocolate,0,0.0,Porto,MT,App,True,CLI9712,2025-03-07,1900-01-01 10:00:00,10:00,False,False,False,False,True,False,True,False,False,False,False,False,False,quantidade_nao_positiva_ou_nula;valor_total_nao_positivo,False,False,2025,3,Marco,2025-03,T1,Sexta,7,Manha,0.0,,,Com Promocao,True,7
25289,2025-08-01,11,Pote,Nao Informado,5,,Nao Informado,RN,Parceiro,False,CLI1134,2025-08-01,1900-01-01 11:45:00,11:45,True,True,False,False,False,True,True,False,False,False,False,False,False,valor_total_nulo,False,False,2025,8,Agosto,2025-08,T3,Sexta,1,Manha,,,,Sem Promocao,True,3
25370,2025-03-08,15,Milkshake,Nao Informado,2,,Nao Informado,GO,Parceiro,False,CLI4451,2025-03-08,1900-01-01 15:30:00,15:30,True,True,False,False,False,True,True,False,False,False,False,False,False,valor_total_nulo,False,False,2025,3,Marco,2025-03,T1,Sabado,8,Tarde,,,,Sem Promocao,True,8
25389,2025-06-25,20,Pote,Morango,-1,-11.74,Lopes Do Norte,RO,Loja Física,True,CLI4253,2025-06-25,1900-01-01 20:45:00,20:45,False,False,False,False,True,False,True,False,False,False,False,False,False,quantidade_nao_positiva_ou_nula;valor_total_nao_positivo,False,False,2025,6,Junho,2025-06,T2,Quarta,25,Noite,-11.74,11.74,11.74,Com Promocao,True,10
25465,2025-03-16,19,Sundae,Menta,-1,-6.9,Melo,PB,App,True,CLI8381,2025-03-16,1900-01-01 19:15:00,19:15,False,False,False,False,True,False,True,False,False,False,False,False,False,quantidade_nao_positiva_ou_nula;valor_total_nao_positivo,False,False,2025,3,Marco,2025-03,T1,Domingo,16,Noite,-6.9,6.9,6.9,Com Promocao,True,5
25484,2025-03-10,10,Pote,Nao Informado,0,,Nao Informado,RS,App,False,CLI5764,2025-03-10,1900-01-01 10:00:00,10:00,True,True,False,False,True,True,True,False,False,False,False,False,False,quantidade_nao_positiva_ou_nula;valor_total_nulo,False,False,2025,3,Marco,2025-03,T1,Segunda,10,Manha,,,,Sem Promocao,True,4
25486,2025-04-27,8,Pote,Baunilha,-1,-7.14,Vasconcelos,PR,Parceiro,True,CLI2707,2025-04-27,1900-01-01 08:30:00,08:30,False,False,False,False,True,False,True,False,False,False,False,False,False,quantidade_nao_positiva_ou_nula;valor_total_nao_positivo,False,False,2025,4,Abril,2025-04,T2,Domingo,27,Manha,-7.14,7.14,7.14,Com Promocao,True,6
25508,2025-04-14,20,Milkshake,Nao Informado,1,,Nao Informado,PR,App,False,CLI6920,2025-04-14,1900-01-01 20:15:00,20:15,True,True,False,False,False,True,True,False,False,False,False,False,False,valor_total_nulo,False,False,2025,4,Abril,2025-04,T2,Segunda,14,Noite,,,,Sem Promocao,True,7
25526,2025-04-11,21,Milkshake,Baunilha,-1,-10.69,Vasconcelos Do Sul,TO,App,True,CLI5972,2025-04-11,1900-01-01 21:30:00,21:30,False,False,False,False,True,False,True,False,False,False,False,False,False,quantidade_nao_positiva_ou_nula;valor_total_nao_positivo,False,False,2025,4,Abril,2025-04,T2,Sexta,11,Noite,-10.69,10.69,10.69,Com Promocao,True,4
25571,2025-04-17,20,Picolé,Nao Informado,4,,Nao Informado,AC,Loja Física,False,CLI8263,2025-04-17,1900-01-01 20:45:00,20:45,True,True,False,False,False,True,True,False,False,False,False,False,False,valor_total_nulo,False,False,2025,4,Abril,2025-04,T2,Quinta,17,Noite,,,,Sem Promocao,True,9
25585,2025-02-25,19,Milkshake,Nao Informado,1,,Nao Informado,RN,Parceiro,True,CLI8485,2025-02-25,1900-01-01 19:15:00,19:15,True,True,False,False,False,True,True,False,False,False,False,False,False,valor_total_nulo,False,False,2025,2,Fevereiro,2025-02,T1,Terca,25,Noite,,,,Com Promocao,True,6
25590,2025-03-17,14,Pote,Nao Informado,3,,Nao Informado,SP,Loja Física,False,CLI1945,2025-03-17,1900-01-01 14:00:00,14:00,True,True,False,False,False,True,True,False,False,False,False,False,False,valor_total_nulo,False,False,2025,3,Marco,2025-03,T1,Segunda,17,Tarde,,,,Sem Promocao,True,6
25609,2025-06-18,9,Milkshake,Açaí,0,0.0,Sales Alegre,SE,App,False,CLI2554,2025-06-18,1900-01-01 09:45:00,09:45,False,False,False,False,True,False,True,False,False,False,False,False,False,quantidade_nao_positiva_ou_nula;valor_total_nao_positivo,False,False,2025,6,Junho,2025-06,T2,Quarta,18,Manha,0.0,,,Sem Promocao,True,11
25610,2025-06-30,22,Pote,Nao Informado,1,,Nao Informado,AL,Loja Física,False,CLI6514,2025-06-30,1900-01-01 22:00:00,22:00,True,True,False,False,False,True,True,False,False,False,False,False,False,valor_total_nulo,False,False,2025,6,Junho,2025-06,T2,Segunda,30,Noite,,,,Sem Promocao,True,7
25621,2025-03-23,18,Picolé,Morango,-3,-16.74,Campos De Gonçalves,CE,Loja Física,False,CLI3114,2025-03-23,1900-01-01 18:45:00,18:45,False,False,False,False,True,False,True,False,False,False,False,False,False,quantidade_nao_positiva_ou_nula;valor_total_nao_positivo,False,False,2025,3,Marco,2025-03,T1,Domingo,23,Noite,-16.74,5.58,5.58,Sem Promocao,True,7
25655,2025-03-01,14,Milkshake,Morango,-6,-26.93,Campinas,AC,Loja Física,True,CLI1420,2025-03-01,1900-01-01 14:30:00,14:30,False,False,False,False,True,False,True,False,False,False,False,False,False,quantidade_nao_positiva_ou_nula;valor_total_nao_positivo,False,True,2025,3,Marco,2025-03,T1,Sabado,1,Tarde,-26.93,4.49,4.49,Com Promocao,True,8
25688,2025-06-03,22,Milkshake,Nao Informado,2,,Nao Informado,DF,Parceiro,True,CLI2252,2025-06-03,1900-01-01 22:00:00,22:00,True,True,False,False,False,True,True,False,False,False,False,False,False,valor_total_nulo,False,False,2025,6,Junho,2025-06,T2,Terca,3,Noite,,,,Com Promocao,True,4
25692,2025-05-04,10,Picolé,Nao Informado,5,,Nao Informado,AC,Loja Física,False,CLI3528,2025-05-04,1900-01-01 10:45:00,10:45,True,True,False,False,False,True,True,False,False,False,False,False,False,valor_total_nulo,False,False,2025,5,Maio,2025-05,T2,Domingo,4,Manha,,,,Sem Promocao,True,6
25752,2025-03-22,8,Milkshake,Chocolate,-1,-5.73,Vieira Alegre,PE,Parceiro,True,CLI5861,2025-03-22,1900-01-01 08:45:00,08:45,False,False,False,False,True,False,True,False,False,False,False,False,False,quantidade_nao_positiva_ou_nula;valor_total_nao_positivo,False,False,2025,3,Marco,2025-03,T1,Sabado,22,Manha,-5.73,5.73,5.73,Com Promocao,True,7
25763,2025-04-08,14,Sundae,Nao Informado,1,,Nao Informado,PE,App,True,CLI9378,2025-04-08,1900-01-01 14:15:00,14:15,True,True,False,False,False,True,True,False,False,False,False,False,False,valor_total_nulo,False,False,2025,4,Abril,2025-04,T2,Terca,8,Tarde,,,,Com Promocao,True,12
25806,2025-06-04,10,Milkshake,Nao Informado,3,,Nao Informado,AM,App,True,CLI8111,2025-06-04,1900-01-01 10:30:00,10:30,True,True,False,False,False,True,True,False,False,False,False,False,False,valor_total_nulo,False,False,2025,6,Junho,2025-06,T2,Quarta,4,Manha,,,,Com Promocao,True,5
25834,2025-08-13,15,Milkshake,Nao Informado,4,,Nao Informado,BA,Loja Física,True,CLI5674,2025-08-13,1900-01-01 15:15:00,15:15,True,True,False,False,False,True,True,False,False,False,False,False,False,valor_total_nulo,False,False,2025,8,Agosto,2025-08,T3,Quarta,13,Tarde,,,,Com Promocao,True,13
25865,2025-05-09,21,Milkshake,Nao Informado,4,,Nao Informado,RN,Parceiro,False,CLI2708,2025-05-09,1900-01-01 21:30:00,21:30,True,True,False,False,False,True,True,False,False,False,False,False,False,valor_total_nulo,False,False,2025,5,Maio,2025-05,T2,Sexta,9,Noite,,,,Sem Promocao,True,6
25871,2025-04-20,11,Pote,Nao Informado,5,,Nao Informado,SC,App,False,CLI9805,2025-04-20,1900-01-01 11:00:00,11:00,True,True,False,False,False,True,True,False,False,False,False,False,False,valor_total_nulo,False,False,2025,4,Abril,2025-04,T2,Domingo,20,Manha,,,,Sem Promocao,True,3
25876,2025-03-21,19,Milkshake,Caramelo,-1,-14.38,Santos,SP,Loja Física,False,CLI4126,2025-03-21,1900-01-01 19:30:00,19:30,False,False,False,False,True,False,True,False,False,False,False,False,False,quantidade_nao_positiva_ou_nula;valor_total_nao_positivo,False,False,2025,3,Marco,2025-03,T1,Sexta,21,Noite,-14.38,14.38,14.38,Sem Promocao,True,6
25948,2025-05-27,11,Casquinha,Açaí,0,0.0,Montenegro,RR,Loja Física,True,CLI8483,2025-05-27,1900-01-01 11:45:00,11:45,False,False,False,False,True,False,True,False,False,False,False,False,False,quantidade_nao_positiva_ou_nula;valor_total_nao_positivo,False,False,2025,5,Maio,2025-05,T2,Terca,27,Manha,0.0,,,Com Promocao,True,4
25951,2025-05-11,21,Casquinha,Baunilha,-1,-4.03,Mendes,CE,Parceiro,True,CLI4109,2025-05-11,1900-01-01 21:15:00,21:15,False,False,False,False,True,False,True,False,False,False,False,False,False,quantidade_nao_positiva_ou_nula;valor_total_nao_positivo,False,False,2025,5,Maio,2025-05,T2,Domingo,11,Noite,-4.03,4.03,4.03,Com Promocao,True,6
25965,2025-04-02,10,Milkshake,Açaí,-4,-27.76,Campinas,PE,Parceiro,False,CLI1185,2025-04-02,1900-01-01 10:15:00,10:15,False,False,False,False,True,False,True,False,False,False,False,False,False,quantidade_nao_positiva_ou_nula;valor_total_nao_positivo,False,True,2025,4,Abril,2025-04,T2,Quarta,2,Manha,-27.76,6.94,6.94,Sem Promocao,True,7
25984,2025-06-06,20,Sundae,Morango,0,0.0,Costa Das Flores,AP,Parceiro,True,CLI9192,2025-06-06,1900-01-01 20:45:00,20:45,False,False,False,False,True,False,True,False,False,False,False,False,False,quantidade_nao_positiva_ou_nula;valor_total_nao_positivo,False,False,2025,6,Junho,2025-06,T2,Sexta,6,Noite,0.0,,,Com Promocao,True,8
26021,2025-07-06,20,Picolé,Baunilha,-1,-11.12,Dias Grande,MA,Loja Física,True,CLI2582,2025-07-06,1900-01-01 20:15:00,20:15,False,False,False,False,True,False,True,False,False,False,False,False,False,quantidade_nao_positiva_ou_nula;valor_total_nao_positivo,False,False,2025,7,Julho,2025-07,T3,Domingo,6,Noite,-11.12,11.12,11.12,Com Promocao,True,10
26101,2025-04-02,17,Picolé,Nao Informado,1,,Nao Informado,PI,Loja Física,True,CLI1058,2025-04-02,1900-01-01 17:45:00,17:45,True,True,False,False,False,True,True,False,False,False,False,False,False,valor_total_nulo,False,False,2025,4,Abril,2025-04,T2,Quarta,2,Tarde,,,,Com Promocao,True,3
26144,2025-06-29,22,Milkshake,Baunilha,-1,-11.88,Novais Do Norte,SE,Parceiro,True,CLI2946,2025-06-29,1900-01-01 22:00:00,22:00,False,False,False,False,True,False,True,False,False,False,False,False,False,quantidade_nao_positiva_ou_nula;valor_total_nao_positivo,False,False,2025,6,Junho,2025-06,T2,Domingo,29,Noite,-11.88,11.88,11.88,Com Promocao,True,5
26147,2025-05-10,9,Picolé,Menta,-2,-11.45,Campos Do Galho,MA,Parceiro,True,CLI9072,2025-05-10,1900-01-01 09:30:00,09:30,False,False,False,False,True,False,True,False,False,False,False,False,False,quantidade_nao_positiva_ou_nula;valor_total_nao_positivo,False,False,2025,5,Maio,2025-05,T2,Sabado,10,Manha,-11.45,5.72,5.72,Com Promocao,True,6
26160,2025-04-10,15,Pote,Caramelo,-4,-26.64,Camargo Paulista,AP,Loja Física,False,CLI6848,2025-04-10,1900-01-01 15:00:00,15:00,False,False,False,False,True,False,True,False,False,False,False,False,False,quantidade_nao_positiva_ou_nula;valor_total_nao_positivo,False,True,2025,4,Abril,2025-04,T2,Quinta,10,Tarde,-26.64,6.66,6.66,Sem Promocao,True,11
26201,2025-03-25,22,Sundae,Morango,-4,-54.4,Marques Do Galho,AP,App,False,CLI4864,2025-03-25,1900-01-01 22:15:00,22:15,False,False,False,False,True,False,True,False,False,False,False,False,False,quantidade_nao_positiva_ou_nula;valor_total_nao_positivo,False,True,2025,3,Marco,2025-03,T1,Terca,25,Noite,-54.4,13.6,13.6,Sem Promocao,True,8
26228,2025-07-28,12,Milkshake,Cookies,0,0.0,Nunes Da Mata,RS,App,False,CLI2165,2025-07-28,1900-01-01 12:15:00,12:15,False,False,False,False,True,False,True,False,False,False,False,False,False,quantidade_nao_positiva_ou_nula;valor_total_nao_positivo,False,False,2025,7,Julho,2025-07,T3,Segunda,28,Tarde,0.0,,,Sem Promocao,True,9
26302,2025-07-26,22,Sundae,Morango,0,0.0,Da Mota,AM,App,False,CLI1944,2025-07-26,1900-01-01 22:15:00,22:15,False,False,False,False,True,False,True,False,False,False,False,False,False,quantidade_nao_positiva_ou_nula;valor_total_nao_positivo,False,False,2025,7,Julho,2025-07,T3,Sabado,26,Noite,0.0,,,Sem Promocao,True,7
26310,2025-05-26,22,Pote,Menta,-1,-6.67,Silveira Do Amparo,PA,Loja Física,False,CLI8590,2025-05-26,1900-01-01 22:15:00,22:15,False,False,False,False,True,False,True,False,False,False,False,False,False,quantidade_nao_positiva_ou_nula;valor_total_nao_positivo,False,False,2025,5,Maio,2025-05,T2,Segunda,26,Noite,-6.67,6.67,6.67,Sem Promocao,True,13
26334,2025-03-17,19,Pote,Caramelo,-1,-9.49,Machado,TO,Loja Física,False,CLI6660,2025-03-17,1900-01-01 19:45:00,19:45,False,False,False,False,True,False,True,False,False,False,False,False,False,quantidade_nao_positiva_ou_nula;valor_total_nao_positivo,False,False,2025,3,Marco,2025-03,T1,Segunda,17,Noite,-9.49,9.49,9.49,Sem Promocao,True,6
26363,2025-02-27,15,Picolé,Baunilha,-2,-13.71,Fonseca,RR,App,True,CLI4557,2025-02-27,1900-01-01 15:45:00,15:45,False,False,False,False,True,False,True,False,False,False,False,False,False,quantidade_nao_positiva_ou_nula;valor_total_nao_positivo,False,False,2025,2,Fevereiro,2025-02,T1,Quinta,27,Tarde,-13.71,6.86,6.86,Com Promocao,True,7
26385,2025-08-17,8,Sundae,Caramelo,-2,-18.9,Lopes,MG,App,False,CLI5535,2025-08-17,1900-01-01 08:00:00,08:00,False,False,False,False,True,False,True,False,False,False,False,False,False,quantidade_nao_positiva_ou_nula;valor_total_nao_positivo,False,False,2025,8,Agosto,2025-08,T3,Domingo,17,Manha,-18.9,9.45,9.45,Sem Promocao,True,6
26391,2025-07-28,9,Sundae,Açaí,-1,-13.07,Silveira,RJ,Loja Física,False,CLI1046,2025-07-28,1900-01-01 09:15:00,09:15,False,False,False,False,True,False,True,False,False,False,False,False,False,quantidade_nao_positiva_ou_nula;valor_total_nao_positivo,False,False,2025,7,Julho,2025-07,T3,Segunda,28,Manha,-13.07,13.07,13.07,Sem Promocao,True,6
26423,2025-08-07,12,Pote,Nao Informado,5,,Nao Informado,RS,Loja Física,True,CLI6216,2025-08-07,1900-01-01 12:00:00,12:00,True,True,False,False,False,True,True,False,False,False,False,False,False,valor_total_nulo,False,False,2025,8,Agosto,2025-08,T3,Quinta,7,Tarde,,,,Com Promocao,True,9
26505,2025-08-21,20,Picolé,Nao Informado,1,,Nao Informado,MT,Parceiro,False,CLI1250,2025-08-21,1900-01-01 20:45:00,20:45,True,True,False,False,False,True,True,False,False,False,False,False,False,valor_total_nulo,False,False,2025,8,Agosto,2025-08,T3,Quinta,21,Noite,,,,Sem Promocao,True,4
26536,2025-06-26,15,Milkshake,Caramelo,-1,-8.79,Brito,RS,Parceiro,False,CLI3665,2025-06-26,1900-01-01 15:15:00,15:15,False,False,False,False,True,False,True,False,False,False,False,False,False,quantidade_nao_positiva_ou_nula;valor_total_nao_positivo,False,False,2025,6,Junho,2025-06,T2,Quinta,26,Tarde,-8.79,8.79,8.79,Sem Promocao,True,5
26634,2025-07-06,16,Pote,Cookies,-4,-52.52,Siqueira,TO,App,False,CLI6054,2025-07-06,1900-01-01 16:15:00,16:15,False,False,False,False,True,False,True,False,False,False,False,False,False,quantidade_nao_positiva_ou_nula;valor_total_nao_positivo,False,True,2025,7,Julho,2025-07,T3,Domingo,6,Tarde,-52.52,13.13,13.13,Sem Promocao,True,7
26762,2025-04-29,20,Casquinha,Cookies,-1,-7.7,Lopes,AC,Loja Física,True,CLI6396,2025-04-29,1900-01-01 20:15:00,20:15,False,False,False,False,True,False,True,False,False,False,False,False,False,quantidade_nao_positiva_ou_nula;valor_total_nao_positivo,False,False,2025,4,Abril,2025-04,T2,Terca,29,Noite,-7.7,7.7,7.7,Com Promocao,True,7
26764,2025-06-10,21,Milkshake,Chocolate,-6,-61.38,Campinas,MG,Loja Física,False,CLI2588,2025-06-10,1900-01-01 21:45:00,21:45,False,False,False,False,True,False,True,False,False,False,False,False,False,quantidade_nao_positiva_ou_nula;valor_total_nao_positivo,False,True,2025,6,Junho,2025-06,T2,Terca,10,Noite,-61.38,10.23,10.23,Sem Promocao,True,10
26883,2025-08-15,9,Casquinha,Açaí,-1,-10.95,Barros,SE,App,False,CLI5674,2025-08-15,1900-01-01 09:45:00,09:45,False,False,False,False,True,False,True,False,False,False,False,False,False,quantidade_nao_positiva_ou_nula;valor_total_nao_positivo,False,False,2025,8,Agosto,2025-08,T3,Sexta,15,Manha,-10.95,10.95,10.95,Sem Promocao,True,13
26885,2025-05-29,19,Pote,Menta,-1,-7.21,Lima De Moura,PA,Parceiro,True,CLI4358,2025-05-29,1900-01-01 19:45:00,19:45,False,False,False,False,True,False,True,False,False,False,False,False,False,quantidade_nao_positiva_ou_nula;valor_total_nao_positivo,False,False,2025,5,Maio,2025-05,T2,Quinta,29,Noite,-7.21,7.21,7.21,Com Promocao,True,9
26898,2025-08-10,15,Pote,Cookies,-1,-9.08,Souza Das Flores,RR,Parceiro,False,CLI6129,2025-08-10,1900-01-01 15:45:00,15:45,False,False,False,False,True,False,True,False,False,False,False,False,False,quantidade_nao_positiva_ou_nula;valor_total_nao_positivo,False,False,2025,8,Agosto,2025-08,T3,Domingo,10,Tarde,-9.08,9.08,9.08,Sem Promocao,True,11
26905,2025-03-26,11,Pote,Nao Informado,5,,Nao Informado,BA,App,True,CLI3568,2025-03-26,1900-01-01 11:00:00,11:00,True,True,False,False,False,True,True,False,False,False,False,False,False,valor_total_nulo,False,False,2025,3,Marco,2025-03,T1,Quarta,26,Manha,,,,Com Promocao,True,6
26917,2025-07-02,18,Casquinha,Nao Informado,4,,Nao Informado,RS,App,True,CLI4057,2025-07-02,1900-01-01 18:45:00,18:45,True,True,False,False,False,True,True,False,False,False,False,False,False,valor_total_nulo,False,False,2025,7,Julho,2025-07,T3,Quarta,2,Noite,,,,Com Promocao,True,7
26980,2025-05-05,17,Casquinha,Caramelo,-3,-21.84,Barros Do Campo,CE,Parceiro,False,CLI8585,2025-05-05,1900-01-01 17:00:00,17:00,False,False,False,False,True,False,True,False,False,False,False,False,False,quantidade_nao_positiva_ou_nula;valor_total_nao_positivo,False,False,2025,5,Maio,2025-05,T2,Segunda,5,Tarde,-21.84,7.28,7.28,Sem Promocao,True,5
26993,2025-03-02,19,Milkshake,Baunilha,-2,-18.16,Brito,MG,App,True,CLI8912,2025-03-02,1900-01-01 19:45:00,19:45,False,False,False,False,True,False,True,False,False,False,False,False,False,quantidade_nao_positiva_ou_nula;valor_total_nao_positivo,False,False,2025,3,Marco,2025-03,T1,Domingo,2,Noite,-18.16,9.08,9.08,Com Promocao,True,4
26999,2025-07-19,22,Casquinha,Chocolate,-1,-5.09,Machado Alegre,MT,App,True,CLI7271,2025-07-19,1900-01-01 22:30:00,22:30,False,False,False,False,True,False,True,False,False,False,False,False,False,quantidade_nao_positiva_ou_nula;valor_total_nao_positivo,False,False,2025,7,Julho,2025-07,T3,Sabado,19,Noite,-5.09,5.09,5.09,Com Promocao,True,6
27021,2025-03-04,18,Sundae,Limão,-3,-33.58,Alves Grande,RN,Parceiro,True,CLI5812,2025-03-04,1900-01-01 18:45:00,18:45,False,False,False,False,True,False,True,False,False,False,False,False,False,quantidade_nao_positiva_ou_nula;valor_total_nao_positivo,False,True,2025,3,Marco,2025-03,T1,Terca,4,Noite,-33.58,11.19,11.19,Com Promocao,True,8
27035,2025-05-10,14,Sundae,Nao Informado,2,,Nao Informado,RR,Parceiro,True,CLI5059,2025-05-10,1900-01-01 14:00:00,14:00,True,True,False,False,False,True,True,False,False,False,False,False,False,valor_total_nulo,False,False,2025,5,Maio,2025-05,T2,Sabado,10,Tarde,,,,Com Promocao,True,3
27040,2025-05-28,16,Picolé,Nao Informado,2,,Nao Informado,PE,Loja Física,True,CLI6309,2025-05-28,1900-01-01 16:00:00,16:00,True,True,False,False,False,True,True,False,False,False,False,False,False,valor_total_nulo,False,False,2025,5,Maio,2025-05,T2,Quarta,28,Tarde,,,,Com Promocao,True,5
27049,2025-08-09,19,Milkshake,Nao Informado,4,,Nao Informado,BA,Parceiro,False,CLI9653,2025-08-09,1900-01-01 19:30:00,19:30,True,True,False,False,False,True,True,False,False,False,False,False,False,valor_total_nulo,False,False,2025,8,Agosto,2025-08,T3,Sabado,9,Noite,,,,Sem Promocao,True,6
27073,2025-05-06,10,Pote,Chocolate,-1,-6.72,Mendes,SC,Loja Física,True,CLI8890,2025-05-06,1900-01-01 10:15:00,10:15,False,False,False,False,True,False,True,False,False,False,False,False,False,quantidade_nao_positiva_ou_nula;valor_total_nao_positivo,False,False,2025,5,Maio,2025-05,T2,Terca,6,Manha,-6.72,6.72,6.72,Com Promocao,True,6
27087,2025-03-15,9,Sundae,Nao Informado,2,,Nao Informado,PE,App,True,CLI4562,2025-03-15,1900-01-01 09:45:00,09:45,True,True,False,False,False,True,True,False,False,False,False,False,False,valor_total_nulo,False,False,2025,3,Marco,2025-03,T1,Sabado,15,Manha,,,,Com Promocao,True,13
27133,2025-06-14,10,Sundae,Nao Informado,4,,Nao Informado,ES,App,False,CLI7775,2025-06-14,1900-01-01 10:00:00,10:00,True,True,False,False,False,True,True,False,False,False,False,False,False,valor_total_nulo,False,False,2025,6,Junho,2025-06,T2,Sabado,14,Manha,,,,Sem Promocao,True,5
27139,2025-05-22,20,Pote,Cookies,-3,-41.16,Sales,PB,App,False,CLI7476,2025-05-22,1900-01-01 20:45:00,20:45,False,False,False,False,True,False,True,False,False,False,False,False,False,quantidade_nao_positiva_ou_nula;valor_total_nao_positivo,False,True,2025,5,Maio,2025-05,T2,Quinta,22,Noite,-41.16,13.72,13.72,Sem Promocao,True,4
27219,2025-07-27,8,Milkshake,Baunilha,-1,-8.92,Albuquerque Da Mata,RR,Loja Física,False,CLI4384,2025-07-27,1900-01-01 08:30:00,08:30,False,False,False,False,True,False,True,False,False,False,False,False,False,quantidade_nao_positiva_ou_nula;valor_total_nao_positivo,False,False,2025,7,Julho,2025-07,T3,Domingo,27,Manha,-8.92,8.92,8.92,Sem Promocao,True,6
27270,2025-08-16,9,Milkshake,Morango,-1,-4.57,Da Paz Da Prata,MS,Loja Física,True,CLI3617,2025-08-16,1900-01-01 09:30:00,09:30,False,False,False,False,True,False,True,False,False,False,False,False,False,quantidade_nao_positiva_ou_nula;valor_total_nao_positivo,False,False,2025,8,Agosto,2025-08,T3,Sabado,16,Manha,-4.57,4.57,4.57,Com Promocao,True,6
27329,2025-04-10,20,Sundae,Nao Informado,4,,Nao Informado,TO,Parceiro,False,CLI9451,2025-04-10,1900-01-01 20:00:00,20:00,True,True,False,False,False,True,True,False,False,False,False,False,False,valor_total_nulo,False,False,2025,4,Abril,2025-04,T2,Quinta,10,Noite,,,,Sem Promocao,True,2
27382,2025-07-09,16,Milkshake,Nao Informado,6,,Nao Informado,AM,App,False,CLI7878,2025-07-09,1900-01-01 16:45:00,16:45,True,True,False,False,False,True,True,False,False,False,False,False,False,valor_total_nulo,False,False,2025,7,Julho,2025-07,T3,Quarta,9,Tarde,,,,Sem Promocao,True,11
27410,2025-07-11,11,Pote,Cookies,-1,-8.47,Sousa Das Flores,AC,Parceiro,True,CLI5201,2025-07-11,1900-01-01 11:00:00,11:00,False,False,False,False,True,False,True,False,False,False,False,False,False,quantidade_nao_positiva_ou_nula;valor_total_nao_positivo,False,False,2025,7,Julho,2025-07,T3,Sexta,11,Manha,-8.47,8.47,8.47,Com Promocao,True,4
27411,2025-07-14,21,Sundae,Nao Informado,5,,Nao Informado,MS,App,False,CLI1565,2025-07-14,1900-01-01 21:45:00,21:45,True,True,False,False,False,True,True,False,False,False,False,False,False,valor_total_nulo,False,False,2025,7,Julho,2025-07,T3,Segunda,14,Noite,,,,Sem Promocao,True,8
27443,2025-07-31,8,Casquinha,Nao Informado,5,,Nao Informado,SC,App,True,CLI5238,2025-07-31,1900-01-01 08:30:00,08:30,True,True,False,False,False,True,True,False,False,False,False,False,False,valor_total_nulo,False,False,2025,7,Julho,2025-07,T3,Quinta,31,Manha,,,,Com Promocao,True,8
27456,2025-06-28,18,Pote,Nao Informado,1,,Nao Informado,MT,Loja Física,False,CLI2941,2025-06-28,1900-01-01 18:45:00,18:45,True,True,False,False,False,True,True,False,False,False,False,False,False,valor_total_nulo,False,False,2025,6,Junho,2025-06,T2,Sabado,28,Noite,,,,Sem Promocao,True,9
27516,2025-07-11,9,Casquinha,Nao Informado,4,,Nao Informado,PR,App,False,CLI4206,2025-07-11,1900-01-01 09:00:00,09:00,True,True,False,False,False,True,True,False,False,False,False,False,False,valor_total_nulo,False,False,2025,7,Julho,2025-07,T3,Sexta,11,Manha,,,,Sem Promocao,True,8
27565,2025-05-29,10,Milkshake,Chocolate,-1,-14.13,Monteiro,MG,App,False,CLI6649,2025-05-29,1900-01-01 10:45:00,10:45,False,False,False,False,True,False,True,False,False,False,False,False,False,quantidade_nao_positiva_ou_nula;valor_total_nao_positivo,False,False,2025,5,Maio,2025-05,T2,Quinta,29,Manha,-14.13,14.13,14.13,Sem Promocao,True,11
27576,2025-05-20,17,Casquinha,Açaí,-2,-22.96,Martins,RN,App,False,CLI1784,2025-05-20,1900-01-01 17:30:00,17:30,False,False,False,False,True,False,True,False,False,False,False,False,False,quantidade_nao_positiva_ou_nula;valor_total_nao_positivo,False,True,2025,5,Maio,2025-05,T2,Terca,20,Tarde,-22.96,11.48,11.48,Sem Promocao,True,4
27627,2025-07-13,12,Picolé,Nao Informado,4,,Nao Informado,PB,Parceiro,False,CLI4121,2025-07-13,1900-01-01 12:30:00,12:30,True,True,False,False,False,True,True,False,False,False,False,False,False,valor_total_nulo,False,False,2025,7,Julho,2025-07,T3,Domingo,13,Tarde,,,,Sem Promocao,True,3
27631,2025-07-07,19,Sundae,Nao Informado,4,,Nao Informado,PR,App,False,CLI3890,2025-07-07,1900-01-01 19:15:00,19:15,True,True,False,False,False,True,True,False,False,False,False,False,False,valor_total_nulo,False,False,2025,7,Julho,2025-07,T3,Segunda,7,Noite,,,,Sem Promocao,True,6
27699,2025-06-10,21,Sundae,Nao Informado,4,,Nao Informado,SP,Parceiro,False,CLI9547,2025-06-10,1900-01-01 21:15:00,21:15,True,True,False,False,False,True,True,False,False,False,False,False,False,valor_total_nulo,False,False,2025,6,Junho,2025-06,T2,Terca,10,Noite,,,,Sem Promocao,True,4
27722,2025-05-24,11,Milkshake,Baunilha,0,0.0,Sousa,MT,Loja Física,True,CLI7397,2025-05-24,1900-01-01 11:00:00,11:00,False,False,False,False,True,False,True,False,False,False,False,False,False,quantidade_nao_positiva_ou_nula;valor_total_nao_positivo,False,False,2025,5,Maio,2025-05,T2,Sabado,24,Manha,0.0,,,Com Promocao,True,8
27789,2025-07-21,17,Sundae,Nao Informado,5,,Nao Informado,BA,App,True,CLI7337,2025-07-21,1900-01-01 17:30:00,17:30,True,True,False,False,False,True,True,False,False,False,False,False,False,valor_total_nulo,False,False,2025,7,Julho,2025-07,T3,Segunda,21,Tarde,,,,Com Promocao,True,5
27806,2025-05-22,22,Milkshake,Açaí,0,0.0,Rezende,MA,App,False,CLI1541,2025-05-22,1900-01-01 22:30:00,22:30,False,False,False,False,True,False,True,False,False,False,False,False,False,quantidade_nao_positiva_ou_nula;valor_total_nao_positivo,False,False,2025,5,Maio,2025-05,T2,Quinta,22,Noite,0.0,,,Sem Promocao,True,3
27817,2025-05-09,20,Picolé,Morango,-3,-17.13,Da Rocha,AP,Parceiro,False,CLI2271,2025-05-09,1900-01-01 20:15:00,20:15,False,False,False,False,True,False,True,False,False,False,False,False,False,quantidade_nao_positiva_ou_nula;valor_total_nao_positivo,False,False,2025,5,Maio,2025-05,T2,Sexta,9,Noite,-17.13,5.71,5.71,Sem Promocao,True,7
27911,2025-04-23,22,Picolé,Chocolate,-1,-14.97,Pires De Cavalcante,RJ,Loja Física,False,CLI4986,2025-04-23,1900-01-01 22:45:00,22:45,False,False,False,False,True,False,True,False,False,False,False,False,False,quantidade_nao_positiva_ou_nula;valor_total_nao_positivo,False,False,2025,4,Abril,2025-04,T2,Quarta,23,Noite,-14.97,14.97,14.97,Sem Promocao,True,5
27924,2025-03-18,15,Picolé,Limão,-1,-9.94,Freitas,RO,Parceiro,True,CLI7166,2025-03-18,1900-01-01 15:15:00,15:15,False,False,False,False,True,False,True,False,False,False,False,False,False,quantidade_nao_positiva_ou_nula;valor_total_nao_positivo,False,False,2025,3,Marco,2025-03,T1,Terca,18,Tarde,-9.94,9.94,9.94,Com Promocao,True,9
27932,2025-07-05,12,Sundae,Nao Informado,1,,Nao Informado,MA,Parceiro,True,CLI8508,2025-07-05,1900-01-01 12:00:00,12:00,True,True,False,False,False,True,True,False,False,False,False,False,False,valor_total_nulo,False,False,2025,7,Julho,2025-07,T3,Sabado,5,Tarde,,,,Com Promocao,True,8
27981,2025-05-07,16,Casquinha,Chocolate,-1,-11.83,Fogaça Da Prata,MS,Loja Física,False,CLI5757,2025-05-07,1900-01-01 16:00:00,16:00,False,False,False,False,True,False,True,False,False,False,False,False,False,quantidade_nao_positiva_ou_nula;valor_total_nao_positivo,False,False,2025,5,Maio,2025-05,T2,Quarta,7,Tarde,-11.83,11.83,11.83,Sem Promocao,True,8
27993,2025-06-20,11,Sundae,Nao Informado,1,,Nao Informado,AC,Parceiro,True,CLI3833,2025-06-20,1900-01-01 11:45:00,11:45,True,True,False,False,False,True,True,False,False,False,False,False,False,valor_total_nulo,False,False,2025,6,Junho,2025-06,T2,Sexta,20,Manha,,,,Com Promocao,True,5
28023,2025-08-15,15,Picolé,Nao Informado,2,,Nao Informado,AM,Parceiro,False,CLI2080,2025-08-15,1900-01-01 15:45:00,15:45,True,True,False,False,False,True,True,False,False,False,False,False,False,valor_total_nulo,False,False,2025,8,Agosto,2025-08,T3,Sexta,15,Tarde,,,,Sem Promocao,True,8
28045,2025-06-28,15,Picolé,Nao Informado,5,,Nao Informado,RJ,Parceiro,False,CLI5211,2025-06-28,1900-01-01 15:15:00,15:15,True,True,False,False,False,True,True,False,False,False,False,False,False,valor_total_nulo,False,False,2025,6,Junho,2025-06,T2,Sabado,28,Tarde,,,,Sem Promocao,True,4
28050,2025-04-16,17,Picolé,Menta,0,0.0,Pacheco,RR,Loja Física,True,CLI9694,2025-04-16,1900-01-01 17:00:00,17:00,False,False,False,False,True,False,True,False,False,False,False,False,False,quantidade_nao_positiva_ou_nula;valor_total_nao_positivo,False,False,2025,4,Abril,2025-04,T2,Quarta,16,Tarde,0.0,,,Com Promocao,True,5
28183,2025-05-07,8,Picolé,Chocolate,0,0.0,Das Neves,AL,Loja Física,True,CLI9638,2025-05-07,1900-01-01 08:15:00,08:15,False,False,False,False,True,False,True,False,False,False,False,False,False,quantidade_nao_positiva_ou_nula;valor_total_nao_positivo,False,False,2025,5,Maio,2025-05,T2,Quarta,7,Manha,0.0,,,Com Promocao,True,5
28189,2025-03-01,14,Casquinha,Nao Informado,3,,Nao Informado,AL,App,True,CLI4360,2025-03-01,1900-01-01 14:45:00,14:45,True,True,False,False,False,True,True,False,False,False,False,False,False,valor_total_nulo,False,False,2025,3,Marco,2025-03,T1,Sabado,1,Tarde,,,,Com Promocao,True,5
28233,2025-06-05,9,Casquinha,Limão,0,0.0,Sales,PB,Loja Física,False,CLI3705,2025-06-05,1900-01-01 09:15:00,09:15,False,False,False,False,True,False,True,False,False,False,False,False,False,quantidade_nao_positiva_ou_nula;valor_total_nao_positivo,False,False,2025,6,Junho,2025-06,T2,Quinta,5,Manha,0.0,,,Sem Promocao,True,10
28291,2025-04-09,14,Sundae,Cookies,-3,-14.19,Monteiro,TO,Parceiro,True,CLI4575,2025-04-09,1900-01-01 14:00:00,14:00,False,False,False,False,True,False,True,False,False,False,False,False,False,quantidade_nao_positiva_ou_nula;valor_total_nao_positivo,False,False,2025,4,Abril,2025-04,T2,Quarta,9,Tarde,-14.19,4.73,4.73,Com Promocao,True,7
28294,2025-08-17,22,Picolé,Cookies,-2,-14.97,Da Luz,SE,App,True,CLI1619,2025-08-17,1900-01-01 22:00:00,22:00,False,False,False,False,True,False,True,False,False,False,False,False,False,quantidade_nao_positiva_ou_nula;valor_total_nao_positivo,False,False,2025,8,Agosto,2025-08,T3,Domingo,17,Noite,-14.97,7.48,7.48,Com Promocao,True,7
28296,2025-05-11,15,Pote,Nao Informado,3,,Nao Informado,PB,Loja Física,True,CLI7626,2025-05-11,1900-01-01 15:00:00,15:00,True,True,False,False,False,True,True,False,False,False,False,False,False,valor_total_nulo,False,False,2025,5,Maio,2025-05,T2,Domingo,11,Tarde,,,,Com Promocao,True,11
28389,2025-08-08,14,Casquinha,Nao Informado,2,,Nao Informado,GO,Parceiro,True,CLI7945,2025-08-08,1900-01-01 14:30:00,14:30,True,True,False,False,False,True,True,False,False,False,False,False,False,valor_total_nulo,False,False,2025,8,Agosto,2025-08,T3,Sexta,8,Tarde,,,,Com Promocao,True,8
28412,2025-05-02,16,Casquinha,Menta,-1,-12.45,Cavalcanti Dos Dourados,AM,App,False,CLI5576,2025-05-02,1900-01-01 16:30:00,16:30,False,False,False,False,True,False,True,False,False,False,False,False,False,quantidade_nao_positiva_ou_nula;valor_total_nao_positivo,False,False,2025,5,Maio,2025-05,T2,Sexta,2,Tarde,-12.45,12.45,12.45,Sem Promocao,True,4
28474,2025-05-23,8,Pote,Menta,0,0.0,Machado Da Praia,TO,Loja Física,True,CLI8843,2025-05-23,1900-01-01 08:15:00,08:15,False,False,False,False,True,False,True,False,False,False,False,False,False,quantidade_nao_positiva_ou_nula;valor_total_nao_positivo,False,False,2025,5,Maio,2025-05,T2,Sexta,23,Manha,0.0,,,Com Promocao,True,7
28500,2025-06-20,18,Milkshake,Limão,0,0.0,Cassiano,MG,Parceiro,True,CLI6029,2025-06-20,1900-01-01 18:00:00,18:00,False,False,False,False,True,False,True,False,False,False,False,False,False,quantidade_nao_positiva_ou_nula;valor_total_nao_positivo,False,False,2025,6,Junho,2025-06,T2,Sexta,20,Noite,0.0,,,Com Promocao,True,8
28571,2025-04-15,21,Picolé,Açaí,0,0.0,Souza,DF,Loja Física,True,CLI6722,2025-04-15,1900-01-01 21:30:00,21:30,False,False,False,False,True,False,True,False,False,False,False,False,False,quantidade_nao_positiva_ou_nula;valor_total_nao_positivo,False,False,2025,4,Abril,2025-04,T2,Terca,15,Noite,0.0,,,Com Promocao,True,4
28610,2025-08-11,21,Picolé,Caramelo,-1,-6.62,Montenegro,AC,App,True,CLI8981,2025-08-11,1900-01-01 21:45:00,21:45,False,False,False,False,True,False,True,False,False,False,False,False,False,quantidade_nao_positiva_ou_nula;valor_total_nao_positivo,False,False,2025,8,Agosto,2025-08,T3,Segunda,11,Noite,-6.62,6.62,6.62,Com Promocao,True,7
28618,2025-03-12,13,Pote,Morango,-3,-42.33,Cardoso Das Flores,PA,Parceiro,False,CLI5627,2025-03-12,1900-01-01 13:30:00,13:30,False,False,False,False,True,False,True,False,False,False,False,False,False,quantidade_nao_positiva_ou_nula;valor_total_nao_positivo,False,True,2025,3,Marco,2025-03,T1,Quarta,12,Tarde,-42.33,14.11,14.11,Sem Promocao,True,5
28638,2025-05-14,9,Casquinha,Limão,0,0.0,Ferreira,AM,Parceiro,True,CLI7178,2025-05-14,1900-01-01 09:00:00,09:00,False,False,False,False,True,False,True,False,False,False,False,False,False,quantidade_nao_positiva_ou_nula;valor_total_nao_positivo,False,False,2025,5,Maio,2025-05,T2,Quarta,14,Manha,0.0,,,Com Promocao,True,6
28675,2025-06-02,13,Milkshake,Caramelo,-1,-14.96,Garcia,RJ,App,False,CLI7587,2025-06-02,1900-01-01 13:30:00,13:30,False,False,False,False,True,False,True,False,False,False,False,False,False,quantidade_nao_positiva_ou_nula;valor_total_nao_positivo,False,False,2025,6,Junho,2025-06,T2,Segunda,2,Tarde,-14.96,14.96,14.96,Sem Promocao,True,9
28682,2025-07-20,21,Sundae,Menta,-3,-27.95,Vieira,MS,Loja Física,True,CLI8257,2025-07-20,1900-01-01 21:30:00,21:30,False,False,False,False,True,False,True,False,False,False,False,False,False,quantidade_nao_positiva_ou_nula;valor_total_nao_positivo,False,True,2025,7,Julho,2025-07,T3,Domingo,20,Noite,-27.95,9.32,9.32,Com Promocao,True,6
28708,2025-04-20,14,Casquinha,Menta,0,0.0,Da Paz,GO,App,True,CLI4880,2025-04-20,1900-01-01 14:30:00,14:30,False,False,False,False,True,False,True,False,False,False,False,False,False,quantidade_nao_positiva_ou_nula;valor_total_nao_positivo,False,False,2025,4,Abril,2025-04,T2,Domingo,20,Tarde,0.0,,,Com Promocao,True,6
28710,2025-06-21,22,Casquinha,Caramelo,-1,-12.45,Garcia,SE,Loja Física,False,CLI5243,2025-06-21,1900-01-01 22:15:00,22:15,False,False,False,False,True,False,True,False,False,False,False,False,False,quantidade_nao_positiva_ou_nula;valor_total_nao_positivo,False,False,2025,6,Junho,2025-06,T2,Sabado,21,Noite,-12.45,12.45,12.45,Sem Promocao,True,9
28717,2025-05-16,15,Milkshake,Limão,-5,-49.17,Dias De Lima,RO,App,True,CLI1629,2025-05-16,1900-01-01 15:45:00,15:45,False,False,False,False,True,False,True,False,False,False,False,False,False,quantidade_nao_positiva_ou_nula;valor_total_nao_positivo,False,True,2025,5,Maio,2025-05,T2,Sexta,16,Tarde,-49.17,9.83,9.83,Com Promocao,True,8
28740,2025-04-25,16,Sundae,Nao Informado,1,,Nao Informado,RO,App,True,CLI4756,2025-04-25,1900-01-01 16:30:00,16:30,True,True,False,False,False,True,True,False,False,False,False,False,False,valor_total_nulo,False,False,2025,4,Abril,2025-04,T2,Sexta,25,Tarde,,,,Com Promocao,True,7
28766,2025-07-25,12,Milkshake,Nao Informado,2,,Nao Informado,SC,App,True,CLI4346,2025-07-25,1900-01-01 12:00:00,12:00,True,True,False,False,False,True,True,False,False,False,False,False,False,valor_total_nulo,False,False,2025,7,Julho,2025-07,T3,Sexta,25,Tarde,,,,Com Promocao,True,7
28767,2025-03-10,22,Picolé,Açaí,-4,-29.32,Aparecida Grande,AM,Parceiro,False,CLI4626,2025-03-10,1900-01-01 22:45:00,22:45,False,False,False,False,True,False,True,False,False,False,False,False,False,quantidade_nao_positiva_ou_nula;valor_total_nao_positivo,False,True,2025,3,Marco,2025-03,T1,Segunda,10,Noite,-29.32,7.33,7.33,Sem Promocao,True,8
28799,2025-03-17,17,Pote,Limão,-1,-8.98,Pastor Da Praia,SE,App,False,CLI5634,2025-03-17,1900-01-01 17:30:00,17:30,False,False,False,False,True,False,True,False,False,False,False,False,False,quantidade_nao_positiva_ou_nula;valor_total_nao_positivo,False,False,2025,3,Marco,2025-03,T1,Segunda,17,Tarde,-8.98,8.98,8.98,Sem Promocao,True,11
28840,2025-06-09,8,Picolé,Chocolate,0,0.0,Machado,SC,Parceiro,False,CLI3011,2025-06-09,1900-01-01 08:00:00,08:00,False,False,False,False,True,False,True,False,False,False,False,False,False,quantidade_nao_positiva_ou_nula;valor_total_nao_positivo,False,False,2025,6,Junho,2025-06,T2,Segunda,9,Manha,0.0,,,Sem Promocao,True,6
28916,2025-07-03,17,Sundae,Cookies,0,0.0,Cavalcanti,DF,Loja Física,False,CLI9740,2025-07-03,1900-01-01 17:45:00,17:45,False,False,False,False,True,False,True,False,False,False,False,False,False,quantidade_nao_positiva_ou_nula;valor_total_nao_positivo,False,False,2025,7,Julho,2025-07,T3,Quinta,3,Tarde,0.0,,,Sem Promocao,True,6
28938,2025-08-06,16,Pote,Morango,-1,-6.24,Moreira Verde,MA,Loja Física,True,CLI9304,2025-08-06,1900-01-01 16:30:00,16:30,False,False,False,False,True,False,True,False,False,False,False,False,False,quantidade_nao_positiva_ou_nula;valor_total_nao_positivo,False,False,2025,8,Agosto,2025-08,T3,Quarta,6,Tarde,-6.24,6.24,6.24,Com Promocao,True,7
29037,2025-06-28,21,Sundae,Baunilha,-1,-10.91,Das Neves,AP,App,False,CLI1185,2025-06-28,1900-01-01 21:00:00,21:00,False,False,False,False,True,False,True,False,False,False,False,False,False,quantidade_nao_positiva_ou_nula;valor_total_nao_positivo,False,False,2025,6,Junho,2025-06,T2,Sabado,28,Noite,-10.91,10.91,10.91,Sem Promocao,True,7
29041,2025-03-31,15,Pote,Menta,0,0.0,Sampaio Verde,RR,Parceiro,False,CLI4211,2025-03-31,1900-01-01 15:45:00,15:45,False,False,False,False,True,False,True,False,False,False,False,False,False,quantidade_nao_positiva_ou_nula;valor_total_nao_positivo,False,False,2025,3,Marco,2025-03,T1,Segunda,31,Tarde,0.0,,,Sem Promocao,True,5
29052,2025-04-13,21,Pote,Chocolate,0,0.0,Da Mata,ES,Parceiro,True,CLI9577,2025-04-13,1900-01-01 21:00:00,21:00,False,False,False,False,True,False,True,False,False,False,False,False,False,quantidade_nao_positiva_ou_nula;valor_total_nao_positivo,False,False,2025,4,Abril,2025-04,T2,Domingo,13,Noite,0.0,,,Com Promocao,True,8
29103,2025-06-20,20,Pote,Nao Informado,1,,Nao Informado,GO,Loja Física,False,CLI3279,2025-06-20,1900-01-01 20:00:00,20:00,True,True,False,False,False,True,True,False,False,False,False,False,False,valor_total_nulo,False,False,2025,6,Junho,2025-06,T2,Sexta,20,Noite,,,,Sem Promocao,True,5
29105,2025-03-15,14,Pote,Nao Informado,3,,Nao Informado,RS,Parceiro,True,CLI9965,2025-03-15,1900-01-01 14:00:00,14:00,True,True,False,False,False,True,True,False,False,False,False,False,False,valor_total_nulo,False,False,2025,3,Marco,2025-03,T1,Sabado,15,Tarde,,,,Com Promocao,True,6
29112,2025-05-08,19,Casquinha,Chocolate,-1,-8.17,Pimenta De Melo,SC,App,False,CLI6508,2025-05-08,1900-01-01 19:00:00,19:00,False,False,False,False,True,False,True,False,False,False,False,False,False,quantidade_nao_positiva_ou_nula;valor_total_nao_positivo,False,False,2025,5,Maio,2025-05,T2,Quinta,8,Noite,-8.17,8.17,8.17,Sem Promocao,True,7
29140,2025-03-15,16,Milkshake,Nao Informado,3,,Nao Informado,RS,Parceiro,True,CLI3751,2025-03-15,1900-01-01 16:45:00,16:45,True,True,False,False,False,True,True,False,False,False,False,False,False,valor_total_nulo,False,False,2025,3,Marco,2025-03,T1,Sabado,15,Tarde,,,,Com Promocao,True,5
29149,2025-05-23,21,Milkshake,Nao Informado,5,,Nao Informado,SC,App,True,CLI7211,2025-05-23,1900-01-01 21:30:00,21:30,True,True,False,False,False,True,True,False,False,False,False,False,False,valor_total_nulo,False,False,2025,5,Maio,2025-05,T2,Sexta,23,Noite,,,,Com Promocao,True,7
29175,2025-08-15,17,Picolé,Baunilha,-1,-7.59,Costela Da Prata,PA,Parceiro,True,CLI5750,2025-08-15,1900-01-01 17:15:00,17:15,False,False,False,False,True,False,True,False,False,False,False,False,False,quantidade_nao_positiva_ou_nula;valor_total_nao_positivo,False,False,2025,8,Agosto,2025-08,T3,Sexta,15,Tarde,-7.59,7.59,7.59,Com Promocao,True,10
29192,2025-08-10,14,Picolé,Nao Informado,5,,Nao Informado,SC,Loja Física,False,CLI3391,2025-08-10,1900-01-01 14:00:00,14:00,True,True,False,False,False,True,True,False,False,False,False,False,False,valor_total_nulo,False,False,2025,8,Agosto,2025-08,T3,Domingo,10,Tarde,,,,Sem Promocao,True,3
29225,2025-08-20,18,Pote,Açaí,-4,-29.44,Melo De Pacheco,SE,Parceiro,False,CLI6692,2025-08-20,1900-01-01 18:30:00,18:30,False,False,False,False,True,False,True,False,False,False,False,False,False,quantidade_nao_positiva_ou_nula;valor_total_nao_positivo,False,True,2025,8,Agosto,2025-08,T3,Quarta,20,Noite,-29.44,7.36,7.36,Sem Promocao,True,6
29237,2025-05-16,16,Casquinha,Menta,-5,-39.11,Vargas Da Prata,PE,Loja Física,True,CLI9054,2025-05-16,1900-01-01 16:45:00,16:45,False,False,False,False,True,False,True,False,False,False,False,False,False,quantidade_nao_positiva_ou_nula;valor_total_nao_positivo,False,True,2025,5,Maio,2025-05,T2,Sexta,16,Tarde,-39.11,7.82,7.82,Com Promocao,True,5
29238,2025-08-05,14,Sundae,Nao Informado,5,,Nao Informado,RS,Loja Física,False,CLI9536,2025-08-05,1900-01-01 14:30:00,14:30,True,True,False,False,False,True,True,False,False,False,False,False,False,valor_total_nulo,False,False,2025,8,Agosto,2025-08,T3,Terca,5,Tarde,,,,Sem Promocao,True,9
29317,2025-06-11,20,Milkshake,Baunilha,-4,-21.05,Ramos,BA,Loja Física,True,CLI2602,2025-06-11,1900-01-01 20:15:00,20:15,False,False,False,False,True,False,True,False,False,False,False,False,False,quantidade_nao_positiva_ou_nula;valor_total_nao_positivo,False,False,2025,6,Junho,2025-06,T2,Quarta,11,Noite,-21.05,5.26,5.26,Com Promocao,True,9
29360,2025-08-16,17,Milkshake,Nao Informado,6,,Nao Informado,BA,App,True,CLI9266,2025-08-16,1900-01-01 17:00:00,17:00,True,True,False,False,False,True,True,False,False,False,False,False,False,valor_total_nulo,False,False,2025,8,Agosto,2025-08,T3,Sabado,16,Tarde,,,,Com Promocao,True,6
29574,2025-05-06,10,Picolé,Morango,-1,-5.47,Aparecida Da Serra,AC,App,False,CLI2947,2025-05-06,1900-01-01 10:45:00,10:45,False,False,False,False,True,False,True,False,False,False,False,False,False,quantidade_nao_positiva_ou_nula;valor_total_nao_positivo,False,False,2025,5,Maio,2025-05,T2,Terca,6,Manha,-5.47,5.47,5.47,Sem Promocao,True,6
29579,2025-06-06,22,Casquinha,Chocolate,0,0.0,Da Mata Dos Dourados,TO,Loja Física,False,CLI5431,2025-06-06,1900-01-01 22:30:00,22:30,False,False,False,False,True,False,True,False,False,False,False,False,False,quantidade_nao_positiva_ou_nula;valor_total_nao_positivo,False,False,2025,6,Junho,2025-06,T2,Sexta,6,Noite,0.0,,,Sem Promocao,True,9
29601,2025-07-03,19,Sundae,Nao Informado,1,,Nao Informado,SP,Loja Física,False,CLI4642,2025-07-03,1900-01-01 19:15:00,19:15,True,True,False,False,False,True,True,False,False,False,False,False,False,valor_total_nulo,False,False,2025,7,Julho,2025-07,T3,Quinta,3,Noite,,,,Sem Promocao,True,3
29728,2025-07-18,8,Pote,Cookies,-1,-7.46,Da Paz,PR,Parceiro,False,CLI6238,2025-07-18,1900-01-01 08:45:00,08:45,False,False,False,False,True,False,True,False,False,False,False,False,False,quantidade_nao_positiva_ou_nula;valor_total_nao_positivo,False,False,2025,7,Julho,2025-07,T3,Sexta,18,Manha,-7.46,7.46,7.46,Sem Promocao,True,6
29734,2025-06-13,13,Picolé,Cookies,-1,-9.92,Souza,MA,Parceiro,False,CLI9883,2025-06-13,1900-01-01 13:30:00,13:30,False,False,False,False,True,False,True,False,False,False,False,False,False,quantidade_nao_positiva_ou_nula;valor_total_nao_positivo,False,False,2025,6,Junho,2025-06,T2,Sexta,13,Tarde,-9.92,9.92,9.92,Sem Promocao,True,7
29741,2025-06-11,18,Pote,Morango,0,0.0,Vasconcelos De Camargo,MS,Parceiro,True,CLI2229,2025-06-11,1900-01-01 18:00:00,18:00,False,False,False,False,True,False,True,False,False,False,False,False,False,quantidade_nao_positiva_ou_nula;valor_total_nao_positivo,False,False,2025,6,Junho,2025-06,T2,Quarta,11,Noite,0.0,,,Com Promocao,True,7
29747,2025-04-18,20,Casquinha,Morango,0,0.0,Da Luz Do Sul,PE,App,False,CLI3844,2025-04-18,1900-01-01 20:45:00,20:45,False,False,False,False,True,False,True,False,False,False,False,False,False,quantidade_nao_positiva_ou_nula;valor_total_nao_positivo,False,False,2025,4,Abril,2025-04,T2,Sexta,18,Noite,0.0,,,Sem Promocao,True,7
29828,2025-05-07,22,Picolé,Nao Informado,2,,Nao Informado,PI,App,True,CLI1460,2025-05-07,1900-01-01 22:15:00,22:15,True,True,False,False,False,True,True,False,False,False,False,False,False,valor_total_nulo,False,False,2025,5,Maio,2025-05,T2,Quarta,7,Noite,,,,Com Promocao,True,8
29832,2025-06-29,14,Milkshake,Cookies,-4,-20.03,Melo,AP,Loja Física,True,CLI9042,2025-06-29,1900-01-01 14:15:00,14:15,False,False,False,False,True,False,True,False,False,False,False,False,False,quantidade_nao_positiva_ou_nula;valor_total_nao_positivo,False,False,2025,6,Junho,2025-06,T2,Domingo,29,Tarde,-20.03,5.01,5.01,Com Promocao,True,7
29855,2025-04-19,10,Sundae,Nao Informado,1,,Nao Informado,SC,App,False,CLI6643,2025-04-19,1900-01-01 10:15:00,10:15,True,True,False,False,False,True,True,False,False,False,False,False,False,valor_total_nulo,False,False,2025,4,Abril,2025-04,T2,Sabado,19,Manha,,,,Sem Promocao,True,10
29895,2025-05-06,15,Picolé,Menta,-1,-12.93,Duarte,ES,Parceiro,True,CLI2487,2025-05-06,1900-01-01 15:30:00,15:30,False,False,False,False,True,False,True,False,False,False,False,False,False,quantidade_nao_positiva_ou_nula;valor_total_nao_positivo,False,False,2025,5,Maio,2025-05,T2,Terca,6,Tarde,-12.93,12.93,12.93,Com Promocao,True,7
29910,2025-08-13,20,Pote,Chocolate,-1,-11.99,Ramos,RJ,App,True,CLI3473,2025-08-13,1900-01-01 20:45:00,20:45,False,False,False,False,True,False,True,False,False,False,False,False,False,quantidade_nao_positiva_ou_nula;valor_total_nao_positivo,False,False,2025,8,Agosto,2025-08,T3,Quarta,13,Noite,-11.99,11.99,11.99,Com Promocao,True,10
29940,2025-05-19,15,Picolé,Caramelo,-3,-34.2,Machado,AM,Loja Física,False,CLI2832,2025-05-19,1900-01-01 15:00:00,15:00,False,False,False,False,True,False,True,False,False,False,False,False,False,quantidade_nao_positiva_ou_nula;valor_total_nao_positivo,False,True,2025,5,Maio,2025-05,T2,Segunda,19,Tarde,-34.2,11.4,11.4,Sem Promocao,True,5
30045,2025-08-06,21,Milkshake,Baunilha,-1,-14.69,Campos Do Norte,AP,Loja Física,False,CLI6497,2025-08-06,1900-01-01 21:00:00,21:00,False,False,False,False,True,False,True,False,False,False,False,False,False,quantidade_nao_positiva_ou_nula;valor_total_nao_positivo,False,False,2025,8,Agosto,2025-08,T3,Quarta,6,Noite,-14.69,14.69,14.69,Sem Promocao,True,8
30047,2025-05-14,17,Milkshake,Baunilha,0,0.0,Rocha,AP,Loja Física,False,CLI7169,2025-05-14,1900-01-01 17:15:00,17:15,False,False,False,False,True,False,True,False,False,False,False,False,False,quantidade_nao_positiva_ou_nula;valor_total_nao_positivo,False,False,2025,5,Maio,2025-05,T2,Quarta,14,Tarde,0.0,,,Sem Promocao,True,6
30131,2025-07-02,16,Pote,Chocolate,-4,-48.2,Aragão,SC,App,False,CLI8242,2025-07-02,1900-01-01 16:30:00,16:30,False,False,False,False,True,False,True,False,False,False,False,False,False,quantidade_nao_positiva_ou_nula;valor_total_nao_positivo,False,True,2025,7,Julho,2025-07,T3,Quarta,2,Tarde,-48.2,12.05,12.05,Sem Promocao,True,4
30155,2025-05-12,10,Milkshake,Nao Informado,4,,Nao Informado,AL,App,True,CLI6382,2025-05-12,1900-01-01 10:30:00,10:30,True,True,False,False,False,True,True,False,False,False,False,False,False,valor_total_nulo,False,False,2025,5,Maio,2025-05,T2,Segunda,12,Manha,,,,Com Promocao,True,4
30162,2025-03-16,15,Picolé,Açaí,0,0.0,Abreu Da Mata,BA,Parceiro,False,CLI7619,2025-03-16,1900-01-01 15:45:00,15:45,False,False,False,False,True,False,True,False,False,False,False,False,False,quantidade_nao_positiva_ou_nula;valor_total_nao_positivo,False,False,2025,3,Marco,2025-03,T1,Domingo,16,Tarde,0.0,,,Sem Promocao,True,8
30206,2025-06-08,17,Pote,Nao Informado,4,,Nao Informado,SC,Parceiro,False,CLI3207,2025-06-08,1900-01-01 17:00:00,17:00,True,True,False,False,False,True,True,False,False,False,False,False,False,valor_total_nulo,False,False,2025,6,Junho,2025-06,T2,Domingo,8,Tarde,,,,Sem Promocao,True,4
30227,2025-08-12,12,Pote,Cookies,-3,-11.19,Jesus,SP,Loja Física,True,CLI3926,2025-08-12,1900-01-01 12:00:00,12:00,False,False,False,False,True,False,True,False,False,False,False,False,False,quantidade_nao_positiva_ou_nula;valor_total_nao_positivo,False,False,2025,8,Agosto,2025-08,T3,Terca,12,Tarde,-11.19,3.73,3.73,Com Promocao,True,6
30243,2025-07-15,16,Pote,Nao Informado,4,,Nao Informado,GO,App,True,CLI6368,2025-07-15,1900-01-01 16:00:00,16:00,True,True,False,False,False,True,True,False,False,False,False,False,False,valor_total_nulo,False,False,2025,7,Julho,2025-07,T3,Terca,15,Tarde,,,,Com Promocao,True,4
30245,2025-08-09,14,Casquinha,Nao Informado,3,,Nao Informado,AL,Loja Física,True,CLI9414,2025-08-09,1900-01-01 14:30:00,14:30,True,True,False,False,False,True,True,False,False,False,False,False,False,valor_total_nulo,False,False,2025,8,Agosto,2025-08,T3,Sabado,9,Tarde,,,,Com Promocao,True,10
30346,2025-04-28,19,Picolé,Açaí,-5,-58.19,Almeida,PB,Loja Física,True,CLI8800,2025-04-28,1900-01-01 19:30:00,19:30,False,False,False,False,True,False,True,False,False,False,False,False,False,quantidade_nao_positiva_ou_nula;valor_total_nao_positivo,False,True,2025,4,Abril,2025-04,T2,Segunda,28,Noite,-58.19,11.64,11.64,Com Promocao,True,7
30418,2025-06-18,20,Casquinha,Nao Informado,5,,Nao Informado,RS,App,False,CLI1605,2025-06-18,1900-01-01 20:30:00,20:30,True,True,False,False,False,True,True,False,False,False,False,False,False,valor_total_nulo,False,False,2025,6,Junho,2025-06,T2,Quarta,18,Noite,,,,Sem Promocao,True,8
30431,2025-07-25,22,Sundae,Nao Informado,4,,Nao Informado,PR,Parceiro,False,CLI9429,2025-07-25,1900-01-01 22:15:00,22:15,True,True,False,False,False,True,True,False,False,False,False,False,False,valor_total_nulo,False,False,2025,7,Julho,2025-07,T3,Sexta,25,Noite,,,,Sem Promocao,True,4
30458,2025-05-17,15,Sundae,Limão,0,0.0,Da Costa,SE,Parceiro,False,CLI9126,2025-05-17,1900-01-01 15:30:00,15:30,False,False,False,False,True,False,True,False,False,False,False,False,False,quantidade_nao_positiva_ou_nula;valor_total_nao_positivo,False,False,2025,5,Maio,2025-05,T2,Sabado,17,Tarde,0.0,,,Sem Promocao,True,2
30480,2025-03-27,11,Milkshake,Nao Informado,1,,Nao Informado,RJ,Parceiro,True,CLI9340,2025-03-27,1900-01-01 11:15:00,11:15,True,True,False,False,False,True,True,False,False,False,False,False,False,valor_total_nulo,False,False,2025,3,Marco,2025-03,T1,Quinta,27,Manha,,,,Com Promocao,True,5
30496,2025-07-09,18,Milkshake,Baunilha,-1,-8.03,Duarte,RS,Parceiro,True,CLI5258,2025-07-09,1900-01-01 18:00:00,18:00,False,False,False,False,True,False,True,False,False,False,False,False,False,quantidade_nao_positiva_ou_nula;valor_total_nao_positivo,False,False,2025,7,Julho,2025-07,T3,Quarta,9,Noite,-8.03,8.03,8.03,Com Promocao,True,7
30587,2025-05-02,11,Milkshake,Menta,-3,-44.07,Vargas,MS,Loja Física,False,CLI8999,2025-05-02,1900-01-01 11:15:00,11:15,False,False,False,False,True,False,True,False,False,False,False,False,False,quantidade_nao_positiva_ou_nula;valor_total_nao_positivo,False,True,2025,5,Maio,2025-05,T2,Sexta,2,Manha,-44.07,14.69,14.69,Sem Promocao,True,8
30601,2025-07-30,19,Sundae,Nao Informado,5,,Nao Informado,BA,App,True,CLI4471,2025-07-30,1900-01-01 19:30:00,19:30,True,True,False,False,False,True,True,False,False,False,False,False,False,valor_total_nulo,False,False,2025,7,Julho,2025-07,T3,Quarta,30,Noite,,,,Com Promocao,True,8
30654,2025-03-01,11,Pote,Nao Informado,1,,Nao Informado,MS,Parceiro,False,CLI4090,2025-03-01,1900-01-01 11:00:00,11:00,True,True,False,False,False,True,True,False,False,False,False,False,False,valor_total_nulo,False,False,2025,3,Marco,2025-03,T1,Sabado,1,Manha,,,,Sem Promocao,True,10
30778,2025-06-12,15,Milkshake,Menta,-5,-47.0,Porto,PI,Loja Física,False,CLI4261,2025-06-12,1900-01-01 15:00:00,15:00,False,False,False,False,True,False,True,False,False,False,False,False,False,quantidade_nao_positiva_ou_nula;valor_total_nao_positivo,False,True,2025,6,Junho,2025-06,T2,Quinta,12,Tarde,-47.0,9.4,9.4,Sem Promocao,True,5
30837,2025-03-02,9,Casquinha,Morango,-2,-12.31,Freitas Do Oeste,AC,App,True,CLI9664,2025-03-02,1900-01-01 09:30:00,09:30,False,False,False,False,True,False,True,False,False,False,False,False,False,quantidade_nao_positiva_ou_nula;valor_total_nao_positivo,False,False,2025,3,Marco,2025-03,T1,Domingo,2,Manha,-12.31,6.16,6.16,Com Promocao,True,12
30840,2025-03-03,21,Pote,Nao Informado,0,,Nao Informado,MG,Parceiro,True,CLI8830,2025-03-03,1900-01-01 21:15:00,21:15,True,True,False,False,True,True,True,False,False,False,False,False,False,quantidade_nao_positiva_ou_nula;valor_total_nulo,False,False,2025,3,Marco,2025-03,T1,Segunda,3,Noite,,,,Com Promocao,True,5
30845,2025-05-21,12,Casquinha,Menta,-1,-6.15,Das Neves,PI,Loja Física,False,CLI8322,2025-05-21,1900-01-01 12:00:00,12:00,False,False,False,False,True,False,True,False,False,False,False,False,False,quantidade_nao_positiva_ou_nula;valor_total_nao_positivo,False,False,2025,5,Maio,2025-05,T2,Quarta,21,Tarde,-6.15,6.15,6.15,Sem Promocao,True,7
30921,2025-05-12,10,Sundae,Açaí,-3,-30.42,Câmara,PA,Parceiro,False,CLI1667,2025-05-12,1900-01-01 10:45:00,10:45,False,False,False,False,True,False,True,False,False,False,False,False,False,quantidade_nao_positiva_ou_nula;valor_total_nao_positivo,False,True,2025,5,Maio,2025-05,T2,Segunda,12,Manha,-30.42,10.14,10.14,Sem Promocao,True,4
30965,2025-08-07,22,Milkshake,Nao Informado,6,,Nao Informado,PA,Parceiro,True,CLI1402,2025-08-07,1900-01-01 22:00:00,22:00,True,True,False,False,False,True,True,False,False,False,False,False,False,valor_total_nulo,False,False,2025,8,Agosto,2025-08,T3,Quinta,7,Noite,,,,Com Promocao,True,11
30994,2025-02-24,11,Casquinha,Nao Informado,1,,Nao Informado,AC,Loja Física,False,CLI2553,2025-02-24,1900-01-01 11:45:00,11:45,True,True,False,False,False,True,True,False,False,False,False,False,False,valor_total_nulo,False,False,2025,2,Fevereiro,2025-02,T1,Segunda,24,Manha,,,,Sem Promocao,True,6
31019,2025-06-19,22,Sundae,Nao Informado,3,,Nao Informado,RN,App,True,CLI5525,2025-06-19,1900-01-01 22:15:00,22:15,True,True,False,False,False,True,True,False,False,False,False,False,False,valor_total_nulo,False,False,2025,6,Junho,2025-06,T2,Quinta,19,Noite,,,,Com Promocao,True,6
31052,2025-07-19,18,Picolé,Morango,-1,-8.27,Caldeira,ES,Parceiro,False,CLI4125,2025-07-19,1900-01-01 18:30:00,18:30,False,False,False,False,True,False,True,False,False,False,False,False,False,quantidade_nao_positiva_ou_nula;valor_total_nao_positivo,False,False,2025,7,Julho,2025-07,T3,Sabado,19,Noite,-8.27,8.27,8.27,Sem Promocao,True,7
31089,2025-07-27,13,Pote,Nao Informado,3,,Nao Informado,AP,Loja Física,False,CLI2625,2025-07-27,1900-01-01 13:15:00,13:15,True,True,False,False,False,True,True,False,False,False,False,False,False,valor_total_nulo,False,False,2025,7,Julho,2025-07,T3,Domingo,27,Tarde,,,,Sem Promocao,True,11
31122,2025-08-07,8,Milkshake,Baunilha,-3,-32.52,Câmara Da Praia,SE,Loja Física,False,CLI6725,2025-08-07,1900-01-01 08:00:00,08:00,False,False,False,False,True,False,True,False,False,False,False,False,False,quantidade_nao_positiva_ou_nula;valor_total_nao_positivo,False,True,2025,8,Agosto,2025-08,T3,Quinta,7,Manha,-32.52,10.84,10.84,Sem Promocao,True,3
31138,2025-08-16,19,Milkshake,Nao Informado,2,,Nao Informado,TO,Loja Física,True,CLI3380,2025-08-16,1900-01-01 19:30:00,19:30,True,True,False,False,False,True,True,False,False,False,False,False,False,valor_total_nulo,False,False,2025,8,Agosto,2025-08,T3,Sabado,16,Noite,,,,Com Promocao,True,6
31170,2025-04-17,10,Pote,Nao Informado,1,,Nao Informado,DF,App,False,CLI9366,2025-04-17,1900-01-01 10:45:00,10:45,True,True,False,False,False,True,True,False,False,False,False,False,False,valor_total_nulo,False,False,2025,4,Abril,2025-04,T2,Quinta,17,Manha,,,,Sem Promocao,True,4
31190,2025-04-08,16,Milkshake,Açaí,-2,-8.08,Ferreira Do Campo,SP,Loja Física,True,CLI6654,2025-04-08,1900-01-01 16:45:00,16:45,False,False,False,False,True,False,True,False,False,False,False,False,False,quantidade_nao_positiva_ou_nula;valor_total_nao_positivo,False,False,2025,4,Abril,2025-04,T2,Terca,8,Tarde,-8.08,4.04,4.04,Com Promocao,True,6
31192,2025-04-08,16,Milkshake,Limão,-3,-32.7,Fernandes De Vieira,PA,Loja Física,True,CLI7167,2025-04-08,1900-01-01 16:30:00,16:30,False,False,False,False,True,False,True,False,False,False,False,False,False,quantidade_nao_positiva_ou_nula;valor_total_nao_positivo,False,True,2025,4,Abril,2025-04,T2,Terca,8,Tarde,-32.7,10.9,10.9,Com Promocao,True,5
31195,2025-04-18,8,Sundae,Nao Informado,-1,,Nao Informado,SC,App,True,CLI4969,2025-04-18,1900-01-01 08:00:00,08:00,True,True,False,False,True,True,True,False,False,False,False,False,False,quantidade_nao_positiva_ou_nula;valor_total_nulo,False,False,2025,4,Abril,2025-04,T2,Sexta,18,Manha,,,,Com Promocao,True,7
31222,2025-03-08,10,Milkshake,Caramelo,-1,-7.45,Casa Grande Do Galho,RR,App,True,CLI1336,2025-03-08,1900-01-01 10:00:00,10:00,False,False,False,False,True,False,True,False,False,False,False,False,False,quantidade_nao_positiva_ou_nula;valor_total_nao_positivo,False,False,2025,3,Marco,2025-03,T1,Sabado,8,Manha,-7.45,7.45,7.45,Com Promocao,True,7
31241,2025-04-10,13,Picolé,Menta,0,0.0,Fernandes,AC,Loja Física,True,CLI8503,2025-04-10,1900-01-01 13:15:00,13:15,False,False,False,False,True,False,True,False,False,False,False,False,False,quantidade_nao_positiva_ou_nula;valor_total_nao_positivo,False,False,2025,4,Abril,2025-04,T2,Quinta,10,Tarde,0.0,,,Com Promocao,True,5
31278,2025-07-22,21,Pote,Nao Informado,3,,Nao Informado,ES,App,True,CLI9196,2025-07-22,1900-01-01 21:45:00,21:45,True,True,False,False,False,True,True,False,False,False,False,False,False,valor_total_nulo,False,False,2025,7,Julho,2025-07,T3,Terca,22,Noite,,,,Com Promocao,True,8
31283,2025-05-06,17,Casquinha,Menta,-3,-41.61,Almeida,PE,App,False,CLI3344,2025-05-06,1900-01-01 17:15:00,17:15,False,False,False,False,True,False,True,False,False,False,False,False,False,quantidade_nao_positiva_ou_nula;valor_total_nao_positivo,False,True,2025,5,Maio,2025-05,T2,Terca,6,Tarde,-41.61,13.87,13.87,Sem Promocao,True,6
31290,2025-05-19,10,Pote,Nao Informado,4,,Nao Informado,MS,App,False,CLI3834,2025-05-19,1900-01-01 10:45:00,10:45,True,True,False,False,False,True,True,False,False,False,False,False,False,valor_total_nulo,False,False,2025,5,Maio,2025-05,T2,Segunda,19,Manha,,,,Sem Promocao,True,6
31298,2025-07-21,19,Casquinha,Açaí,0,0.0,Melo,PI,App,False,CLI1539,2025-07-21,1900-01-01 19:00:00,19:00,False,False,False,False,True,False,True,False,False,False,False,False,False,quantidade_nao_positiva_ou_nula;valor_total_nao_positivo,False,False,2025,7,Julho,2025-07,T3,Segunda,21,Noite,0.0,,,Sem Promocao,True,7
31311,2025-03-30,8,Casquinha,Caramelo,0,0.0,Lima,RO,Parceiro,True,CLI4106,2025-03-30,1900-01-01 08:45:00,08:45,False,False,False,False,True,False,True,False,False,False,False,False,False,quantidade_nao_positiva_ou_nula;valor_total_nao_positivo,False,False,2025,3,Marco,2025-03,T1,Domingo,30,Manha,0.0,,,Com Promocao,True,11
31365,2025-05-01,15,Pote,Nao Informado,2,,Nao Informado,AL,Parceiro,False,CLI4933,2025-05-01,1900-01-01 15:30:00,15:30,True,True,False,False,False,True,True,False,False,False,False,False,False,valor_total_nulo,False,False,2025,5,Maio,2025-05,T2,Quinta,1,Tarde,,,,Sem Promocao,True,4
31419,2025-04-24,22,Sundae,Caramelo,-1,-10.36,Santos Do Galho,CE,Parceiro,True,CLI2448,2025-04-24,1900-01-01 22:30:00,22:30,False,False,False,False,True,False,True,False,False,False,False,False,False,quantidade_nao_positiva_ou_nula;valor_total_nao_positivo,False,False,2025,4,Abril,2025-04,T2,Quinta,24,Noite,-10.36,10.36,10.36,Com Promocao,True,7
31440,2025-03-09,14,Picolé,Nao Informado,2,,Nao Informado,MA,Parceiro,True,CLI9226,2025-03-09,1900-01-01 14:00:00,14:00,True,True,False,False,False,True,True,False,False,False,False,False,False,valor_total_nulo,False,False,2025,3,Marco,2025-03,T1,Domingo,9,Tarde,,,,Com Promocao,True,2
31512,2025-07-06,11,Pote,Nao Informado,3,,Nao Informado,RS,Loja Física,True,CLI2873,2025-07-06,1900-01-01 11:45:00,11:45,True,True,False,False,False,True,True,False,False,False,False,False,False,valor_total_nulo,False,False,2025,7,Julho,2025-07,T3,Domingo,6,Manha,,,,Com Promocao,True,4
31537,2025-05-20,10,Milkshake,Nao Informado,-3,,Nao Informado,PE,Parceiro,False,CLI8888,2025-05-20,1900-01-01 10:00:00,10:00,True,True,False,False,True,True,True,False,False,False,False,False,False,quantidade_nao_positiva_ou_nula;valor_total_nulo,False,False,2025,5,Maio,2025-05,T2,Terca,20,Manha,,,,Sem Promocao,True,6
31602,2025-04-07,20,Picolé,Nao Informado,5,,Nao Informado,PR,App,False,CLI6657,2025-04-07,1900-01-01 20:00:00,20:00,True,True,False,False,False,True,True,False,False,False,False,False,False,valor_total_nulo,False,False,2025,4,Abril,2025-04,T2,Segunda,7,Noite,,,,Sem Promocao,True,4
31633,2025-04-27,22,Picolé,Nao Informado,5,,Nao Informado,MT,App,True,CLI5626,2025-04-27,1900-01-01 22:00:00,22:00,True,True,False,False,False,True,True,False,False,False,False,False,False,valor_total_nulo,False,False,2025,4,Abril,2025-04,T2,Domingo,27,Noite,,,,Com Promocao,True,4
31671,2025-04-23,12,Casquinha,Menta,-3,-14.94,Jesus Das Pedras,RS,Loja Física,True,CLI3732,2025-04-23,1900-01-01 12:15:00,12:15,False,False,False,False,True,False,True,False,False,False,False,False,False,quantidade_nao_positiva_ou_nula;valor_total_nao_positivo,False,False,2025,4,Abril,2025-04,T2,Quarta,23,Tarde,-14.94,4.98,4.98,Com Promocao,True,5
31714,2025-05-22,9,Casquinha,Chocolate,0,0.0,Nogueira Paulista,RJ,Loja Física,True,CLI8306,2025-05-22,1900-01-01 09:30:00,09:30,False,False,False,False,True,False,True,False,False,False,False,False,False,quantidade_nao_positiva_ou_nula;valor_total_nao_positivo,False,False,2025,5,Maio,2025-05,T2,Quinta,22,Manha,0.0,,,Com Promocao,True,6
31730,2025-03-20,18,Milkshake,Açaí,-6,-50.86,Campinas,PB,App,True,CLI3626,2025-03-20,1900-01-01 18:30:00,18:30,False,False,False,False,True,False,True,False,False,False,False,False,False,quantidade_nao_positiva_ou_nula;valor_total_nao_positivo,False,True,2025,3,Marco,2025-03,T1,Quinta,20,Noite,-50.86,8.48,8.48,Com Promocao,True,10
31771,2025-03-31,19,Casquinha,Nao Informado,1,,Nao Informado,PA,Parceiro,True,CLI2534,2025-03-31,1900-01-01 19:30:00,19:30,True,True,False,False,False,True,True,False,False,False,False,False,False,valor_total_nulo,False,False,2025,3,Marco,2025-03,T1,Segunda,31,Noite,,,,Com Promocao,True,6
31810,2025-07-04,17,Pote,Baunilha,0,0.0,Cavalcante,PA,Parceiro,True,CLI5332,2025-07-04,1900-01-01 17:00:00,17:00,False,False,False,False,True,False,True,False,False,False,False,False,False,quantidade_nao_positiva_ou_nula;valor_total_nao_positivo,False,False,2025,7,Julho,2025-07,T3,Sexta,4,Tarde,0.0,,,Com Promocao,True,6
31829,2025-05-20,21,Sundae,Nao Informado,2,,Nao Informado,RO,Parceiro,False,CLI3174,2025-05-20,1900-01-01 21:45:00,21:45,True,True,False,False,False,True,True,False,False,False,False,False,False,valor_total_nulo,False,False,2025,5,Maio,2025-05,T2,Terca,20,Noite,,,,Sem Promocao,True,7
31901,2025-07-17,21,Milkshake,Limão,-5,-48.84,Da Luz,MG,Parceiro,True,CLI3918,2025-07-17,1900-01-01 21:45:00,21:45,False,False,False,False,True,False,True,False,False,False,False,False,False,quantidade_nao_positiva_ou_nula;valor_total_nao_positivo,False,True,2025,7,Julho,2025-07,T3,Quinta,17,Noite,-48.84,9.77,9.77,Com Promocao,True,6
31942,2025-06-18,17,Sundae,Chocolate,0,0.0,Vieira,RN,Parceiro,False,CLI7714,2025-06-18,1900-01-01 17:45:00,17:45,False,False,False,False,True,False,True,False,False,False,False,False,False,quantidade_nao_positiva_ou_nula;valor_total_nao_positivo,False,False,2025,6,Junho,2025-06,T2,Quarta,18,Tarde,0.0,,,Sem Promocao,True,5
31978,2025-05-01,10,Sundae,Nao Informado,2,,Nao Informado,MA,Parceiro,True,CLI9767,2025-05-01,1900-01-01 10:30:00,10:30,True,True,False,False,False,True,True,False,False,False,False,False,False,valor_total_nulo,False,False,2025,5,Maio,2025-05,T2,Quinta,1,Manha,,,,Com Promocao,True,5
31980,2025-07-20,8,Casquinha,Menta,-1,-9.73,Nascimento De Da Conceição,RS,Loja Física,True,CLI1739,2025-07-20,1900-01-01 08:45:00,08:45,False,False,False,False,True,False,True,False,False,False,False,False,False,quantidade_nao_positiva_ou_nula;valor_total_nao_positivo,False,False,2025,7,Julho,2025-07,T3,Domingo,20,Manha,-9.73,9.73,9.73,Com Promocao,True,10
32012,2025-03-03,16,Milkshake,Limão,-4,-43.16,Campinas,BA,App,False,CLI2718,2025-03-03,1900-01-01 16:30:00,16:30,False,False,False,False,True,False,True,False,False,False,False,False,False,quantidade_nao_positiva_ou_nula;valor_total_nao_positivo,False,True,2025,3,Marco,2025-03,T1,Segunda,3,Tarde,-43.16,10.79,10.79,Sem Promocao,True,4
32017,2025-03-18,19,Pote,Nao Informado,1,,Nao Informado,SC,App,False,CLI2494,2025-03-18,1900-01-01 19:30:00,19:30,True,True,False,False,False,True,True,False,False,False,False,False,False,valor_total_nulo,False,False,2025,3,Marco,2025-03,T1,Terca,18,Noite,,,,Sem Promocao,True,3
32031,2025-06-23,20,Sundae,Cookies,-3,-29.49,Farias,SP,Parceiro,False,CLI4519,2025-06-23,1900-01-01 20:00:00,20:00,False,False,False,False,True,False,True,False,False,False,False,False,False,quantidade_nao_positiva_ou_nula;valor_total_nao_positivo,False,True,2025,6,Junho,2025-06,T2,Segunda,23,Noite,-29.49,9.83,9.83,Sem Promocao,True,7
32103,2025-03-22,13,Pote,Limão,-5,-57.95,Pinto Da Mata,TO,Parceiro,False,CLI9617,2025-03-22,1900-01-01 13:30:00,13:30,False,False,False,False,True,False,True,False,False,False,False,False,False,quantidade_nao_positiva_ou_nula;valor_total_nao_positivo,False,True,2025,3,Marco,2025-03,T1,Sabado,22,Tarde,-57.95,11.59,11.59,Sem Promocao,True,8
32117,2025-07-12,20,Milkshake,Morango,-1,-14.45,Da Cruz,PE,App,False,CLI7300,2025-07-12,1900-01-01 20:45:00,20:45,False,False,False,False,True,False,True,False,False,False,False,False,False,quantidade_nao_positiva_ou_nula;valor_total_nao_positivo,False,False,2025,7,Julho,2025-07,T3,Sabado,12,Noite,-14.45,14.45,14.45,Sem Promocao,True,6
32143,2025-06-22,13,Picolé,Nao Informado,4,,Nao Informado,RO,App,True,CLI2546,2025-06-22,1900-01-01 13:15:00,13:15,True,True,False,False,False,True,True,False,False,False,False,False,False,valor_total_nulo,False,False,2025,6,Junho,2025-06,T2,Domingo,22,Tarde,,,,Com Promocao,True,11
32155,2025-02-27,16,Picolé,Morango,-1,-5.99,Nunes,RN,Loja Física,True,CLI5418,2025-02-27,1900-01-01 16:30:00,16:30,False,False,False,False,True,False,True,False,False,False,False,False,False,quantidade_nao_positiva_ou_nula;valor_total_nao_positivo,False,False,2025,2,Fevereiro,2025-02,T1,Quinta,27,Tarde,-5.99,5.99,5.99,Com Promocao,True,8
32171,2025-07-24,14,Pote,Nao Informado,1,,Nao Informado,DF,Parceiro,False,CLI6658,2025-07-24,1900-01-01 14:30:00,14:30,True,True,False,False,False,True,True,False,False,False,False,False,False,valor_total_nulo,False,False,2025,7,Julho,2025-07,T3,Quinta,24,Tarde,,,,Sem Promocao,True,9
32182,2025-07-31,11,Picolé,Menta,-1,-8.29,Pereira De Minas,RJ,App,False,CLI9604,2025-07-31,1900-01-01 11:30:00,11:30,False,False,False,False,True,False,True,False,False,False,False,False,False,quantidade_nao_positiva_ou_nula;valor_total_nao_positivo,False,False,2025,7,Julho,2025-07,T3,Quinta,31,Manha,-8.29,8.29,8.29,Sem Promocao,True,6
32208,2025-07-19,9,Pote,Morango,-1,-4.77,Câmara Do Amparo,SC,App,True,CLI9202,2025-07-19,1900-01-01 09:00:00,09:00,False,False,False,False,True,False,True,False,False,False,False,False,False,quantidade_nao_positiva_ou_nula;valor_total_nao_positivo,False,False,2025,7,Julho,2025-07,T3,Sabado,19,Manha,-4.77,4.77,4.77,Com Promocao,True,10
32230,2025-06-08,8,Sundae,Baunilha,-1,-4.34,Ferreira Dos Dourados,PR,Parceiro,True,CLI1805,2025-06-08,1900-01-01 08:30:00,08:30,False,False,False,False,True,False,True,False,False,False,False,False,False,quantidade_nao_positiva_ou_nula;valor_total_nao_positivo,False,False,2025,6,Junho,2025-06,T2,Domingo,8,Manha,-4.34,4.34,4.34,Com Promocao,True,9
32243,2025-04-13,18,Picolé,Açaí,0,0.0,Montenegro,MG,App,False,CLI2625,2025-04-13,1900-01-01 18:45:00,18:45,False,False,False,False,True,False,True,False,False,False,False,False,False,quantidade_nao_positiva_ou_nula;valor_total_nao_positivo,False,False,2025,4,Abril,2025-04,T2,Domingo,13,Noite,0.0,,,Sem Promocao,True,11
32354,2025-05-28,9,Casquinha,Baunilha,-2,-24.72,Da Rosa,ES,App,True,CLI4988,2025-05-28,1900-01-01 09:15:00,09:15,False,False,False,False,True,False,True,False,False,False,False,False,False,quantidade_nao_positiva_ou_nula;valor_total_nao_positivo,False,True,2025,5,Maio,2025-05,T2,Quarta,28,Manha,-24.72,12.36,12.36,Com Promocao,True,4
32372,2025-04-01,8,Sundae,Caramelo,-1,-12.73,Sousa,BA,Parceiro,False,CLI6496,2025-04-01,1900-01-01 08:00:00,08:00,False,False,False,False,True,False,True,False,False,False,False,False,False,quantidade_nao_positiva_ou_nula;valor_total_nao_positivo,False,False,2025,4,Abril,2025-04,T2,Terca,1,Manha,-12.73,12.73,12.73,Sem Promocao,True,4
32446,2025-08-18,17,Milkshake,Açaí,-1,-7.72,Pereira,AL,Parceiro,False,CLI9938,2025-08-18,1900-01-01 17:15:00,17:15,False,False,False,False,True,False,True,False,False,False,False,False,False,quantidade_nao_positiva_ou_nula;valor_total_nao_positivo,False,False,2025,8,Agosto,2025-08,T3,Segunda,18,Tarde,-7.72,7.72,7.72,Sem Promocao,True,7
32448,2025-06-01,18,Picolé,Caramelo,-1,-9.12,Moreira De Marques,AC,App,True,CLI6607,2025-06-01,1900-01-01 18:45:00,18:45,False,False,False,False,True,False,True,False,False,False,False,False,False,quantidade_nao_positiva_ou_nula;valor_total_nao_positivo,False,False,2025,6,Junho,2025-06,T2,Domingo,1,Noite,-9.12,9.12,9.12,Com Promocao,True,5
32478,2025-05-05,13,Pote,Baunilha,-1,-9.29,Vieira De Goiás,RJ,Parceiro,True,CLI1736,2025-05-05,1900-01-01 13:15:00,13:15,False,False,False,False,True,False,True,False,False,False,False,False,False,quantidade_nao_positiva_ou_nula;valor_total_nao_positivo,False,False,2025,5,Maio,2025-05,T2,Segunda,5,Tarde,-9.29,9.29,9.29,Com Promocao,True,4
32480,2025-05-26,13,Casquinha,Cookies,-1,-5.47,Camargo De Pereira,RN,Parceiro,True,CLI7588,2025-05-26,1900-01-01 13:00:00,13:00,False,False,False,False,True,False,True,False,False,False,False,False,False,quantidade_nao_positiva_ou_nula;valor_total_nao_positivo,False,False,2025,5,Maio,2025-05,T2,Segunda,26,Tarde,-5.47,5.47,5.47,Com Promocao,True,9
32503,2025-03-25,14,Sundae,Nao Informado,5,,Nao Informado,SP,Loja Física,True,CLI5219,2025-03-25,1900-01-01 14:45:00,14:45,True,True,False,False,False,True,True,False,False,False,False,False,False,valor_total_nulo,False,False,2025,3,Marco,2025-03,T1,Terca,25,Tarde,,,,Com Promocao,True,8
32520,2025-06-16,16,Milkshake,Baunilha,-4,-46.84,Costela De Rezende,BA,Parceiro,False,CLI4209,2025-06-16,1900-01-01 16:00:00,16:00,False,False,False,False,True,False,True,False,False,False,False,False,False,quantidade_nao_positiva_ou_nula;valor_total_nao_positivo,False,True,2025,6,Junho,2025-06,T2,Segunda,16,Tarde,-46.84,11.71,11.71,Sem Promocao,True,8
32628,2025-04-25,19,Milkshake,Nao Informado,5,,Nao Informado,SE,App,False,CLI4381,2025-04-25,1900-01-01 19:45:00,19:45,True,True,False,False,False,True,True,False,False,False,False,False,False,valor_total_nulo,False,False,2025,4,Abril,2025-04,T2,Sexta,25,Noite,,,,Sem Promocao,True,9
32655,2025-06-11,12,Milkshake,Morango,-1,-5.43,Caldeira,PI,Parceiro,False,CLI5554,2025-06-11,1900-01-01 12:45:00,12:45,False,False,False,False,True,False,True,False,False,False,False,False,False,quantidade_nao_positiva_ou_nula;valor_total_nao_positivo,False,False,2025,6,Junho,2025-06,T2,Quarta,11,Tarde,-5.43,5.43,5.43,Sem Promocao,True,6
32677,2025-02-26,9,Sundae,Chocolate,-1,-11.65,Santos,TO,Loja Física,False,CLI2402,2025-02-26,1900-01-01 09:45:00,09:45,False,False,False,False,True,False,True,False,False,False,False,False,False,quantidade_nao_positiva_ou_nula;valor_total_nao_positivo,False,False,2025,2,Fevereiro,2025-02,T1,Quarta,26,Manha,-11.65,11.65,11.65,Sem Promocao,True,9
32678,2025-03-08,20,Milkshake,Nao Informado,1,,Nao Informado,MG,App,False,CLI5496,2025-03-08,1900-01-01 20:30:00,20:30,True,True,False,False,False,True,True,False,False,False,False,False,False,valor_total_nulo,False,False,2025,3,Marco,2025-03,T1,Sabado,8,Noite,,,,Sem Promocao,True,10
32767,2025-07-24,17,Picolé,Nao Informado,2,,Nao Informado,AL,Loja Física,False,CLI1207,2025-07-24,1900-01-01 17:00:00,17:00,True,True,False,False,False,True,True,False,False,False,False,False,False,valor_total_nulo,False,False,2025,7,Julho,2025-07,T3,Quinta,24,Tarde,,,,Sem Promocao,True,11
32772,2025-02-28,13,Picolé,Chocolate,-1,-14.26,Das Neves De Casa Grande,PE,App,False,CLI1706,2025-02-28,1900-01-01 13:00:00,13:00,False,False,False,False,True,False,True,False,False,False,False,False,False,quantidade_nao_positiva_ou_nula;valor_total_nao_positivo,False,False,2025,2,Fevereiro,2025-02,T1,Sexta,28,Tarde,-14.26,14.26,14.26,Sem Promocao,True,6
32843,2025-08-15,16,Sundae,Menta,-1,-5.64,Novais Alegre,PR,Parceiro,False,CLI7147,2025-08-15,1900-01-01 16:45:00,16:45,False,False,False,False,True,False,True,False,False,False,False,False,False,quantidade_nao_positiva_ou_nula;valor_total_nao_positivo,False,False,2025,8,Agosto,2025-08,T3,Sexta,15,Tarde,-5.64,5.64,5.64,Sem Promocao,True,4
32853,2025-04-22,22,Picolé,Menta,-1,-14.36,Leão,SC,Parceiro,False,CLI7624,2025-04-22,1900-01-01 22:00:00,22:00,False,False,False,False,True,False,True,False,False,False,False,False,False,quantidade_nao_positiva_ou_nula;valor_total_nao_positivo,False,False,2025,4,Abril,2025-04,T2,Terca,22,Noite,-14.36,14.36,14.36,Sem Promocao,True,6
33050,2025-04-12,11,Casquinha,Baunilha,-2,-28.98,Rocha,AM,Loja Física,False,CLI4442,2025-04-12,1900-01-01 11:30:00,11:30,False,False,False,False,True,False,True,False,False,False,False,False,False,quantidade_nao_positiva_ou_nula;valor_total_nao_positivo,False,True,2025,4,Abril,2025-04,T2,Sabado,12,Manha,-28.98,14.49,14.49,Sem Promocao,True,7
33054,2025-06-01,15,Picolé,Limão,-3,-27.97,Lima,SC,Loja Física,True,CLI6332,2025-06-01,1900-01-01 15:15:00,15:15,False,False,False,False,True,False,True,False,False,False,False,False,False,quantidade_nao_positiva_ou_nula;valor_total_nao_positivo,False,True,2025,6,Junho,2025-06,T2,Domingo,1,Tarde,-27.97,9.32,9.32,Com Promocao,True,13
33129,2025-07-16,20,Pote,Nao Informado,3,,Nao Informado,PB,Loja Física,False,CLI3275,2025-07-16,1900-01-01 20:30:00,20:30,True,True,False,False,False,True,True,False,False,False,False,False,False,valor_total_nulo,False,False,2025,7,Julho,2025-07,T3,Quarta,16,Noite,,,,Sem Promocao,True,8
33210,2025-08-08,20,Sundae,Nao Informado,4,,Nao Informado,DF,Loja Física,False,CLI5080,2025-08-08,1900-01-01 20:30:00,20:30,True,True,False,False,False,True,True,False,False,False,False,False,False,valor_total_nulo,False,False,2025,8,Agosto,2025-08,T3,Sexta,8,Noite,,,,Sem Promocao,True,10
33242,2025-03-21,10,Casquinha,Açaí,-1,-9.4,Mendonça,MA,Loja Física,False,CLI7405,2025-03-21,1900-01-01 10:15:00,10:15,False,False,False,False,True,False,True,False,False,False,False,False,False,quantidade_nao_positiva_ou_nula;valor_total_nao_positivo,False,False,2025,3,Marco,2025-03,T1,Sexta,21,Manha,-9.4,9.4,9.4,Sem Promocao,True,5
33257,2025-07-08,21,Pote,Chocolate,0,0.0,Costa De Da Luz,MA,App,False,CLI5129,2025-07-08,1900-01-01 21:45:00,21:45,False,False,False,False,True,False,True,False,False,False,False,False,False,quantidade_nao_positiva_ou_nula;valor_total_nao_positivo,False,False,2025,7,Julho,2025-07,T3,Terca,8,Noite,0.0,,,Sem Promocao,True,7
33342,2025-06-30,16,Casquinha,Nao Informado,4,,Nao Informado,RR,Parceiro,True,CLI6157,2025-06-30,1900-01-01 16:30:00,16:30,True,True,False,False,False,True,True,False,False,False,False,False,False,valor_total_nulo,False,False,2025,6,Junho,2025-06,T2,Segunda,30,Tarde,,,,Com Promocao,True,9
33344,2025-05-18,13,Picolé,Limão,0,0.0,Da Conceição Da Praia,MT,App,False,CLI4385,2025-05-18,1900-01-01 13:45:00,13:45,False,False,False,False,True,False,True,False,False,False,False,False,False,quantidade_nao_positiva_ou_nula;valor_total_nao_positivo,False,False,2025,5,Maio,2025-05,T2,Domingo,18,Tarde,0.0,,,Sem Promocao,True,6
33370,2025-06-03,19,Sundae,Morango,0,0.0,Correia De Pinto,PR,Parceiro,False,CLI3573,2025-06-03,1900-01-01 19:00:00,19:00,False,False,False,False,True,False,True,False,False,False,False,False,False,quantidade_nao_positiva_ou_nula;valor_total_nao_positivo,False,False,2025,6,Junho,2025-06,T2,Terca,3,Noite,0.0,,,Sem Promocao,True,5
33390,2025-08-01,21,Casquinha,Menta,-1,-10.66,Cavalcanti,RN,Parceiro,False,CLI4863,2025-08-01,1900-01-01 21:15:00,21:15,False,False,False,False,True,False,True,False,False,False,False,False,False,quantidade_nao_positiva_ou_nula;valor_total_nao_positivo,False,False,2025,8,Agosto,2025-08,T3,Sexta,1,Noite,-10.66,10.66,10.66,Sem Promocao,True,4
33446,2025-04-27,11,Milkshake,Baunilha,0,0.0,Sousa,DF,App,True,CLI1160,2025-04-27,1900-01-01 11:45:00,11:45,False,False,False,False,True,False,True,False,False,False,False,False,False,quantidade_nao_positiva_ou_nula;valor_total_nao_positivo,False,False,2025,4,Abril,2025-04,T2,Domingo,27,Manha,0.0,,,Com Promocao,True,10
33467,2025-06-02,12,Sundae,Nao Informado,4,,Nao Informado,SC,Parceiro,False,CLI6071,2025-06-02,1900-01-01 12:00:00,12:00,True,True,False,False,False,True,True,False,False,False,False,False,False,valor_total_nulo,False,False,2025,6,Junho,2025-06,T2,Segunda,2,Tarde,,,,Sem Promocao,True,9
33471,2025-03-19,17,Pote,Baunilha,-1,-11.92,Abreu,GO,Loja Física,False,CLI6701,2025-03-19,1900-01-01 17:15:00,17:15,False,False,False,False,True,False,True,False,False,False,False,False,False,quantidade_nao_positiva_ou_nula;valor_total_nao_positivo,False,False,2025,3,Marco,2025-03,T1,Quarta,19,Tarde,-11.92,11.92,11.92,Sem Promocao,True,6
33522,2025-05-27,16,Milkshake,Nao Informado,4,,Nao Informado,PI,Loja Física,False,CLI7816,2025-05-27,1900-01-01 16:45:00,16:45,True,True,False,False,False,True,True,False,False,False,False,False,False,valor_total_nulo,False,False,2025,5,Maio,2025-05,T2,Terca,27,Tarde,,,,Sem Promocao,True,8
33553,2025-03-02,21,Casquinha,Caramelo,-3,-18.27,Andrade Verde,SC,App,True,CLI2570,2025-03-02,1900-01-01 21:30:00,21:30,False,False,False,False,True,False,True,False,False,False,False,False,False,quantidade_nao_positiva_ou_nula;valor_total_nao_positivo,False,False,2025,3,Marco,2025-03,T1,Domingo,2,Noite,-18.27,6.09,6.09,Com Promocao,True,9
33590,2025-05-20,9,Milkshake,Morango,-2,-25.08,Machado,DF,Parceiro,False,CLI5342,2025-05-20,1900-01-01 09:45:00,09:45,False,False,False,False,True,False,True,False,False,False,False,False,False,quantidade_nao_positiva_ou_nula;valor_total_nao_positivo,False,True,2025,5,Maio,2025-05,T2,Terca,20,Manha,-25.08,12.54,12.54,Sem Promocao,True,5
33598,2025-05-02,12,Milkshake,Cookies,0,0.0,Fogaça Dos Dourados,CE,Parceiro,True,CLI4583,2025-05-02,1900-01-01 12:30:00,12:30,False,False,False,False,True,False,True,False,False,False,False,False,False,quantidade_nao_positiva_ou_nula;valor_total_nao_positivo,False,False,2025,5,Maio,2025-05,T2,Sexta,2,Tarde,0.0,,,Com Promocao,True,6
33656,2025-07-06,16,Picolé,Nao Informado,5,,Nao Informado,PI,Parceiro,False,CLI4120,2025-07-06,1900-01-01 16:30:00,16:30,True,True,False,False,False,True,True,False,False,False,False,False,False,valor_total_nulo,False,False,2025,7,Julho,2025-07,T3,Domingo,6,Tarde,,,,Sem Promocao,True,8
33684,2025-05-06,15,Casquinha,Nao Informado,1,,Nao Informado,MG,App,True,CLI6559,2025-05-06,1900-01-01 15:45:00,15:45,True,True,False,False,False,True,True,False,False,False,False,False,False,valor_total_nulo,False,False,2025,5,Maio,2025-05,T2,Terca,6,Tarde,,,,Com Promocao,True,4
33694,2025-03-18,9,Casquinha,Açaí,0,0.0,Monteiro,CE,App,False,CLI5464,2025-03-18,1900-01-01 09:15:00,09:15,False,False,False,False,True,False,True,False,False,False,False,False,False,quantidade_nao_positiva_ou_nula;valor_total_nao_positivo,False,False,2025,3,Marco,2025-03,T1,Terca,18,Manha,0.0,,,Sem Promocao,True,3
33717,2025-07-28,21,Sundae,Baunilha,-1,-8.84,Abreu Do Campo,PI,Loja Física,False,CLI3887,2025-07-28,1900-01-01 21:30:00,21:30,False,False,False,False,True,False,True,False,False,False,False,False,False,quantidade_nao_positiva_ou_nula;valor_total_nao_positivo,False,False,2025,7,Julho,2025-07,T3,Segunda,28,Noite,-8.84,8.84,8.84,Sem Promocao,True,6
33756,2025-03-12,17,Pote,Limão,0,0.0,Ramos,TO,Parceiro,False,CLI6258,2025-03-12,1900-01-01 17:00:00,17:00,False,False,False,False,True,False,True,False,False,False,False,False,False,quantidade_nao_positiva_ou_nula;valor_total_nao_positivo,False,False,2025,3,Marco,2025-03,T1,Quarta,12,Tarde,0.0,,,Sem Promocao,True,3
33883,2025-03-02,16,Pote,Nao Informado,2,,Nao Informado,RS,Loja Física,False,CLI2946,2025-03-02,1900-01-01 16:15:00,16:15,True,True,False,False,False,True,True,False,False,False,False,False,False,valor_total_nulo,False,False,2025,3,Marco,2025-03,T1,Domingo,2,Tarde,,,,Sem Promocao,True,5
33902,2025-03-23,15,Pote,Nao Informado,1,,Nao Informado,MG,Loja Física,True,CLI1792,2025-03-23,1900-01-01 15:30:00,15:30,True,True,False,False,False,True,True,False,False,False,False,False,False,valor_total_nulo,False,False,2025,3,Marco,2025-03,T1,Domingo,23,Tarde,,,,Com Promocao,True,6
33917,2025-04-29,22,Casquinha,Nao Informado,4,,Nao Informado,PA,Parceiro,False,CLI9514,2025-04-29,1900-01-01 22:30:00,22:30,True,True,False,False,False,True,True,False,False,False,False,False,False,valor_total_nulo,False,False,2025,4,Abril,2025-04,T2,Terca,29,Noite,,,,Sem Promocao,True,7
33950,2025-06-08,10,Sundae,Caramelo,-2,-12.18,Lima Alegre,RJ,App,True,CLI2522,2025-06-08,1900-01-01 10:45:00,10:45,False,False,False,False,True,False,True,False,False,False,False,False,False,quantidade_nao_positiva_ou_nula;valor_total_nao_positivo,False,False,2025,6,Junho,2025-06,T2,Domingo,8,Manha,-12.18,6.09,6.09,Com Promocao,True,8
33959,2025-05-28,22,Milkshake,Limão,-2,-15.69,Guerra,SP,Loja Física,True,CLI2302,2025-05-28,1900-01-01 22:30:00,22:30,False,False,False,False,True,False,True,False,False,False,False,False,False,quantidade_nao_positiva_ou_nula;valor_total_nao_positivo,False,False,2025,5,Maio,2025-05,T2,Quarta,28,Noite,-15.69,7.84,7.84,Com Promocao,True,6
33963,2025-06-18,10,Pote,Baunilha,-3,-40.14,Pires Verde,MG,Loja Física,False,CLI7717,2025-06-18,1900-01-01 10:45:00,10:45,False,False,False,False,True,False,True,False,False,False,False,False,False,quantidade_nao_positiva_ou_nula;valor_total_nao_positivo,False,True,2025,6,Junho,2025-06,T2,Quarta,18,Manha,-40.14,13.38,13.38,Sem Promocao,True,3
33973,2025-05-31,21,Picolé,Açaí,-1,-12.38,Montenegro,RR,Parceiro,False,CLI6698,2025-05-31,1900-01-01 21:30:00,21:30,False,False,False,False,True,False,True,False,False,False,False,False,False,quantidade_nao_positiva_ou_nula;valor_total_nao_positivo,False,False,2025,5,Maio,2025-05,T2,Sabado,31,Noite,-12.38,12.38,12.38,Sem Promocao,True,4
33988,2025-07-15,12,Milkshake,Nao Informado,5,,Nao Informado,RS,Loja Física,True,CLI3380,2025-07-15,1900-01-01 12:30:00,12:30,True,True,False,False,False,True,True,False,False,False,False,False,False,valor_total_nulo,False,False,2025,7,Julho,2025-07,T3,Terca,15,Tarde,,,,Com Promocao,True,6
34045,2025-04-11,18,Casquinha,Cookies,-1,-5.77,Silveira,ES,Parceiro,False,CLI9244,2025-04-11,1900-01-01 18:45:00,18:45,False,False,False,False,True,False,True,False,False,False,False,False,False,quantidade_nao_positiva_ou_nula;valor_total_nao_positivo,False,False,2025,4,Abril,2025-04,T2,Sexta,11,Noite,-5.77,5.77,5.77,Sem Promocao,True,9
34064,2025-03-10,8,Sundae,Baunilha,-4,-58.28,Vieira Da Serra,AL,App,False,CLI7304,2025-03-10,1900-01-01 08:45:00,08:45,False,False,False,False,True,False,True,False,False,False,False,False,False,quantidade_nao_positiva_ou_nula;valor_total_nao_positivo,False,True,2025,3,Marco,2025-03,T1,Segunda,10,Manha,-58.28,14.57,14.57,Sem Promocao,True,3
34130,2025-05-28,20,Picolé,Cookies,-1,-9.92,Teixeira,MA,Loja Física,True,CLI2944,2025-05-28,1900-01-01 20:15:00,20:15,False,False,False,False,True,False,True,False,False,False,False,False,False,quantidade_nao_positiva_ou_nula;valor_total_nao_positivo,False,False,2025,5,Maio,2025-05,T2,Quarta,28,Noite,-9.92,9.92,9.92,Com Promocao,True,4
34211,2025-05-13,21,Milkshake,Chocolate,0,0.0,Macedo,ES,Loja Física,True,CLI8784,2025-05-13,1900-01-01 21:00:00,21:00,False,False,False,False,True,False,True,False,False,False,False,False,False,quantidade_nao_positiva_ou_nula;valor_total_nao_positivo,False,False,2025,5,Maio,2025-05,T2,Terca,13,Noite,0.0,,,Com Promocao,True,5
34319,2025-08-21,16,Casquinha,Baunilha,-2,-16.59,Da Cunha,CE,Parceiro,True,CLI2784,2025-08-21,1900-01-01 16:15:00,16:15,False,False,False,False,True,False,True,False,False,False,False,False,False,quantidade_nao_positiva_ou_nula;valor_total_nao_positivo,False,False,2025,8,Agosto,2025-08,T3,Quinta,21,Tarde,-16.59,8.3,8.3,Com Promocao,True,5
34389,2025-08-02,16,Milkshake,Nao Informado,4,,Nao Informado,SC,Loja Física,True,CLI9249,2025-08-02,1900-01-01 16:45:00,16:45,True,True,False,False,False,True,True,False,False,False,False,False,False,valor_total_nulo,False,False,2025,8,Agosto,2025-08,T3,Sabado,2,Tarde,,,,Com Promocao,True,5
34443,2025-04-01,14,Sundae,Menta,-1,-10.49,Jesus Do Norte,PR,App,False,CLI6269,2025-04-01,1900-01-01 14:30:00,14:30,False,False,False,False,True,False,True,False,False,False,False,False,False,quantidade_nao_positiva_ou_nula;valor_total_nao_positivo,False,False,2025,4,Abril,2025-04,T2,Terca,1,Tarde,-10.49,10.49,10.49,Sem Promocao,True,8
34556,2025-08-14,20,Picolé,Nao Informado,5,,Nao Informado,GO,Loja Física,True,CLI9834,2025-08-14,1900-01-01 20:15:00,20:15,True,True,False,False,False,True,True,False,False,False,False,False,False,valor_total_nulo,False,False,2025,8,Agosto,2025-08,T3,Quinta,14,Noite,,,,Com Promocao,True,4
34663,2025-07-29,16,Sundae,Morango,0,0.0,Ferreira,RJ,Parceiro,True,CLI3660,2025-07-29,1900-01-01 16:30:00,16:30,False,False,False,False,True,False,True,False,False,False,False,False,False,quantidade_nao_positiva_ou_nula;valor_total_nao_positivo,False,False,2025,7,Julho,2025-07,T3,Terca,29,Tarde,0.0,,,Com Promocao,True,3
34671,2025-06-30,11,Milkshake,Limão,-1,-14.27,Araújo,BA,Parceiro,False,CLI8550,2025-06-30,1900-01-01 11:00:00,11:00,False,False,False,False,True,False,True,False,False,False,False,False,False,quantidade_nao_positiva_ou_nula;valor_total_nao_positivo,False,False,2025,6,Junho,2025-06,T2,Segunda,30,Manha,-14.27,14.27,14.27,Sem Promocao,True,12
34677,2025-03-17,14,Milkshake,Limão,-4,-36.55,Novais Do Sul,MS,App,True,CLI3893,2025-03-17,1900-01-01 14:30:00,14:30,False,False,False,False,True,False,True,False,False,False,False,False,False,quantidade_nao_positiva_ou_nula;valor_total_nao_positivo,False,True,2025,3,Marco,2025-03,T1,Segunda,17,Tarde,-36.55,9.14,9.14,Com Promocao,True,6
34703,2025-07-03,13,Milkshake,Nao Informado,1,,Nao Informado,GO,Loja Física,True,CLI7728,2025-07-03,1900-01-01 13:30:00,13:30,True,True,False,False,False,True,True,False,False,False,False,False,False,valor_total_nulo,False,False,2025,7,Julho,2025-07,T3,Quinta,3,Tarde,,,,Com Promocao,True,6
34713,2025-06-07,12,Pote,Nao Informado,4,,Nao Informado,CE,Parceiro,True,CLI6329,2025-06-07,1900-01-01 12:30:00,12:30,True,True,False,False,False,True,True,False,False,False,False,False,False,valor_total_nulo,False,False,2025,6,Junho,2025-06,T2,Sabado,7,Tarde,,,,Com Promocao,True,7
34745,2025-08-04,19,Picolé,Açaí,-2,-29.58,Leão Verde,ES,Parceiro,False,CLI9552,2025-08-04,1900-01-01 19:00:00,19:00,False,False,False,False,True,False,True,False,False,False,False,False,False,quantidade_nao_positiva_ou_nula;valor_total_nao_positivo,False,True,2025,8,Agosto,2025-08,T3,Segunda,4,Noite,-29.58,14.79,14.79,Sem Promocao,True,4
34752,2025-05-08,22,Picolé,Nao Informado,1,,Nao Informado,MG,Parceiro,False,CLI1712,2025-05-08,1900-01-01 22:45:00,22:45,True,True,False,False,False,True,True,False,False,False,False,False,False,valor_total_nulo,False,False,2025,5,Maio,2025-05,T2,Quinta,8,Noite,,,,Sem Promocao,True,9
34829,2025-03-12,13,Pote,Limão,-3,-18.18,Lopes,MA,App,False,CLI7408,2025-03-12,1900-01-01 13:15:00,13:15,False,False,False,False,True,False,True,False,False,False,False,False,False,quantidade_nao_positiva_ou_nula;valor_total_nao_positivo,False,False,2025,3,Marco,2025-03,T1,Quarta,12,Tarde,-18.18,6.06,6.06,Sem Promocao,True,9
34862,2025-06-12,9,Casquinha,Baunilha,0,0.0,Santos,MG,App,True,CLI7754,2025-06-12,1900-01-01 09:30:00,09:30,False,False,False,False,True,False,True,False,False,False,False,False,False,quantidade_nao_positiva_ou_nula;valor_total_nao_positivo,False,False,2025,6,Junho,2025-06,T2,Quinta,12,Manha,0.0,,,Com Promocao,True,9
34864,2025-04-26,20,Milkshake,Açaí,-1,-7.28,Oliveira Paulista,SC,App,True,CLI6156,2025-04-26,1900-01-01 20:00:00,20:00,False,False,False,False,True,False,True,False,False,False,False,False,False,quantidade_nao_positiva_ou_nula;valor_total_nao_positivo,False,False,2025,4,Abril,2025-04,T2,Sabado,26,Noite,-7.28,7.28,7.28,Com Promocao,True,6
34929,2025-04-11,19,Sundae,Morango,-4,-20.14,Pereira De Das Neves,MT,Parceiro,True,CLI6678,2025-04-11,1900-01-01 19:30:00,19:30,False,False,False,False,True,False,True,False,False,False,False,False,False,quantidade_nao_positiva_ou_nula;valor_total_nao_positivo,False,False,2025,4,Abril,2025-04,T2,Sexta,11,Noite,-20.14,5.04,5.04,Com Promocao,True,9
35018,2025-06-11,8,Milkshake,Caramelo,-1,-9.66,Das Neves Paulista,GO,Parceiro,True,CLI2181,2025-06-11,1900-01-01 08:45:00,08:45,False,False,False,False,True,False,True,False,False,False,False,False,False,quantidade_nao_positiva_ou_nula;valor_total_nao_positivo,False,False,2025,6,Junho,2025-06,T2,Quarta,11,Manha,-9.66,9.66,9.66,Com Promocao,True,6
35026,2025-04-21,12,Picolé,Nao Informado,2,,Nao Informado,PB,App,True,CLI5158,2025-04-21,1900-01-01 12:15:00,12:15,True,True,False,False,False,True,True,False,False,False,False,False,False,valor_total_nulo,False,False,2025,4,Abril,2025-04,T2,Segunda,21,Tarde,,,,Com Promocao,True,7
35046,2025-07-05,9,Picolé,Menta,-1,-14.73,Campos,RR,App,False,CLI7887,2025-07-05,1900-01-01 09:45:00,09:45,False,False,False,False,True,False,True,False,False,False,False,False,False,quantidade_nao_positiva_ou_nula;valor_total_nao_positivo,False,False,2025,7,Julho,2025-07,T3,Sabado,5,Manha,-14.73,14.73,14.73,Sem Promocao,True,6
35049,2025-02-28,16,Sundae,Nao Informado,5,,Nao Informado,AP,Loja Física,True,CLI4068,2025-02-28,1900-01-01 16:15:00,16:15,True,True,False,False,False,True,True,False,False,False,False,False,False,valor_total_nulo,False,False,2025,2,Fevereiro,2025-02,T1,Sexta,28,Tarde,,,,Com Promocao,True,4
35057,2025-08-15,11,Pote,Limão,-1,-6.83,Cassiano Da Mata,MG,Parceiro,False,CLI7273,2025-08-15,1900-01-01 11:00:00,11:00,False,False,False,False,True,False,True,False,False,False,False,False,False,quantidade_nao_positiva_ou_nula;valor_total_nao_positivo,False,False,2025,8,Agosto,2025-08,T3,Sexta,15,Manha,-6.83,6.83,6.83,Sem Promocao,True,9
35068,2025-03-28,16,Casquinha,Baunilha,0,0.0,Azevedo Paulista,AM,Parceiro,True,CLI3779,2025-03-28,1900-01-01 16:00:00,16:00,False,False,False,False,True,False,True,False,False,False,False,False,False,quantidade_nao_positiva_ou_nula;valor_total_nao_positivo,False,False,2025,3,Marco,2025-03,T1,Sexta,28,Tarde,0.0,,,Com Promocao,True,7
35101,2025-02-22,19,Pote,Menta,-1,-6.87,Pires,RJ,Loja Física,False,CLI6552,2025-02-22,1900-01-01 19:45:00,19:45,False,False,False,False,True,False,True,False,False,False,False,False,False,quantidade_nao_positiva_ou_nula;valor_total_nao_positivo,False,False,2025,2,Fevereiro,2025-02,T1,Sabado,22,Noite,-6.87,6.87,6.87,Sem Promocao,True,8
35103,2025-03-05,20,Sundae,Cookies,0,0.0,Dias Grande,SC,Parceiro,True,CLI1354,2025-03-05,1900-01-01 20:00:00,20:00,False,False,False,False,True,False,True,False,False,False,False,False,False,quantidade_nao_positiva_ou_nula;valor_total_nao_positivo,False,False,2025,3,Marco,2025-03,T1,Quarta,5,Noite,0.0,,,Com Promocao,True,2
35120,2025-04-11,21,Sundae,Nao Informado,5,,Nao Informado,RN,Loja Física,False,CLI7635,2025-04-11,1900-01-01 21:30:00,21:30,True,True,False,False,False,True,True,False,False,False,False,False,False,valor_total_nulo,False,False,2025,4,Abril,2025-04,T2,Sexta,11,Noite,,,,Sem Promocao,True,5
35126,2025-05-17,22,Pote,Nao Informado,2,,Nao Informado,PR,Loja Física,True,CLI9843,2025-05-17,1900-01-01 22:30:00,22:30,True,True,False,False,False,True,True,False,False,False,False,False,False,valor_total_nulo,False,False,2025,5,Maio,2025-05,T2,Sabado,17,Noite,,,,Com Promocao,True,6
35183,2025-04-28,17,Pote,Nao Informado,3,,Nao Informado,RJ,Loja Física,True,CLI1000,2025-04-28,1900-01-01 17:00:00,17:00,True,True,False,False,False,True,True,False,False,False,False,False,False,valor_total_nulo,False,False,2025,4,Abril,2025-04,T2,Segunda,28,Tarde,,,,Com Promocao,True,7
35224,2025-07-23,9,Pote,Nao Informado,2,,Nao Informado,RO,App,False,CLI4761,2025-07-23,1900-01-01 09:45:00,09:45,True,True,False,False,False,True,True,False,False,False,False,False,False,valor_total_nulo,False,False,2025,7,Julho,2025-07,T3,Quarta,23,Manha,,,,Sem Promocao,True,9
35236,2025-08-13,17,Sundae,Nao Informado,1,,Nao Informado,RO,App,False,CLI8373,2025-08-13,1900-01-01 17:00:00,17:00,True,True,False,False,False,True,True,False,False,False,False,False,False,valor_total_nulo,False,False,2025,8,Agosto,2025-08,T3,Quarta,13,Tarde,,,,Sem Promocao,True,6
35256,2025-03-11,15,Pote,Cookies,0,0.0,Silva De Da Mota,TO,Loja Física,True,CLI5619,2025-03-11,1900-01-01 15:45:00,15:45,False,False,False,False,True,False,True,False,False,False,False,False,False,quantidade_nao_positiva_ou_nula;valor_total_nao_positivo,False,False,2025,3,Marco,2025-03,T1,Terca,11,Tarde,0.0,,,Com Promocao,True,5
35270,2025-04-30,20,Casquinha,Morango,0,0.0,Campos De Novais,BA,Parceiro,False,CLI5834,2025-04-30,1900-01-01 20:45:00,20:45,False,False,False,False,True,False,True,False,False,False,False,False,False,quantidade_nao_positiva_ou_nula;valor_total_nao_positivo,False,False,2025,4,Abril,2025-04,T2,Quarta,30,Noite,0.0,,,Sem Promocao,True,5
35306,2025-04-22,15,Milkshake,Baunilha,0,0.0,Câmara,AC,Parceiro,False,CLI8999,2025-04-22,1900-01-01 15:45:00,15:45,False,False,False,False,True,False,True,False,False,False,False,False,False,quantidade_nao_positiva_ou_nula;valor_total_nao_positivo,False,False,2025,4,Abril,2025-04,T2,Terca,22,Tarde,0.0,,,Sem Promocao,True,8
35311,2025-06-02,14,Pote,Açaí,0,0.0,Silva Do Galho,AP,Loja Física,False,CLI4296,2025-06-02,1900-01-01 14:45:00,14:45,False,False,False,False,True,False,True,False,False,False,False,False,False,quantidade_nao_positiva_ou_nula;valor_total_nao_positivo,False,False,2025,6,Junho,2025-06,T2,Segunda,2,Tarde,0.0,,,Sem Promocao,True,5
35408,2025-02-20,18,Casquinha,Nao Informado,4,,Nao Informado,SE,Loja Física,False,CLI4532,2025-02-20,1900-01-01 18:15:00,18:15,True,True,False,False,False,True,True,False,False,False,False,False,False,valor_total_nulo,False,False,2025,2,Fevereiro,2025-02,T1,Quinta,20,Noite,,,,Sem Promocao,True,11
35428,2025-08-06,11,Casquinha,Nao Informado,3,,Nao Informado,PA,Loja Física,True,CLI2168,2025-08-06,1900-01-01 11:15:00,11:15,True,True,False,False,False,True,True,False,False,False,False,False,False,valor_total_nulo,False,False,2025,8,Agosto,2025-08,T3,Quarta,6,Manha,,,,Com Promocao,True,8
35442,2025-03-12,8,Picolé,Limão,-1,-5.85,Gomes,SE,Parceiro,True,CLI5428,2025-03-12,1900-01-01 08:15:00,08:15,False,False,False,False,True,False,True,False,False,False,False,False,False,quantidade_nao_positiva_ou_nula;valor_total_nao_positivo,False,False,2025,3,Marco,2025-03,T1,Quarta,12,Manha,-5.85,5.85,5.85,Com Promocao,True,8
35459,2025-08-09,21,Sundae,Caramelo,-1,-12.08,Nogueira Verde,CE,Loja Física,False,CLI3985,2025-08-09,1900-01-01 21:30:00,21:30,False,False,False,False,True,False,True,False,False,False,False,False,False,quantidade_nao_positiva_ou_nula;valor_total_nao_positivo,False,False,2025,8,Agosto,2025-08,T3,Sabado,9,Noite,-12.08,12.08,12.08,Sem Promocao,True,8
35464,2025-08-14,9,Milkshake,Cookies,-4,-45.8,Aparecida,RN,App,False,CLI5607,2025-08-14,1900-01-01 09:00:00,09:00,False,False,False,False,True,False,True,False,False,False,False,False,False,quantidade_nao_positiva_ou_nula;valor_total_nao_positivo,False,True,2025,8,Agosto,2025-08,T3,Quinta,14,Manha,-45.8,11.45,11.45,Sem Promocao,True,5
35504,2025-04-29,22,Sundae,Limão,-2,-10.36,Pereira De Souza,MS,Parceiro,False,CLI2425,2025-04-29,1900-01-01 22:00:00,22:00,False,False,False,False,True,False,True,False,False,False,False,False,False,quantidade_nao_positiva_ou_nula;valor_total_nao_positivo,False,False,2025,4,Abril,2025-04,T2,Terca,29,Noite,-10.36,5.18,5.18,Sem Promocao,True,8
35509,2025-05-16,14,Sundae,Açaí,-3,-27.3,Cirino,AP,App,False,CLI2498,2025-05-16,1900-01-01 14:00:00,14:00,False,False,False,False,True,False,True,False,False,False,False,False,False,quantidade_nao_positiva_ou_nula;valor_total_nao_positivo,False,True,2025,5,Maio,2025-05,T2,Sexta,16,Tarde,-27.3,9.1,9.1,Sem Promocao,True,4
35548,2025-06-16,12,Milkshake,Chocolate,-3,-25.89,Souza,RS,App,False,CLI7125,2025-06-16,1900-01-01 12:00:00,12:00,False,False,False,False,True,False,True,False,False,False,False,False,False,quantidade_nao_positiva_ou_nula;valor_total_nao_positivo,False,True,2025,6,Junho,2025-06,T2,Segunda,16,Tarde,-25.89,8.63,8.63,Sem Promocao,True,4
35729,2025-03-18,8,Sundae,Açaí,-4,-53.48,Duarte De Goiás,PI,Loja Física,False,CLI1966,2025-03-18,1900-01-01 08:45:00,08:45,False,False,False,False,True,False,True,False,False,False,False,False,False,quantidade_nao_positiva_ou_nula;valor_total_nao_positivo,False,True,2025,3,Marco,2025-03,T1,Terca,18,Manha,-53.48,13.37,13.37,Sem Promocao,True,9
35749,2025-08-04,15,Sundae,Menta,-5,-61.8,Aragão De Siqueira,TO,Loja Física,False,CLI4334,2025-08-04,1900-01-01 15:30:00,15:30,False,False,False,False,True,False,True,False,False,False,False,False,False,quantidade_nao_positiva_ou_nula;valor_total_nao_positivo,False,True,2025,8,Agosto,2025-08,T3,Segunda,4,Tarde,-61.8,12.36,12.36,Sem Promocao,True,7
35763,2025-08-10,12,Sundae,Caramelo,-5,-60.65,Sá Do Galho,RS,Loja Física,False,CLI7162,2025-08-10,1900-01-01 12:15:00,12:15,False,False,False,False,True,False,True,False,False,False,False,False,False,quantidade_nao_positiva_ou_nula;valor_total_nao_positivo,False,True,2025,8,Agosto,2025-08,T3,Domingo,10,Tarde,-60.65,12.13,12.13,Sem Promocao,True,10
35825,2025-05-21,18,Milkshake,Nao Informado,1,,Nao Informado,RN,App,True,CLI5871,2025-05-21,1900-01-01 18:00:00,18:00,True,True,False,False,False,True,True,False,False,False,False,False,False,valor_total_nulo,False,False,2025,5,Maio,2025-05,T2,Quarta,21,Noite,,,,Com Promocao,True,6
35898,2025-03-03,12,Pote,Caramelo,-3,-39.33,Jesus Do Campo,RJ,Parceiro,False,CLI1288,2025-03-03,1900-01-01 12:45:00,12:45,False,False,False,False,True,False,True,False,False,False,False,False,False,quantidade_nao_positiva_ou_nula;valor_total_nao_positivo,False,True,2025,3,Marco,2025-03,T1,Segunda,3,Tarde,-39.33,13.11,13.11,Sem Promocao,True,4
35908,2025-03-05,20,Picolé,Baunilha,-1,-10.01,Alves,DF,Loja Física,True,CLI6436,2025-03-05,1900-01-01 20:00:00,20:00,False,False,False,False,True,False,True,False,False,False,False,False,False,quantidade_nao_positiva_ou_nula;valor_total_nao_positivo,False,False,2025,3,Marco,2025-03,T1,Quarta,5,Noite,-10.01,10.01,10.01,Com Promocao,True,6
35922,2025-04-17,11,Pote,Açaí,-5,-24.91,Pires,ES,Loja Física,True,CLI6976,2025-04-17,1900-01-01 11:30:00,11:30,False,False,False,False,True,False,True,False,False,False,False,False,False,quantidade_nao_positiva_ou_nula;valor_total_nao_positivo,False,True,2025,4,Abril,2025-04,T2,Quinta,17,Manha,-24.91,4.98,4.98,Com Promocao,True,6
35943,2025-04-16,8,Picolé,Nao Informado,5,,Nao Informado,SP,Loja Física,True,CLI7644,2025-04-16,1900-01-01 08:15:00,08:15,True,True,False,False,False,True,True,False,False,False,False,False,False,valor_total_nulo,False,False,2025,4,Abril,2025-04,T2,Quarta,16,Manha,,,,Com Promocao,True,11
35944,2025-04-01,21,Sundae,Nao Informado,5,,Nao Informado,RJ,Parceiro,True,CLI5009,2025-04-01,1900-01-01 21:00:00,21:00,True,True,False,False,False,True,True,False,False,False,False,False,False,valor_total_nulo,False,False,2025,4,Abril,2025-04,T2,Terca,1,Noite,,,,Com Promocao,True,7
35953,2025-07-21,12,Milkshake,Baunilha,0,0.0,Moura Da Praia,MA,Parceiro,False,CLI9797,2025-07-21,1900-01-01 12:45:00,12:45,False,False,False,False,True,False,True,False,False,False,False,False,False,quantidade_nao_positiva_ou_nula;valor_total_nao_positivo,False,False,2025,7,Julho,2025-07,T3,Segunda,21,Tarde,0.0,,,Sem Promocao,True,9
35976,2025-04-05,13,Picolé,Açaí,-1,-9.6,Pastor,RN,Loja Física,True,CLI2462,2025-04-05,1900-01-01 13:15:00,13:15,False,False,False,False,True,False,True,False,False,False,False,False,False,quantidade_nao_positiva_ou_nula;valor_total_nao_positivo,False,False,2025,4,Abril,2025-04,T2,Sabado,5,Tarde,-9.6,9.6,9.6,Com Promocao,True,5
35995,2025-06-23,11,Milkshake,Nao Informado,2,,Nao Informado,AC,Loja Física,False,CLI4315,2025-06-23,1900-01-01 11:15:00,11:15,True,True,False,False,False,True,True,False,False,False,False,False,False,valor_total_nulo,False,False,2025,6,Junho,2025-06,T2,Segunda,23,Manha,,,,Sem Promocao,True,9
36005,2025-06-29,8,Milkshake,Chocolate,0,0.0,Ferreira,PR,Loja Física,True,CLI9078,2025-06-29,1900-01-01 08:30:00,08:30,False,False,False,False,True,False,True,False,False,False,False,False,False,quantidade_nao_positiva_ou_nula;valor_total_nao_positivo,False,False,2025,6,Junho,2025-06,T2,Domingo,29,Manha,0.0,,,Com Promocao,True,9
36016,2025-02-27,22,Casquinha,Cookies,-2,-20.42,Costa Da Serra,DF,App,False,CLI2973,2025-02-27,1900-01-01 22:45:00,22:45,False,False,False,False,True,False,True,False,False,False,False,False,False,quantidade_nao_positiva_ou_nula;valor_total_nao_positivo,False,False,2025,2,Fevereiro,2025-02,T1,Quinta,27,Noite,-20.42,10.21,10.21,Sem Promocao,True,5
36094,2025-05-19,13,Casquinha,Baunilha,0,0.0,Moura Das Pedras,AP,Parceiro,False,CLI1596,2025-05-19,1900-01-01 13:30:00,13:30,False,False,False,False,True,False,True,False,False,False,False,False,False,quantidade_nao_positiva_ou_nula;valor_total_nao_positivo,False,False,2025,5,Maio,2025-05,T2,Segunda,19,Tarde,0.0,,,Sem Promocao,True,7
36102,2025-02-20,19,Picolé,Limão,-1,-5.7,Vieira Das Pedras,ES,Parceiro,False,CLI3867,2025-02-20,1900-01-01 19:15:00,19:15,False,False,False,False,True,False,True,False,False,False,False,False,False,quantidade_nao_positiva_ou_nula;valor_total_nao_positivo,False,False,2025,2,Fevereiro,2025-02,T1,Quinta,20,Noite,-5.7,5.7,5.7,Sem Promocao,True,6
36257,2025-03-03,8,Picolé,Nao Informado,3,,Nao Informado,RJ,App,False,CLI1682,2025-03-03,1900-01-01 08:00:00,08:00,True,True,False,False,False,True,True,False,False,False,False,False,False,valor_total_nulo,False,False,2025,3,Marco,2025-03,T1,Segunda,3,Manha,,,,Sem Promocao,True,7
36277,2025-04-10,16,Picolé,Nao Informado,4,,Nao Informado,DF,App,True,CLI9699,2025-04-10,1900-01-01 16:30:00,16:30,True,True,False,False,False,True,True,False,False,False,False,False,False,valor_total_nulo,False,False,2025,4,Abril,2025-04,T2,Quinta,10,Tarde,,,,Com Promocao,True,8
36329,2025-06-05,17,Milkshake,Morango,-1,-14.45,Leão,MS,App,False,CLI1730,2025-06-05,1900-01-01 17:30:00,17:30,False,False,False,False,True,False,True,False,False,False,False,False,False,quantidade_nao_positiva_ou_nula;valor_total_nao_positivo,False,False,2025,6,Junho,2025-06,T2,Quinta,5,Tarde,-14.45,14.45,14.45,Sem Promocao,True,6
36342,2025-08-09,10,Picolé,Nao Informado,2,,Nao Informado,PR,Parceiro,False,CLI5833,2025-08-09,1900-01-01 10:30:00,10:30,True,True,False,False,False,True,True,False,False,False,False,False,False,valor_total_nulo,False,False,2025,8,Agosto,2025-08,T3,Sabado,9,Manha,,,,Sem Promocao,True,4
36357,2025-04-01,21,Sundae,Caramelo,-5,-31.51,Nogueira Da Serra,SP,Parceiro,True,CLI4269,2025-04-01,1900-01-01 21:15:00,21:15,False,False,False,False,True,False,True,False,False,False,False,False,False,quantidade_nao_positiva_ou_nula;valor_total_nao_positivo,False,True,2025,4,Abril,2025-04,T2,Terca,1,Noite,-31.51,6.3,6.3,Com Promocao,True,6
36427,2025-03-18,9,Casquinha,Nao Informado,1,,Nao Informado,PE,App,True,CLI7568,2025-03-18,1900-01-01 09:45:00,09:45,True,True,False,False,False,True,True,False,False,False,False,False,False,valor_total_nulo,False,False,2025,3,Marco,2025-03,T1,Terca,18,Manha,,,,Com Promocao,True,5
36432,2025-04-06,12,Casquinha,Limão,-3,-40.29,Borges,PE,App,False,CLI4628,2025-04-06,1900-01-01 12:15:00,12:15,False,False,False,False,True,False,True,False,False,False,False,False,False,quantidade_nao_positiva_ou_nula;valor_total_nao_positivo,False,True,2025,4,Abril,2025-04,T2,Domingo,6,Tarde,-40.29,13.43,13.43,Sem Promocao,True,6
36452,2025-03-23,22,Pote,Nao Informado,3,,Nao Informado,MS,Parceiro,False,CLI7024,2025-03-23,1900-01-01 22:30:00,22:30,True,True,False,False,False,True,True,False,False,False,False,False,False,valor_total_nulo,False,False,2025,3,Marco,2025-03,T1,Domingo,23,Noite,,,,Sem Promocao,True,6
36454,2025-05-10,11,Milkshake,Nao Informado,3,,Nao Informado,MT,Loja Física,False,CLI2660,2025-05-10,1900-01-01 11:00:00,11:00,True,True,False,False,False,True,True,False,False,False,False,False,False,valor_total_nulo,False,False,2025,5,Maio,2025-05,T2,Sabado,10,Manha,,,,Sem Promocao,True,8
36467,2025-04-27,16,Pote,Chocolate,0,0.0,Sá De Garcia,ES,Loja Física,False,CLI8813,2025-04-27,1900-01-01 16:30:00,16:30,False,False,False,False,True,False,True,False,False,False,False,False,False,quantidade_nao_positiva_ou_nula;valor_total_nao_positivo,False,False,2025,4,Abril,2025-04,T2,Domingo,27,Tarde,0.0,,,Sem Promocao,True,6
36535,2025-08-08,16,Casquinha,Baunilha,-3,-39.24,Albuquerque Do Campo,PE,Loja Física,False,CLI8744,2025-08-08,1900-01-01 16:30:00,16:30,False,False,False,False,True,False,True,False,False,False,False,False,False,quantidade_nao_positiva_ou_nula;valor_total_nao_positivo,False,True,2025,8,Agosto,2025-08,T3,Sexta,8,Tarde,-39.24,13.08,13.08,Sem Promocao,True,13
36538,2025-06-30,9,Milkshake,Chocolate,-1,-9.63,Campos,MT,App,True,CLI4313,2025-06-30,1900-01-01 09:15:00,09:15,False,False,False,False,True,False,True,False,False,False,False,False,False,quantidade_nao_positiva_ou_nula;valor_total_nao_positivo,False,False,2025,6,Junho,2025-06,T2,Segunda,30,Manha,-9.63,9.63,9.63,Com Promocao,True,12
36613,2025-04-26,20,Casquinha,Menta,-1,-8.54,Da Paz,ES,Loja Física,True,CLI1626,2025-04-26,1900-01-01 20:00:00,20:00,False,False,False,False,True,False,True,False,False,False,False,False,False,quantidade_nao_positiva_ou_nula;valor_total_nao_positivo,False,False,2025,4,Abril,2025-04,T2,Sabado,26,Noite,-8.54,8.54,8.54,Com Promocao,True,8
36661,2025-05-04,20,Sundae,Limão,-3,-20.19,Rios Grande,RO,Parceiro,True,CLI9996,2025-05-04,1900-01-01 20:30:00,20:30,False,False,False,False,True,False,True,False,False,False,False,False,False,quantidade_nao_positiva_ou_nula;valor_total_nao_positivo,False,False,2025,5,Maio,2025-05,T2,Domingo,4,Noite,-20.19,6.73,6.73,Com Promocao,True,6
36666,2025-05-09,12,Casquinha,Nao Informado,5,,Nao Informado,CE,Loja Física,False,CLI7917,2025-05-09,1900-01-01 12:30:00,12:30,True,True,False,False,False,True,True,False,False,False,False,False,False,valor_total_nulo,False,False,2025,5,Maio,2025-05,T2,Sexta,9,Tarde,,,,Sem Promocao,True,5
36695,2025-08-16,14,Picolé,Açaí,-3,-37.06,Sales De Goiás,RO,App,True,CLI2811,2025-08-16,1900-01-01 14:30:00,14:30,False,False,False,False,True,False,True,False,False,False,False,False,False,quantidade_nao_positiva_ou_nula;valor_total_nao_positivo,False,True,2025,8,Agosto,2025-08,T3,Sabado,16,Tarde,-37.06,12.35,12.35,Com Promocao,True,11
36746,2025-04-15,15,Sundae,Nao Informado,4,,Nao Informado,MS,Parceiro,False,CLI9070,2025-04-15,1900-01-01 15:00:00,15:00,True,True,False,False,False,True,True,False,False,False,False,False,False,valor_total_nulo,False,False,2025,4,Abril,2025-04,T2,Terca,15,Tarde,,,,Sem Promocao,True,10
36775,2025-08-05,22,Sundae,Nao Informado,3,,Nao Informado,RR,Parceiro,True,CLI3624,2025-08-05,1900-01-01 22:30:00,22:30,True,True,False,False,False,True,True,False,False,False,False,False,False,valor_total_nulo,False,False,2025,8,Agosto,2025-08,T3,Terca,5,Noite,,,,Com Promocao,True,5
36780,2025-06-27,22,Sundae,Nao Informado,5,,Nao Informado,TO,Loja Física,False,CLI1483,2025-06-27,1900-01-01 22:45:00,22:45,True,True,False,False,False,True,True,False,False,False,False,False,False,valor_total_nulo,False,False,2025,6,Junho,2025-06,T2,Sexta,27,Noite,,,,Sem Promocao,True,8
36788,2025-08-10,14,Milkshake,Nao Informado,2,,Nao Informado,CE,Loja Física,True,CLI9249,2025-08-10,1900-01-01 14:30:00,14:30,True,True,False,False,False,True,True,False,False,False,False,False,False,valor_total_nulo,False,False,2025,8,Agosto,2025-08,T3,Domingo,10,Tarde,,,,Com Promocao,True,5
36845,2025-07-13,12,Sundae,Nao Informado,1,,Nao Informado,PA,Loja Física,True,CLI8567,2025-07-13,1900-01-01 12:30:00,12:30,True,True,False,False,False,True,True,False,False,False,False,False,False,valor_total_nulo,False,False,2025,7,Julho,2025-07,T3,Domingo,13,Tarde,,,,Com Promocao,True,8
36853,2025-03-06,8,Picolé,Nao Informado,4,,Nao Informado,SC,App,False,CLI8275,2025-03-06,1900-01-01 08:30:00,08:30,True,True,False,False,False,True,True,False,False,False,False,False,False,valor_total_nulo,False,False,2025,3,Marco,2025-03,T1,Quinta,6,Manha,,,,Sem Promocao,True,5
36854,2025-08-09,19,Casquinha,Nao Informado,5,,Nao Informado,MA,Loja Física,False,CLI4384,2025-08-09,1900-01-01 19:45:00,19:45,True,True,False,False,False,True,True,False,False,False,False,False,False,valor_total_nulo,False,False,2025,8,Agosto,2025-08,T3,Sabado,9,Noite,,,,Sem Promocao,True,6
36906,2025-04-01,18,Milkshake,Nao Informado,3,,Nao Informado,RN,Loja Física,True,CLI3769,2025-04-01,1900-01-01 18:00:00,18:00,True,True,False,False,False,True,True,False,False,False,False,False,False,valor_total_nulo,False,False,2025,4,Abril,2025-04,T2,Terca,1,Noite,,,,Com Promocao,True,10
36938,2025-08-21,12,Picolé,Chocolate,-1,-10.86,Aragão Da Prata,AL,Loja Física,True,CLI6422,2025-08-21,1900-01-01 12:30:00,12:30,False,False,False,False,True,False,True,False,False,False,False,False,False,quantidade_nao_positiva_ou_nula;valor_total_nao_positivo,False,False,2025,8,Agosto,2025-08,T3,Quinta,21,Tarde,-10.86,10.86,10.86,Com Promocao,True,4
36949,2025-02-21,14,Picolé,Chocolate,-2,-23.06,Cardoso,RN,App,False,CLI6418,2025-02-21,1900-01-01 14:30:00,14:30,False,False,False,False,True,False,True,False,False,False,False,False,False,quantidade_nao_positiva_ou_nula;valor_total_nao_positivo,False,True,2025,2,Fevereiro,2025-02,T1,Sexta,21,Tarde,-23.06,11.53,11.53,Sem Promocao,True,10
36963,2025-07-14,9,Milkshake,Nao Informado,6,,Nao Informado,TO,Parceiro,True,CLI4140,2025-07-14,1900-01-01 09:00:00,09:00,True,True,False,False,False,True,True,False,False,False,False,False,False,valor_total_nulo,False,False,2025,7,Julho,2025-07,T3,Segunda,14,Manha,,,,Com Promocao,True,10
36964,2025-05-28,22,Casquinha,Nao Informado,2,,Nao Informado,AM,Parceiro,False,CLI1105,2025-05-28,1900-01-01 22:45:00,22:45,True,True,False,False,False,True,True,False,False,False,False,False,False,valor_total_nulo,False,False,2025,5,Maio,2025-05,T2,Quarta,28,Noite,,,,Sem Promocao,True,9
37126,2025-02-23,10,Casquinha,Morango,0,0.0,Ramos,RS,Loja Física,True,CLI5951,2025-02-23,1900-01-01 10:30:00,10:30,False,False,False,False,True,False,True,False,False,False,False,False,False,quantidade_nao_positiva_ou_nula;valor_total_nao_positivo,False,False,2025,2,Fevereiro,2025-02,T1,Domingo,23,Manha,0.0,,,Com Promocao,True,3
37136,2025-04-09,19,Pote,Chocolate,-1,-12.94,Ferreira De Almeida,PB,App,False,CLI3777,2025-04-09,1900-01-01 19:45:00,19:45,False,False,False,False,True,False,True,False,False,False,False,False,False,quantidade_nao_positiva_ou_nula;valor_total_nao_positivo,False,False,2025,4,Abril,2025-04,T2,Quarta,9,Noite,-12.94,12.94,12.94,Sem Promocao,True,4
37144,2025-08-17,17,Casquinha,Nao Informado,5,,Nao Informado,AL,Loja Física,True,CLI3331,2025-08-17,1900-01-01 17:15:00,17:15,True,True,False,False,False,True,True,False,False,False,False,False,False,valor_total_nulo,False,False,2025,8,Agosto,2025-08,T3,Domingo,17,Tarde,,,,Com Promocao,True,12
37152,2025-03-15,22,Pote,Cookies,-4,-33.36,Leão De Das Neves,RJ,Parceiro,False,CLI1765,2025-03-15,1900-01-01 22:30:00,22:30,False,False,False,False,True,False,True,False,False,False,False,False,False,quantidade_nao_positiva_ou_nula;valor_total_nao_positivo,False,True,2025,3,Marco,2025-03,T1,Sabado,15,Noite,-33.36,8.34,8.34,Sem Promocao,True,3
37179,2025-03-27,13,Casquinha,Açaí,-2,-18.55,Silva De Moura,MA,App,True,CLI9252,2025-03-27,1900-01-01 13:45:00,13:45,False,False,False,False,True,False,True,False,False,False,False,False,False,quantidade_nao_positiva_ou_nula;valor_total_nao_positivo,False,False,2025,3,Marco,2025-03,T1,Quinta,27,Tarde,-18.55,9.28,9.28,Com Promocao,True,8
37189,2025-07-01,18,Casquinha,Cookies,-1,-10.54,Alves De Brito,SC,Parceiro,False,CLI8818,2025-07-01,1900-01-01 18:45:00,18:45,False,False,False,False,True,False,True,False,False,False,False,False,False,quantidade_nao_positiva_ou_nula;valor_total_nao_positivo,False,False,2025,7,Julho,2025-07,T3,Terca,1,Noite,-10.54,10.54,10.54,Sem Promocao,True,6
37208,2025-07-22,8,Casquinha,Cookies,-5,-30.83,Nunes De Rocha,MG,App,True,CLI4781,2025-07-22,1900-01-01 08:15:00,08:15,False,False,False,False,True,False,True,False,False,False,False,False,False,quantidade_nao_positiva_ou_nula;valor_total_nao_positivo,False,True,2025,7,Julho,2025-07,T3,Terca,22,Manha,-30.83,6.17,6.17,Com Promocao,True,12
37209,2025-03-17,18,Milkshake,Caramelo,-3,-30.29,Jesus Do Galho,AP,Loja Física,True,CLI4458,2025-03-17,1900-01-01 18:00:00,18:00,False,False,False,False,True,False,True,False,False,False,False,False,False,quantidade_nao_positiva_ou_nula;valor_total_nao_positivo,False,True,2025,3,Marco,2025-03,T1,Segunda,17,Noite,-30.29,10.1,10.1,Com Promocao,True,6
37255,2025-04-17,10,Milkshake,Baunilha,-1,-10.36,Pinto Do Sul,GO,App,False,CLI5680,2025-04-17,1900-01-01 10:30:00,10:30,False,False,False,False,True,False,True,False,False,False,False,False,False,quantidade_nao_positiva_ou_nula;valor_total_nao_positivo,False,False,2025,4,Abril,2025-04,T2,Quinta,17,Manha,-10.36,10.36,10.36,Sem Promocao,True,5
37261,2025-08-06,9,Milkshake,Morango,-1,-10.11,Barbosa,BA,Loja Física,True,CLI1202,2025-08-06,1900-01-01 09:45:00,09:45,False,False,False,False,True,False,True,False,False,False,False,False,False,quantidade_nao_positiva_ou_nula;valor_total_nao_positivo,False,False,2025,8,Agosto,2025-08,T3,Quarta,6,Manha,-10.11,10.11,10.11,Com Promocao,True,15
37263,2025-06-08,15,Picolé,Menta,-5,-50.99,Melo,AC,Loja Física,True,CLI6148,2025-06-08,1900-01-01 15:30:00,15:30,False,False,False,False,True,False,True,False,False,False,False,False,False,quantidade_nao_positiva_ou_nula;valor_total_nao_positivo,False,True,2025,6,Junho,2025-06,T2,Domingo,8,Tarde,-50.99,10.2,10.2,Com Promocao,True,10
37333,2025-06-08,19,Picolé,Baunilha,-1,-11.5,Rocha,PA,App,True,CLI3955,2025-06-08,1900-01-01 19:45:00,19:45,False,False,False,False,True,False,True,False,False,False,False,False,False,quantidade_nao_positiva_ou_nula;valor_total_nao_positivo,False,False,2025,6,Junho,2025-06,T2,Domingo,8,Noite,-11.5,11.5,11.5,Com Promocao,True,7
37384,2025-04-21,19,Casquinha,Morango,-5,-61.1,Da Mota Do Galho,MA,App,False,CLI2159,2025-04-21,1900-01-01 19:45:00,19:45,False,False,False,False,True,False,True,False,False,False,False,False,False,quantidade_nao_positiva_ou_nula;valor_total_nao_positivo,False,True,2025,4,Abril,2025-04,T2,Segunda,21,Noite,-61.1,12.22,12.22,Sem Promocao,True,6
37399,2025-05-19,11,Sundae,Chocolate,-1,-8.15,Araújo De Azevedo,BA,Parceiro,True,CLI9669,2025-05-19,1900-01-01 11:30:00,11:30,False,False,False,False,True,False,True,False,False,False,False,False,False,quantidade_nao_positiva_ou_nula;valor_total_nao_positivo,False,False,2025,5,Maio,2025-05,T2,Segunda,19,Manha,-8.15,8.15,8.15,Com Promocao,True,4
37404,2025-04-30,12,Milkshake,Nao Informado,5,,Nao Informado,TO,Loja Física,True,CLI7765,2025-04-30,1900-01-01 12:45:00,12:45,True,True,False,False,False,True,True,False,False,False,False,False,False,valor_total_nulo,False,False,2025,4,Abril,2025-04,T2,Quarta,30,Tarde,,,,Com Promocao,True,9
37409,2025-07-15,10,Milkshake,Nao Informado,3,,Nao Informado,PB,Parceiro,False,CLI8864,2025-07-15,1900-01-01 10:30:00,10:30,True,True,False,False,False,True,True,False,False,False,False,False,False,valor_total_nulo,False,False,2025,7,Julho,2025-07,T3,Terca,15,Manha,,,,Sem Promocao,True,5
37430,2025-06-23,21,Milkshake,Açaí,0,0.0,Da Luz,SP,Loja Física,True,CLI3154,2025-06-23,1900-01-01 21:30:00,21:30,False,False,False,False,True,False,True,False,False,False,False,False,False,quantidade_nao_positiva_ou_nula;valor_total_nao_positivo,False,False,2025,6,Junho,2025-06,T2,Segunda,23,Noite,0.0,,,Com Promocao,True,6
37434,2025-08-14,11,Picolé,Cookies,-2,-15.72,Vieira,DF,Loja Física,False,CLI2975,2025-08-14,1900-01-01 11:15:00,11:15,False,False,False,False,True,False,True,False,False,False,False,False,False,quantidade_nao_positiva_ou_nula;valor_total_nao_positivo,False,False,2025,8,Agosto,2025-08,T3,Quinta,14,Manha,-15.72,7.86,7.86,Sem Promocao,True,5
37437,2025-07-10,19,Pote,Nao Informado,1,,Nao Informado,SP,Loja Física,True,CLI4826,2025-07-10,1900-01-01 19:30:00,19:30,True,True,False,False,False,True,True,False,False,False,False,False,False,valor_total_nulo,False,False,2025,7,Julho,2025-07,T3,Quinta,10,Noite,,,,Com Promocao,True,8
37466,2025-08-11,15,Milkshake,Nao Informado,3,,Nao Informado,ES,App,False,CLI5082,2025-08-11,1900-01-01 15:15:00,15:15,True,True,False,False,False,True,True,False,False,False,False,False,False,valor_total_nulo,False,False,2025,8,Agosto,2025-08,T3,Segunda,11,Tarde,,,,Sem Promocao,True,3
37474,2025-08-12,10,Sundae,Açaí,0,0.0,Cavalcanti De Souza,AL,App,False,CLI2568,2025-08-12,1900-01-01 10:30:00,10:30,False,False,False,False,True,False,True,False,False,False,False,False,False,quantidade_nao_positiva_ou_nula;valor_total_nao_positivo,False,False,2025,8,Agosto,2025-08,T3,Terca,12,Manha,0.0,,,Sem Promocao,True,5
37489,2025-07-11,14,Milkshake,Nao Informado,5,,Nao Informado,RJ,Parceiro,False,CLI9855,2025-07-11,1900-01-01 14:30:00,14:30,True,True,False,False,False,True,True,False,False,False,False,False,False,valor_total_nulo,False,False,2025,7,Julho,2025-07,T3,Sexta,11,Tarde,,,,Sem Promocao,True,10
37508,2025-08-02,12,Casquinha,Nao Informado,3,,Nao Informado,AM,Parceiro,True,CLI6974,2025-08-02,1900-01-01 12:00:00,12:00,True,True,False,False,False,True,True,False,False,False,False,False,False,valor_total_nulo,False,False,2025,8,Agosto,2025-08,T3,Sabado,2,Tarde,,,,Com Promocao,True,5
37526,2025-02-27,10,Picolé,Nao Informado,2,,Nao Informado,CE,App,True,CLI7844,2025-02-27,1900-01-01 10:45:00,10:45,True,True,False,False,False,True,True,False,False,False,False,False,False,valor_total_nulo,False,False,2025,2,Fevereiro,2025-02,T1,Quinta,27,Manha,,,,Com Promocao,True,10
37553,2025-07-24,11,Milkshake,Chocolate,-1,-7.13,Costa Do Galho,PA,App,False,CLI8294,2025-07-24,1900-01-01 11:15:00,11:15,False,False,False,False,True,False,True,False,False,False,False,False,False,quantidade_nao_positiva_ou_nula;valor_total_nao_positivo,False,False,2025,7,Julho,2025-07,T3,Quinta,24,Manha,-7.13,7.13,7.13,Sem Promocao,True,4
37603,2025-03-20,9,Casquinha,Limão,-1,-13.57,Pacheco,CE,App,True,CLI5965,2025-03-20,1900-01-01 09:15:00,09:15,False,False,False,False,True,False,True,False,False,False,False,False,False,quantidade_nao_positiva_ou_nula;valor_total_nao_positivo,False,False,2025,3,Marco,2025-03,T1,Quinta,20,Manha,-13.57,13.57,13.57,Com Promocao,True,7
37620,2025-06-22,19,Picolé,Limão,-2,-24.69,Da Cruz Do Campo,MG,Parceiro,True,CLI5888,2025-06-22,1900-01-01 19:15:00,19:15,False,False,False,False,True,False,True,False,False,False,False,False,False,quantidade_nao_positiva_ou_nula;valor_total_nao_positivo,False,True,2025,6,Junho,2025-06,T2,Domingo,22,Noite,-24.69,12.34,12.34,Com Promocao,True,3
37633,2025-05-10,13,Picolé,Nao Informado,3,,Nao Informado,PB,Parceiro,False,CLI8354,2025-05-10,1900-01-01 13:00:00,13:00,True,True,False,False,False,True,True,False,False,False,False,False,False,valor_total_nulo,False,False,2025,5,Maio,2025-05,T2,Sabado,10,Tarde,,,,Sem Promocao,True,8
37650,2025-05-10,12,Pote,Morango,-1,-7.12,Ferreira Grande,SP,Parceiro,False,CLI9367,2025-05-10,1900-01-01 12:15:00,12:15,False,False,False,False,True,False,True,False,False,False,False,False,False,quantidade_nao_positiva_ou_nula;valor_total_nao_positivo,False,False,2025,5,Maio,2025-05,T2,Sabado,10,Tarde,-7.12,7.12,7.12,Sem Promocao,True,3
37679,2025-03-20,12,Milkshake,Limão,-4,-35.89,Peixoto,SC,App,True,CLI4141,2025-03-20,1900-01-01 12:30:00,12:30,False,False,False,False,True,False,True,False,False,False,False,False,False,quantidade_nao_positiva_ou_nula;valor_total_nao_positivo,False,True,2025,3,Marco,2025-03,T1,Quinta,20,Tarde,-35.89,8.97,8.97,Com Promocao,True,15
37684,2025-08-12,12,Casquinha,Baunilha,-1,-10.25,Nogueira Do Sul,RO,App,True,CLI6869,2025-08-12,1900-01-01 12:15:00,12:15,False,False,False,False,True,False,True,False,False,False,False,False,False,quantidade_nao_positiva_ou_nula;valor_total_nao_positivo,False,False,2025,8,Agosto,2025-08,T3,Terca,12,Tarde,-10.25,10.25,10.25,Com Promocao,True,8
37694,2025-07-31,19,Milkshake,Nao Informado,3,,Nao Informado,DF,Loja Física,True,CLI8668,2025-07-31,1900-01-01 19:00:00,19:00,True,True,False,False,False,True,True,False,False,False,False,False,False,valor_total_nulo,False,False,2025,7,Julho,2025-07,T3,Quinta,31,Noite,,,,Com Promocao,True,4
37715,2025-08-03,17,Milkshake,Açaí,-3,-15.87,Gonçalves,PA,Parceiro,False,CLI3134,2025-08-03,1900-01-01 17:00:00,17:00,False,False,False,False,True,False,True,False,False,False,False,False,False,quantidade_nao_positiva_ou_nula;valor_total_nao_positivo,False,False,2025,8,Agosto,2025-08,T3,Domingo,3,Tarde,-15.87,5.29,5.29,Sem Promocao,True,4
37748,2025-07-11,8,Sundae,Nao Informado,3,,Nao Informado,GO,App,True,CLI9879,2025-07-11,1900-01-01 08:15:00,08:15,True,True,False,False,False,True,True,False,False,False,False,False,False,valor_total_nulo,False,False,2025,7,Julho,2025-07,T3,Sexta,11,Manha,,,,Com Promocao,True,6
37770,2025-05-31,11,Picolé,Limão,0,0.0,Martins Do Campo,MT,Loja Física,True,CLI9353,2025-05-31,1900-01-01 11:00:00,11:00,False,False,False,False,True,False,True,False,False,False,False,False,False,quantidade_nao_positiva_ou_nula;valor_total_nao_positivo,False,False,2025,5,Maio,2025-05,T2,Sabado,31,Manha,0.0,,,Com Promocao,True,5
37782,2025-04-27,10,Pote,Caramelo,0,0.0,Lopes,SE,App,False,CLI7652,2025-04-27,1900-01-01 10:15:00,10:15,False,False,False,False,True,False,True,False,False,False,False,False,False,quantidade_nao_positiva_ou_nula;valor_total_nao_positivo,False,False,2025,4,Abril,2025-04,T2,Domingo,27,Manha,0.0,,,Sem Promocao,True,4
37846,2025-07-31,18,Picolé,Morango,0,0.0,Sousa Verde,ES,App,False,CLI8881,2025-07-31,1900-01-01 18:30:00,18:30,False,False,False,False,True,False,True,False,False,False,False,False,False,quantidade_nao_positiva_ou_nula;valor_total_nao_positivo,False,False,2025,7,Julho,2025-07,T3,Quinta,31,Noite,0.0,,,Sem Promocao,True,4
37916,2025-02-26,17,Milkshake,Chocolate,-1,-5.37,Freitas Do Amparo,PE,Loja Física,True,CLI2074,2025-02-26,1900-01-01 17:15:00,17:15,False,False,False,False,True,False,True,False,False,False,False,False,False,quantidade_nao_positiva_ou_nula;valor_total_nao_positivo,False,False,2025,2,Fevereiro,2025-02,T1,Quarta,26,Tarde,-5.37,5.37,5.37,Com Promocao,True,8
37994,2025-06-28,12,Milkshake,Limão,0,0.0,Da Rosa,RS,Loja Física,True,CLI6739,2025-06-28,1900-01-01 12:30:00,12:30,False,False,False,False,True,False,True,False,False,False,False,False,False,quantidade_nao_positiva_ou_nula;valor_total_nao_positivo,False,False,2025,6,Junho,2025-06,T2,Sabado,28,Tarde,0.0,,,Com Promocao,True,4
38007,2025-08-02,11,Sundae,Nao Informado,5,,Nao Informado,PE,App,True,CLI4580,2025-08-02,1900-01-01 11:45:00,11:45,True,True,False,False,False,True,True,False,False,False,False,False,False,valor_total_nulo,False,False,2025,8,Agosto,2025-08,T3,Sabado,2,Manha,,,,Com Promocao,True,8
38114,2025-06-19,8,Picolé,Chocolate,0,0.0,Silva,AM,Parceiro,True,CLI3317,2025-06-19,1900-01-01 08:45:00,08:45,False,False,False,False,True,False,True,False,False,False,False,False,False,quantidade_nao_positiva_ou_nula;valor_total_nao_positivo,False,False,2025,6,Junho,2025-06,T2,Quinta,19,Manha,0.0,,,Com Promocao,True,8
38124,2025-03-29,13,Sundae,Nao Informado,4,,Nao Informado,MS,Parceiro,False,CLI2290,2025-03-29,1900-01-01 13:30:00,13:30,True,True,False,False,False,True,True,False,False,False,False,False,False,valor_total_nulo,False,False,2025,3,Marco,2025-03,T1,Sabado,29,Tarde,,,,Sem Promocao,True,3
38128,2025-06-14,10,Picolé,Limão,0,0.0,Pacheco Do Amparo,MG,App,True,CLI4248,2025-06-14,1900-01-01 10:15:00,10:15,False,False,False,False,True,False,True,False,False,False,False,False,False,quantidade_nao_positiva_ou_nula;valor_total_nao_positivo,False,False,2025,6,Junho,2025-06,T2,Sabado,14,Manha,0.0,,,Com Promocao,True,12
38181,2025-06-30,13,Milkshake,Caramelo,-1,-9.53,Monteiro Do Campo,PA,Parceiro,True,CLI5216,2025-06-30,1900-01-01 13:45:00,13:45,False,False,False,False,True,False,True,False,False,False,False,False,False,quantidade_nao_positiva_ou_nula;valor_total_nao_positivo,False,False,2025,6,Junho,2025-06,T2,Segunda,30,Tarde,-9.53,9.53,9.53,Com Promocao,True,6
38234,2025-07-13,21,Casquinha,Nao Informado,2,,Nao Informado,SE,Parceiro,False,CLI7073,2025-07-13,1900-01-01 21:00:00,21:00,True,True,False,False,False,True,True,False,False,False,False,False,False,valor_total_nulo,False,False,2025,7,Julho,2025-07,T3,Domingo,13,Noite,,,,Sem Promocao,True,7
38303,2025-04-19,10,Sundae,Menta,-1,-4.59,Silva Da Serra,TO,Loja Física,True,CLI5419,2025-04-19,1900-01-01 10:00:00,10:00,False,False,False,False,True,False,True,False,False,False,False,False,False,quantidade_nao_positiva_ou_nula;valor_total_nao_positivo,False,False,2025,4,Abril,2025-04,T2,Sabado,19,Manha,-4.59,4.59,4.59,Com Promocao,False,1
38311,2025-06-28,10,Pote,Nao Informado,1,,Nao Informado,MG,App,True,CLI3903,2025-06-28,1900-01-01 10:15:00,10:15,True,True,False,False,False,True,True,False,False,False,False,False,False,valor_total_nulo,False,False,2025,6,Junho,2025-06,T2,Sabado,28,Manha,,,,Com Promocao,True,7
38328,2025-09-07,19,Milkshake,Nao Informado,2,,Nao Informado,PA,Parceiro,True,CLI3874,2025-09-07,1900-01-01 19:30:00,19:30,True,True,False,False,False,True,True,False,False,False,False,False,False,valor_total_nulo,False,False,2025,9,Setembro,2025-09,T3,Domingo,7,Noite,,,,Com Promocao,True,2
38336,2025-07-23,22,Casquinha,Caramelo,0,0.0,Moraes,AL,Parceiro,False,CLI1634,2025-07-23,1900-01-01 22:45:00,22:45,False,False,False,False,True,False,True,False,False,False,False,False,False,quantidade_nao_positiva_ou_nula;valor_total_nao_positivo,False,False,2025,7,Julho,2025-07,T3,Quarta,23,Noite,0.0,,,Sem Promocao,True,4
38348,2025-08-16,17,Pote,Nao Informado,2,,Nao Informado,GO,App,False,CLI8075,2025-08-16,1900-01-01 17:15:00,17:15,True,True,False,False,False,True,True,False,False,False,False,False,False,valor_total_nulo,False,False,2025,8,Agosto,2025-08,T3,Sabado,16,Tarde,,,,Sem Promocao,True,7
38354,2025-06-04,11,Sundae,Nao Informado,2,,Nao Informado,MS,App,True,CLI5652,2025-06-04,1900-01-01 11:45:00,11:45,True,True,False,False,False,True,True,False,False,False,False,False,False,valor_total_nulo,False,False,2025,6,Junho,2025-06,T2,Quarta,4,Manha,,,,Com Promocao,True,6
38368,2025-05-15,13,Casquinha,Baunilha,0,0.0,Sousa,MS,Parceiro,False,CLI5809,2025-05-15,1900-01-01 13:00:00,13:00,False,False,False,False,True,False,True,False,False,False,False,False,False,quantidade_nao_positiva_ou_nula;valor_total_nao_positivo,False,False,2025,5,Maio,2025-05,T2,Quinta,15,Tarde,0.0,,,Sem Promocao,True,6
38432,2025-06-10,18,Sundae,Cookies,0,0.0,Cassiano,TO,App,True,CLI2066,2025-06-10,1900-01-01 18:15:00,18:15,False,False,False,False,True,False,True,False,False,False,False,False,False,quantidade_nao_positiva_ou_nula;valor_total_nao_positivo,False,False,2025,6,Junho,2025-06,T2,Terca,10,Noite,0.0,,,Com Promocao,True,3
38433,2025-04-07,9,Sundae,Açaí,-4,-37.51,Montenegro,RJ,App,True,CLI3849,2025-04-07,1900-01-01 09:45:00,09:45,False,False,False,False,True,False,True,False,False,False,False,False,False,quantidade_nao_positiva_ou_nula;valor_total_nao_positivo,False,True,2025,4,Abril,2025-04,T2,Segunda,7,Manha,-37.51,9.38,9.38,Com Promocao,True,6
38461,2025-04-23,22,Picolé,Baunilha,-1,-10.9,Freitas,ES,App,False,CLI9766,2025-04-23,1900-01-01 22:45:00,22:45,False,False,False,False,True,False,True,False,False,False,False,False,False,quantidade_nao_positiva_ou_nula;valor_total_nao_positivo,False,False,2025,4,Abril,2025-04,T2,Quarta,23,Noite,-10.9,10.9,10.9,Sem Promocao,True,6
38471,2025-03-18,14,Picolé,Chocolate,-1,-6.93,Andrade,AP,Loja Física,False,CLI3261,2025-03-18,1900-01-01 14:30:00,14:30,False,False,False,False,True,False,True,False,False,False,False,False,False,quantidade_nao_positiva_ou_nula;valor_total_nao_positivo,False,False,2025,3,Marco,2025-03,T1,Terca,18,Tarde,-6.93,6.93,6.93,Sem Promocao,True,9
38540,2025-03-10,16,Pote,Menta,-1,-11.84,Freitas,RR,Loja Física,False,CLI3063,2025-03-10,1900-01-01 16:45:00,16:45,False,False,False,False,True,False,True,False,False,False,False,False,False,quantidade_nao_positiva_ou_nula;valor_total_nao_positivo,False,False,2025,3,Marco,2025-03,T1,Segunda,10,Tarde,-11.84,11.84,11.84,Sem Promocao,True,9
38563,2025-03-09,22,Sundae,Limão,-1,-10.83,Andrade Da Mata,DF,Parceiro,True,CLI8551,2025-03-09,1900-01-01 22:15:00,22:15,False,False,False,False,True,False,True,False,False,False,False,False,False,quantidade_nao_positiva_ou_nula;valor_total_nao_positivo,False,False,2025,3,Marco,2025-03,T1,Domingo,9,Noite,-10.83,10.83,10.83,Com Promocao,True,8
38603,2025-04-29,22,Milkshake,Menta,-1,-8.05,Borges,PE,App,True,CLI4711,2025-04-29,1900-01-01 22:00:00,22:00,False,False,False,False,True,False,True,False,False,False,False,False,False,quantidade_nao_positiva_ou_nula;valor_total_nao_positivo,False,False,2025,4,Abril,2025-04,T2,Terca,29,Noite,-8.05,8.05,8.05,Com Promocao,True,5
38604,2025-06-28,8,Pote,Nao Informado,4,,Nao Informado,RN,App,True,CLI7539,2025-06-28,1900-01-01 08:45:00,08:45,True,True,False,False,False,True,True,False,False,False,False,False,False,valor_total_nulo,False,False,2025,6,Junho,2025-06,T2,Sabado,28,Manha,,,,Com Promocao,True,9
38637,2025-03-21,14,Pote,Cookies,-1,-6.35,Machado Da Prata,MS,Loja Física,True,CLI4188,2025-03-21,1900-01-01 14:00:00,14:00,False,False,False,False,True,False,True,False,False,False,False,False,False,quantidade_nao_positiva_ou_nula;valor_total_nao_positivo,False,False,2025,3,Marco,2025-03,T1,Sexta,21,Tarde,-6.35,6.35,6.35,Com Promocao,True,6
38644,2025-04-25,21,Sundae,Açaí,-4,-54.8,Fogaça Do Oeste,DF,Loja Física,False,CLI6458,2025-04-25,1900-01-01 21:30:00,21:30,False,False,False,False,True,False,True,False,False,False,False,False,False,quantidade_nao_positiva_ou_nula;valor_total_nao_positivo,False,True,2025,4,Abril,2025-04,T2,Sexta,25,Noite,-54.8,13.7,13.7,Sem Promocao,True,8
38670,2025-04-12,9,Milkshake,Açaí,-2,-11.62,Mendonça Das Flores,SC,App,False,CLI2573,2025-04-12,1900-01-01 09:45:00,09:45,False,False,False,False,True,False,True,False,False,False,False,False,False,quantidade_nao_positiva_ou_nula;valor_total_nao_positivo,False,False,2025,4,Abril,2025-04,T2,Sabado,12,Manha,-11.62,5.81,5.81,Sem Promocao,True,8
38714,2025-06-22,12,Casquinha,Chocolate,-1,-11.49,Fernandes Do Galho,RR,App,False,CLI9536,2025-06-22,1900-01-01 12:15:00,12:15,False,False,False,False,True,False,True,False,False,False,False,False,False,quantidade_nao_positiva_ou_nula;valor_total_nao_positivo,False,False,2025,6,Junho,2025-06,T2,Domingo,22,Tarde,-11.49,11.49,11.49,Sem Promocao,True,9
38741,2025-03-17,12,Milkshake,Nao Informado,3,,Nao Informado,PA,Loja Física,True,CLI9022,2025-03-17,1900-01-01 12:15:00,12:15,True,True,False,False,False,True,True,False,False,False,False,False,False,valor_total_nulo,False,False,2025,3,Marco,2025-03,T1,Segunda,17,Tarde,,,,Com Promocao,True,7
38767,2025-08-07,20,Milkshake,Nao Informado,1,,Nao Informado,TO,App,True,CLI1555,2025-08-07,1900-01-01 20:00:00,20:00,True,True,False,False,False,True,True,False,False,False,False,False,False,valor_total_nulo,False,False,2025,8,Agosto,2025-08,T3,Quinta,7,Noite,,,,Com Promocao,True,5
38869,2025-07-14,15,Picolé,Nao Informado,3,,Nao Informado,SP,Loja Física,True,CLI2936,2025-07-14,1900-01-01 15:45:00,15:45,True,True,False,False,False,True,True,False,False,False,False,False,False,valor_total_nulo,False,False,2025,7,Julho,2025-07,T3,Segunda,14,Tarde,,,,Com Promocao,True,6
38932,2025-03-15,9,Casquinha,Açaí,-2,-24.0,Vieira,PA,Parceiro,False,CLI1750,2025-03-15,1900-01-01 09:15:00,09:15,False,False,False,False,True,False,True,False,False,False,False,False,False,quantidade_nao_positiva_ou_nula;valor_total_nao_positivo,False,True,2025,3,Marco,2025-03,T1,Sabado,15,Manha,-24.0,12.0,12.0,Sem Promocao,True,3
38944,2025-08-07,19,Casquinha,Limão,-2,-8.93,Aragão,AC,Parceiro,True,CLI7791,2025-08-07,1900-01-01 19:00:00,19:00,False,False,False,False,True,False,True,False,False,False,False,False,False,quantidade_nao_positiva_ou_nula;valor_total_nao_positivo,False,False,2025,8,Agosto,2025-08,T3,Quinta,7,Noite,-8.93,4.46,4.46,Com Promocao,True,5
38946,2025-04-04,14,Casquinha,Morango,0,0.0,Silva Paulista,PR,Parceiro,True,CLI8772,2025-04-04,1900-01-01 14:00:00,14:00,False,False,False,False,True,False,True,False,False,False,False,False,False,quantidade_nao_positiva_ou_nula;valor_total_nao_positivo,False,False,2025,4,Abril,2025-04,T2,Sexta,4,Tarde,0.0,,,Com Promocao,True,5
39012,2025-08-01,20,Milkshake,Menta,0,0.0,Cirino,MA,Loja Física,True,CLI4790,2025-08-01,1900-01-01 20:30:00,20:30,False,False,False,False,True,False,True,False,False,False,False,False,False,quantidade_nao_positiva_ou_nula;valor_total_nao_positivo,False,False,2025,8,Agosto,2025-08,T3,Sexta,1,Noite,0.0,,,Com Promocao,True,8
39052,2025-02-20,20,Sundae,Chocolate,0,-0.0,Marques Dos Dourados,AL,App,False,CLI5861,2025-02-20,1900-01-01 20:45:00,20:45,False,False,False,False,True,False,True,False,False,False,False,False,False,quantidade_nao_positiva_ou_nula;valor_total_nao_positivo,False,False,2025,2,Fevereiro,2025-02,T1,Quinta,20,Noite,-0.0,,,Sem Promocao,True,7
39119,2025-06-06,14,Sundae,Caramelo,-5,-32.3,Viana,MS,App,True,CLI7051,2025-06-06,1900-01-01 14:00:00,14:00,False,False,False,False,True,False,True,False,False,False,False,False,False,quantidade_nao_positiva_ou_nula;valor_total_nao_positivo,False,True,2025,6,Junho,2025-06,T2,Sexta,6,Tarde,-32.3,6.46,6.46,Com Promocao,True,4
39132,2025-07-25,16,Milkshake,Caramelo,-4,-34.13,Campinas,SE,Parceiro,True,CLI3545,2025-07-25,1900-01-01 16:00:00,16:00,False,False,False,False,True,False,True,False,False,False,False,False,False,quantidade_nao_positiva_ou_nula;valor_total_nao_positivo,False,True,2025,7,Julho,2025-07,T3,Sexta,25,Tarde,-34.13,8.53,8.53,Com Promocao,True,6
39139,2025-06-16,15,Milkshake,Nao Informado,4,,Nao Informado,AL,Parceiro,False,CLI6173,2025-06-16,1900-01-01 15:30:00,15:30,True,True,False,False,False,True,True,False,False,False,False,False,False,valor_total_nulo,False,False,2025,6,Junho,2025-06,T2,Segunda,16,Tarde,,,,Sem Promocao,True,5
39162,2025-05-11,17,Sundae,Nao Informado,5,,Nao Informado,TO,App,False,CLI1630,2025-05-11,1900-01-01 17:00:00,17:00,True,True,False,False,False,True,True,False,False,False,False,False,False,valor_total_nulo,False,False,2025,5,Maio,2025-05,T2,Domingo,11,Tarde,,,,Sem Promocao,True,4
39170,2025-07-25,18,Casquinha,Menta,-1,-5.14,Oliveira,PR,Parceiro,False,CLI3139,2025-07-25,1900-01-01 18:30:00,18:30,False,False,False,False,True,False,True,False,False,False,False,False,False,quantidade_nao_positiva_ou_nula;valor_total_nao_positivo,False,False,2025,7,Julho,2025-07,T3,Sexta,25,Noite,-5.14,5.14,5.14,Sem Promocao,True,10
39234,2025-09-15,13,Pote,Açaí,-3,-26.07,Cunha,AP,App,False,CLI3785,2025-09-15,1900-01-01 13:15:00,13:15,False,False,False,False,True,False,True,False,False,False,False,False,False,quantidade_nao_positiva_ou_nula;valor_total_nao_positivo,False,True,2025,9,Setembro,2025-09,T3,Segunda,15,Tarde,-26.07,8.69,8.69,Sem Promocao,True,4
39252,2025-02-22,9,Milkshake,Morango,-1,-7.88,Cirino,SC,App,False,CLI9865,2025-02-22,1900-01-01 09:15:00,09:15,False,False,False,False,True,False,True,False,False,False,False,False,False,quantidade_nao_positiva_ou_nula;valor_total_nao_positivo,False,False,2025,2,Fevereiro,2025-02,T1,Sabado,22,Manha,-7.88,7.88,7.88,Sem Promocao,True,5
39271,2025-04-16,18,Milkshake,Cookies,-2,-12.96,Oliveira,PE,App,True,CLI8513,2025-04-16,1900-01-01 18:00:00,18:00,False,False,False,False,True,False,True,False,False,False,False,False,False,quantidade_nao_positiva_ou_nula;valor_total_nao_positivo,False,False,2025,4,Abril,2025-04,T2,Quarta,16,Noite,-12.96,6.48,6.48,Com Promocao,True,6
39277,2025-06-15,19,Sundae,Chocolate,-4,-32.84,Caldeira,RN,Loja Física,True,CLI9324,2025-06-15,1900-01-01 19:15:00,19:15,False,False,False,False,True,False,True,False,False,False,False,False,False,quantidade_nao_positiva_ou_nula;valor_total_nao_positivo,False,True,2025,6,Junho,2025-06,T2,Domingo,15,Noite,-32.84,8.21,8.21,Com Promocao,True,5
39279,2025-03-18,20,Sundae,Caramelo,0,0.0,Viana De Minas,MA,App,True,CLI5403,2025-03-18,1900-01-01 20:30:00,20:30,False,False,False,False,True,False,True,False,False,False,False,False,False,quantidade_nao_positiva_ou_nula;valor_total_nao_positivo,False,False,2025,3,Marco,2025-03,T1,Terca,18,Noite,0.0,,,Com Promocao,True,7
39284,2025-08-23,19,Sundae,Caramelo,0,0.0,Alves,PB,App,False,CLI4141,2025-08-23,1900-01-01 19:00:00,19:00,False,False,False,False,True,False,True,False,False,False,False,False,False,quantidade_nao_positiva_ou_nula;valor_total_nao_positivo,False,False,2025,8,Agosto,2025-08,T3,Sabado,23,Noite,0.0,,,Sem Promocao,True,15
39318,2025-07-11,8,Sundae,Caramelo,-4,-30.28,Fonseca De Da Mata,MA,App,True,CLI5781,2025-07-11,1900-01-01 08:15:00,08:15,False,False,False,False,True,False,True,False,False,False,False,False,False,quantidade_nao_positiva_ou_nula;valor_total_nao_positivo,False,True,2025,7,Julho,2025-07,T3,Sexta,11,Manha,-30.28,7.57,7.57,Com Promocao,True,6
39440,2025-04-27,22,Casquinha,Caramelo,-1,-6.64,Garcia Do Galho,AL,Loja Física,False,CLI1895,2025-04-27,1900-01-01 22:00:00,22:00,False,False,False,False,True,False,True,False,False,False,False,False,False,quantidade_nao_positiva_ou_nula;valor_total_nao_positivo,False,False,2025,4,Abril,2025-04,T2,Domingo,27,Noite,-6.64,6.64,6.64,Sem Promocao,True,9
39507,2025-03-10,20,Casquinha,Cookies,-4,-34.48,Nunes De Alves,AL,App,False,CLI2026,2025-03-10,1900-01-01 20:00:00,20:00,False,False,False,False,True,False,True,False,False,False,False,False,False,quantidade_nao_positiva_ou_nula;valor_total_nao_positivo,False,True,2025,3,Marco,2025-03,T1,Segunda,10,Noite,-34.48,8.62,8.62,Sem Promocao,True,5
39569,2025-03-16,15,Picolé,Limão,-1,-5.14,Ribeiro Grande,PB,Parceiro,True,CLI6306,2025-03-16,1900-01-01 15:30:00,15:30,False,False,False,False,True,False,True,False,False,False,False,False,False,quantidade_nao_positiva_ou_nula;valor_total_nao_positivo,False,False,2025,3,Marco,2025-03,T1,Domingo,16,Tarde,-5.14,5.14,5.14,Com Promocao,True,5
39582,2025-02-22,12,Sundae,Nao Informado,3,,Nao Informado,BA,Loja Física,True,CLI2329,2025-02-22,1900-01-01 12:15:00,12:15,True,True,False,False,False,True,True,False,False,False,False,False,False,valor_total_nulo,False,False,2025,2,Fevereiro,2025-02,T1,Sabado,22,Tarde,,,,Com Promocao,True,10
39592,2025-04-19,15,Sundae,Limão,-4,-52.96,Marques Paulista,BA,App,False,CLI4202,2025-04-19,1900-01-01 15:15:00,15:15,False,False,False,False,True,False,True,False,False,False,False,False,False,quantidade_nao_positiva_ou_nula;valor_total_nao_positivo,False,True,2025,4,Abril,2025-04,T2,Sabado,19,Tarde,-52.96,13.24,13.24,Sem Promocao,True,4
39623,2025-03-17,10,Milkshake,Açaí,-4,-20.36,Campinas,MG,Parceiro,False,CLI6000,2025-03-17,1900-01-01 10:15:00,10:15,False,False,False,False,True,False,True,False,False,False,False,False,False,quantidade_nao_positiva_ou_nula;valor_total_nao_positivo,False,False,2025,3,Marco,2025-03,T1,Segunda,17,Manha,-20.36,5.09,5.09,Sem Promocao,True,9
39640,2025-04-28,9,Casquinha,Caramelo,0,0.0,Da Rosa,BA,Loja Física,True,CLI7348,2025-04-28,1900-01-01 09:30:00,09:30,False,False,False,False,True,False,True,False,False,False,False,False,False,quantidade_nao_positiva_ou_nula;valor_total_nao_positivo,False,False,2025,4,Abril,2025-04,T2,Segunda,28,Manha,0.0,,,Com Promocao,True,6
39685,2025-05-16,11,Milkshake,Menta,-3,-41.61,Campinas,AP,App,False,CLI7647,2025-05-16,1900-01-01 11:15:00,11:15,False,False,False,False,True,False,True,False,False,False,False,False,False,quantidade_nao_positiva_ou_nula;valor_total_nao_positivo,False,True,2025,5,Maio,2025-05,T2,Sexta,16,Manha,-41.61,13.87,13.87,Sem Promocao,True,8
39704,2025-04-15,9,Pote,Cookies,-1,-8.24,Moreira,SC,App,False,CLI2006,2025-04-15,1900-01-01 09:15:00,09:15,False,False,False,False,True,False,True,False,False,False,False,False,False,quantidade_nao_positiva_ou_nula;valor_total_nao_positivo,False,False,2025,4,Abril,2025-04,T2,Terca,15,Manha,-8.24,8.24,8.24,Sem Promocao,True,5
39707,2025-06-16,9,Milkshake,Açaí,0,0.0,Campos Das Flores,PA,App,True,CLI9002,2025-06-16,1900-01-01 09:30:00,09:30,False,False,False,False,True,False,True,False,False,False,False,False,False,quantidade_nao_positiva_ou_nula;valor_total_nao_positivo,False,False,2025,6,Junho,2025-06,T2,Segunda,16,Manha,0.0,,,Com Promocao,True,7
39720,2025-06-01,13,Sundae,Nao Informado,5,,Nao Informado,PE,App,True,CLI2704,2025-06-01,1900-01-01 13:00:00,13:00,True,True,False,False,False,True,True,False,False,False,False,False,False,valor_total_nulo,False,False,2025,6,Junho,2025-06,T2,Domingo,1,Tarde,,,,Com Promocao,True,9
39771,2025-08-15,8,Milkshake,Nao Informado,3,,Nao Informado,ES,Loja Física,False,CLI7115,2025-08-15,1900-01-01 08:00:00,08:00,True,True,False,False,False,True,True,False,False,False,False,False,False,valor_total_nulo,False,False,2025,8,Agosto,2025-08,T3,Sexta,15,Manha,,,,Sem Promocao,True,7
39808,2025-03-24,14,Milkshake,Açaí,-1,-13.62,Cunha De Da Costa,ES,Loja Física,True,CLI1181,2025-03-24,1900-01-01 14:00:00,14:00,False,False,False,False,True,False,True,False,False,False,False,False,False,quantidade_nao_positiva_ou_nula;valor_total_nao_positivo,False,False,2025,3,Marco,2025-03,T1,Segunda,24,Tarde,-13.62,13.62,13.62,Com Promocao,True,7
39831,2025-02-22,18,Picolé,Baunilha,-2,-17.58,Cavalcanti,MS,App,False,CLI5959,2025-02-22,1900-01-01 18:15:00,18:15,False,False,False,False,True,False,True,False,False,False,False,False,False,quantidade_nao_positiva_ou_nula;valor_total_nao_positivo,False,False,2025,2,Fevereiro,2025-02,T1,Sabado,22,Noite,-17.58,8.79,8.79,Sem Promocao,True,6
39842,2025-05-17,16,Casquinha,Morango,-5,-19.49,Correia,GO,Parceiro,True,CLI7768,2025-05-17,1900-01-01 16:00:00,16:00,False,False,False,False,True,False,True,False,False,False,False,False,False,quantidade_nao_positiva_ou_nula;valor_total_nao_positivo,False,False,2025,5,Maio,2025-05,T2,Sabado,17,Tarde,-19.49,3.9,3.9,Com Promocao,True,4
39884,2025-08-13,16,Pote,Nao Informado,3,,Nao Informado,CE,Loja Física,False,CLI4377,2025-08-13,1900-01-01 16:30:00,16:30,True,True,False,False,False,True,True,False,False,False,False,False,False,valor_total_nulo,False,False,2025,8,Agosto,2025-08,T3,Quarta,13,Tarde,,,,Sem Promocao,True,12
39952,2025-07-26,13,Pote,Cookies,0,0.0,Silveira,MG,Parceiro,True,CLI4257,2025-07-26,1900-01-01 13:45:00,13:45,False,False,False,False,True,False,True,False,False,False,False,False,False,quantidade_nao_positiva_ou_nula;valor_total_nao_positivo,False,False,2025,7,Julho,2025-07,T3,Sabado,26,Tarde,0.0,,,Com Promocao,True,7
39971,2025-04-08,22,Picolé,Açaí,0,0.0,Siqueira,GO,Loja Física,True,CLI7284,2025-04-08,1900-01-01 22:45:00,22:45,False,False,False,False,True,False,True,False,False,False,False,False,False,quantidade_nao_positiva_ou_nula;valor_total_nao_positivo,False,False,2025,4,Abril,2025-04,T2,Terca,8,Noite,0.0,,,Com Promocao,True,7
39985,2025-06-24,12,Picolé,Menta,0,0.0,Da Mota De Minas,AP,App,False,CLI6373,2025-06-24,1900-01-01 12:00:00,12:00,False,False,False,False,True,False,True,False,False,False,False,False,False,quantidade_nao_positiva_ou_nula;valor_total_nao_positivo,False,False,2025,6,Junho,2025-06,T2,Terca,24,Tarde,0.0,,,Sem Promocao,True,4
40045,2025-04-30,16,Casquinha,Morango,-4,-54.48,Dias,GO,Parceiro,False,CLI8699,2025-04-30,1900-01-01 16:15:00,16:15,False,False,False,False,True,False,True,False,False,False,False,False,False,quantidade_nao_positiva_ou_nula;valor_total_nao_positivo,False,True,2025,4,Abril,2025-04,T2,Quarta,30,Tarde,-54.48,13.62,13.62,Sem Promocao,True,4
40057,2025-08-05,14,Sundae,Nao Informado,5,,Nao Informado,MS,Parceiro,True,CLI1780,2025-08-05,1900-01-01 14:45:00,14:45,True,True,False,False,False,True,True,False,False,False,False,False,False,valor_total_nulo,False,False,2025,8,Agosto,2025-08,T3,Terca,5,Tarde,,,,Com Promocao,True,7
40117,2025-03-21,10,Pote,Limão,-1,-12.77,Novais,MA,Loja Física,True,CLI1419,2025-03-21,1900-01-01 10:30:00,10:30,False,False,False,False,True,False,True,False,False,False,False,False,False,quantidade_nao_positiva_ou_nula;valor_total_nao_positivo,False,False,2025,3,Marco,2025-03,T1,Sexta,21,Manha,-12.77,12.77,12.77,Com Promocao,True,5
40121,2025-06-05,8,Picolé,Nao Informado,1,,Nao Informado,RN,Loja Física,False,CLI1360,2025-06-05,1900-01-01 08:30:00,08:30,True,True,False,False,False,True,True,False,False,False,False,False,False,valor_total_nulo,False,False,2025,6,Junho,2025-06,T2,Quinta,5,Manha,,,,Sem Promocao,True,8
40138,2025-05-06,8,Milkshake,Nao Informado,3,,Nao Informado,MG,App,True,CLI8749,2025-05-06,1900-01-01 08:45:00,08:45,True,True,False,False,False,True,True,False,False,False,False,False,False,valor_total_nulo,False,False,2025,5,Maio,2025-05,T2,Terca,6,Manha,,,,Com Promocao,True,11
40142,2025-03-02,12,Milkshake,Nao Informado,1,,Nao Informado,MT,Parceiro,True,CLI6069,2025-03-02,1900-01-01 12:45:00,12:45,True,True,False,False,False,True,True,False,False,False,False,False,False,valor_total_nulo,False,False,2025,3,Marco,2025-03,T1,Domingo,2,Tarde,,,,Com Promocao,True,7
40171,2025-08-10,11,Casquinha,Nao Informado,2,,Nao Informado,BA,Loja Física,False,CLI4631,2025-08-10,1900-01-01 11:15:00,11:15,True,True,False,False,False,True,True,False,False,False,False,False,False,valor_total_nulo,False,False,2025,8,Agosto,2025-08,T3,Domingo,10,Manha,,,,Sem Promocao,True,11
40172,2025-04-03,20,Pote,Chocolate,0,0.0,Da Mota Do Amparo,AM,Parceiro,True,CLI2693,2025-04-03,1900-01-01 20:15:00,20:15,False,False,False,False,True,False,True,False,False,False,False,False,False,quantidade_nao_positiva_ou_nula;valor_total_nao_positivo,False,False,2025,4,Abril,2025-04,T2,Quinta,3,Noite,0.0,,,Com Promocao,True,3
40341,2025-06-04,19,Milkshake,Nao Informado,4,,Nao Informado,RN,Parceiro,False,CLI4722,2025-06-04,1900-01-01 19:15:00,19:15,True,True,False,False,False,True,True,False,False,False,False,False,False,valor_total_nulo,False,False,2025,6,Junho,2025-06,T2,Quarta,4,Noite,,,,Sem Promocao,True,10
40354,2025-04-05,21,Casquinha,Caramelo,0,0.0,Da Rocha,MT,Parceiro,True,CLI7978,2025-04-05,1900-01-01 21:00:00,21:00,False,False,False,False,True,False,True,False,False,False,False,False,False,quantidade_nao_positiva_ou_nula;valor_total_nao_positivo,False,False,2025,4,Abril,2025-04,T2,Sabado,5,Noite,0.0,,,Com Promocao,True,9
40421,2025-08-14,13,Picolé,Menta,0,0.0,Cunha De Goiás,SC,App,False,CLI4204,2025-08-14,1900-01-01 13:15:00,13:15,False,False,False,False,True,False,True,False,False,False,False,False,False,quantidade_nao_positiva_ou_nula;valor_total_nao_positivo,False,False,2025,8,Agosto,2025-08,T3,Quinta,14,Tarde,0.0,,,Sem Promocao,True,7
40434,2025-03-19,8,Pote,Açaí,0,0.0,Vieira,MS,Loja Física,False,CLI9787,2025-03-19,1900-01-01 08:45:00,08:45,False,False,False,False,True,False,True,False,False,False,False,False,False,quantidade_nao_positiva_ou_nula;valor_total_nao_positivo,False,False,2025,3,Marco,2025-03,T1,Quarta,19,Manha,0.0,,,Sem Promocao,True,9
40448,2025-06-28,22,Milkshake,Nao Informado,5,,Nao Informado,AP,Parceiro,False,CLI8463,2025-06-28,1900-01-01 22:00:00,22:00,True,True,False,False,False,True,True,False,False,False,False,False,False,valor_total_nulo,False,False,2025,6,Junho,2025-06,T2,Sabado,28,Noite,,,,Sem Promocao,True,5
40463,2025-05-18,21,Pote,Nao Informado,4,,Nao Informado,RJ,App,False,CLI3360,2025-05-18,1900-01-01 21:15:00,21:15,True,True,False,False,False,True,True,False,False,False,False,False,False,valor_total_nulo,False,False,2025,5,Maio,2025-05,T2,Domingo,18,Noite,,,,Sem Promocao,True,6
40490,2025-07-23,14,Sundae,Cookies,0,0.0,Vargas,AM,Parceiro,False,CLI4760,2025-07-23,1900-01-01 14:45:00,14:45,False,False,False,False,True,False,True,False,False,False,False,False,False,quantidade_nao_positiva_ou_nula;valor_total_nao_positivo,False,False,2025,7,Julho,2025-07,T3,Quarta,23,Tarde,0.0,,,Sem Promocao,True,3
40573,2025-06-28,15,Pote,Morango,-1,-7.8,Silva De Minas,PI,Loja Física,False,CLI2025,2025-06-28,1900-01-01 15:30:00,15:30,False,False,False,False,True,False,True,False,False,False,False,False,False,quantidade_nao_positiva_ou_nula;valor_total_nao_positivo,False,False,2025,6,Junho,2025-06,T2,Sabado,28,Tarde,-7.8,7.8,7.8,Sem Promocao,True,10
40601,2025-06-26,22,Pote,Nao Informado,5,,Nao Informado,AL,App,False,CLI5751,2025-06-26,1900-01-01 22:15:00,22:15,True,True,False,False,False,True,True,False,False,False,False,False,False,valor_total_nulo,False,False,2025,6,Junho,2025-06,T2,Quinta,26,Noite,,,,Sem Promocao,True,7
40616,2025-06-19,22,Sundae,Morango,-1,-8.52,Pinto De Barros,GO,App,True,CLI5945,2025-06-19,1900-01-01 22:00:00,22:00,False,False,False,False,True,False,True,False,False,False,False,False,False,quantidade_nao_positiva_ou_nula;valor_total_nao_positivo,False,False,2025,6,Junho,2025-06,T2,Quinta,19,Noite,-8.52,8.52,8.52,Com Promocao,True,5
40623,2025-06-20,18,Milkshake,Açaí,-1,-7.78,Mendes,PB,Parceiro,True,CLI1507,2025-06-20,1900-01-01 18:15:00,18:15,False,False,False,False,True,False,True,False,False,False,False,False,False,quantidade_nao_positiva_ou_nula;valor_total_nao_positivo,False,False,2025,6,Junho,2025-06,T2,Sexta,20,Noite,-7.78,7.78,7.78,Com Promocao,True,7
40642,2025-06-24,14,Milkshake,Nao Informado,3,,Nao Informado,TO,App,False,CLI3720,2025-06-24,1900-01-01 14:15:00,14:15,True,True,False,False,False,True,True,False,False,False,False,False,False,valor_total_nulo,False,False,2025,6,Junho,2025-06,T2,Terca,24,Tarde,,,,Sem Promocao,True,7
40727,2025-08-16,18,Casquinha,Nao Informado,2,,Nao Informado,RJ,App,False,CLI7993,2025-08-16,1900-01-01 18:00:00,18:00,True,True,False,False,False,True,True,False,False,False,False,False,False,valor_total_nulo,False,False,2025,8,Agosto,2025-08,T3,Sabado,16,Noite,,,,Sem Promocao,True,4
40742,2025-05-01,19,Sundae,Caramelo,-3,-41.94,Fogaça Do Oeste,SC,App,False,CLI6098,2025-05-01,1900-01-01 19:15:00,19:15,False,False,False,False,True,False,True,False,False,False,False,False,False,quantidade_nao_positiva_ou_nula;valor_total_nao_positivo,False,True,2025,5,Maio,2025-05,T2,Quinta,1,Noite,-41.94,13.98,13.98,Sem Promocao,True,4
40813,2025-08-13,14,Sundae,Chocolate,-1,-4.65,Das Neves De Câmara,PR,Parceiro,True,CLI1275,2025-08-13,1900-01-01 14:30:00,14:30,False,False,False,False,True,False,True,False,False,False,False,False,False,quantidade_nao_positiva_ou_nula;valor_total_nao_positivo,False,False,2025,8,Agosto,2025-08,T3,Quarta,13,Tarde,-4.65,4.65,4.65,Com Promocao,True,8
40934,2025-03-21,14,Picolé,Chocolate,-1,-12.42,Brito,MA,Loja Física,False,CLI1527,2025-03-21,1900-01-01 14:15:00,14:15,False,False,False,False,True,False,True,False,False,False,False,False,False,quantidade_nao_positiva_ou_nula;valor_total_nao_positivo,False,False,2025,3,Marco,2025-03,T1,Sexta,21,Tarde,-12.42,12.42,12.42,Sem Promocao,True,4
41013,2025-03-16,9,Sundae,Menta,-1,-8.04,Das Neves De Porto,MT,Loja Física,False,CLI2040,2025-03-16,1900-01-01 09:15:00,09:15,False,False,False,False,True,False,True,False,False,False,False,False,False,quantidade_nao_positiva_ou_nula;valor_total_nao_positivo,False,False,2025,3,Marco,2025-03,T1,Domingo,16,Manha,-8.04,8.04,8.04,Sem Promocao,True,4
41075,2025-03-04,18,Casquinha,Limão,-2,-23.24,Souza,RO,Loja Física,False,CLI5656,2025-03-04,1900-01-01 18:45:00,18:45,False,False,False,False,True,False,True,False,False,False,False,False,False,quantidade_nao_positiva_ou_nula;valor_total_nao_positivo,False,True,2025,3,Marco,2025-03,T1,Terca,4,Noite,-23.24,11.62,11.62,Sem Promocao,True,9
41092,2025-07-21,19,Casquinha,Nao Informado,3,,Nao Informado,RR,Parceiro,False,CLI2179,2025-07-21,1900-01-01 19:45:00,19:45,True,True,False,False,False,True,True,False,False,False,False,False,False,valor_total_nulo,False,False,2025,7,Julho,2025-07,T3,Segunda,21,Noite,,,,Sem Promocao,True,10
41093,2025-08-18,9,Milkshake,Chocolate,-2,-22.77,Cunha Do Oeste,RJ,Loja Física,True,CLI6704,2025-08-18,1900-01-01 09:30:00,09:30,False,False,False,False,True,False,True,False,False,False,False,False,False,quantidade_nao_positiva_ou_nula;valor_total_nao_positivo,False,True,2025,8,Agosto,2025-08,T3,Segunda,18,Manha,-22.77,11.38,11.38,Com Promocao,True,3
41185,2025-03-26,16,Picolé,Açaí,0,0.0,Viana De Lima,CE,Loja Física,True,CLI8112,2025-03-26,1900-01-01 16:45:00,16:45,False,False,False,False,True,False,True,False,False,False,False,False,False,quantidade_nao_positiva_ou_nula;valor_total_nao_positivo,False,False,2025,3,Marco,2025-03,T1,Quarta,26,Tarde,0.0,,,Com Promocao,True,7
41199,2025-04-27,12,Pote,Limão,0,0.0,Caldeira,RO,App,True,CLI6624,2025-04-27,1900-01-01 12:15:00,12:15,False,False,False,False,True,False,True,False,False,False,False,False,False,quantidade_nao_positiva_ou_nula;valor_total_nao_positivo,False,False,2025,4,Abril,2025-04,T2,Domingo,27,Tarde,0.0,,,Com Promocao,True,5
41242,2025-08-16,17,Milkshake,Limão,0,0.0,Da Mota De Goiás,AM,Loja Física,True,CLI1446,2025-08-16,1900-01-01 17:45:00,17:45,False,False,False,False,True,False,True,False,False,False,False,False,False,quantidade_nao_positiva_ou_nula;valor_total_nao_positivo,False,False,2025,8,Agosto,2025-08,T3,Sabado,16,Tarde,0.0,,,Com Promocao,True,6
41249,2025-02-27,9,Picolé,Caramelo,-3,-26.4,Novais,BA,Parceiro,False,CLI4285,2025-02-27,1900-01-01 09:45:00,09:45,False,False,False,False,True,False,True,False,False,False,False,False,False,quantidade_nao_positiva_ou_nula;valor_total_nao_positivo,False,True,2025,2,Fevereiro,2025-02,T1,Quinta,27,Manha,-26.4,8.8,8.8,Sem Promocao,True,4
41255,2025-07-04,14,Sundae,Nao Informado,4,,Nao Informado,MS,App,False,CLI2537,2025-07-04,1900-01-01 14:30:00,14:30,True,True,False,False,False,True,True,False,False,False,False,False,False,valor_total_nulo,False,False,2025,7,Julho,2025-07,T3,Sexta,4,Tarde,,,,Sem Promocao,True,9
41269,2025-06-14,16,Casquinha,Morango,-3,-32.92,Carvalho,PI,App,True,CLI3852,2025-06-14,1900-01-01 16:15:00,16:15,False,False,False,False,True,False,True,False,False,False,False,False,False,quantidade_nao_positiva_ou_nula;valor_total_nao_positivo,False,True,2025,6,Junho,2025-06,T2,Sabado,14,Tarde,-32.92,10.97,10.97,Com Promocao,True,6
41273,2025-06-22,21,Casquinha,Limão,0,0.0,Vargas,MA,Loja Física,False,CLI2620,2025-06-22,1900-01-01 21:45:00,21:45,False,False,False,False,True,False,True,False,False,False,False,False,False,quantidade_nao_positiva_ou_nula;valor_total_nao_positivo,False,False,2025,6,Junho,2025-06,T2,Domingo,22,Noite,0.0,,,Sem Promocao,True,13
41303,2025-07-08,11,Picolé,Nao Informado,1,,Nao Informado,RR,App,True,CLI3313,2025-07-08,1900-01-01 11:45:00,11:45,True,True,False,False,False,True,True,False,False,False,False,False,False,valor_total_nulo,False,False,2025,7,Julho,2025-07,T3,Terca,8,Manha,,,,Com Promocao,True,10
41305,2025-05-23,15,Casquinha,Menta,0,0.0,Martins De Aparecida,AL,Loja Física,True,CLI8373,2025-05-23,1900-01-01 15:15:00,15:15,False,False,False,False,True,False,True,False,False,False,False,False,False,quantidade_nao_positiva_ou_nula;valor_total_nao_positivo,False,False,2025,5,Maio,2025-05,T2,Sexta,23,Tarde,0.0,,,Com Promocao,True,6
41306,2025-06-08,14,Sundae,Nao Informado,1,,Nao Informado,PI,Loja Física,False,CLI6367,2025-06-08,1900-01-01 14:15:00,14:15,True,True,False,False,False,True,True,False,False,False,False,False,False,valor_total_nulo,False,False,2025,6,Junho,2025-06,T2,Domingo,8,Tarde,,,,Sem Promocao,True,4
41360,2025-05-29,11,Pote,Baunilha,-3,-32.4,Da Cruz,RJ,Loja Física,False,CLI1937,2025-05-29,1900-01-01 11:00:00,11:00,False,False,False,False,True,False,True,False,False,False,False,False,False,quantidade_nao_positiva_ou_nula;valor_total_nao_positivo,False,True,2025,5,Maio,2025-05,T2,Quinta,29,Manha,-32.4,10.8,10.8,Sem Promocao,True,9
41402,2025-04-06,16,Milkshake,Nao Informado,1,,Nao Informado,MA,App,False,CLI1410,2025-04-06,1900-01-01 16:30:00,16:30,True,True,False,False,False,True,True,False,False,False,False,False,False,valor_total_nulo,False,False,2025,4,Abril,2025-04,T2,Domingo,6,Tarde,,,,Sem Promocao,True,8
41409,2025-04-18,21,Milkshake,Baunilha,-1,-5.75,Pinto De Da Rosa,ES,Parceiro,True,CLI6379,2025-04-18,1900-01-01 21:30:00,21:30,False,False,False,False,True,False,True,False,False,False,False,False,False,quantidade_nao_positiva_ou_nula;valor_total_nao_positivo,False,False,2025,4,Abril,2025-04,T2,Sexta,18,Noite,-5.75,5.75,5.75,Com Promocao,True,7
41503,2025-06-03,9,Milkshake,Morango,0,0.0,Santos Do Sul,RO,Loja Física,True,CLI8927,2025-06-03,1900-01-01 09:15:00,09:15,False,False,False,False,True,False,True,False,False,False,False,False,False,quantidade_nao_positiva_ou_nula;valor_total_nao_positivo,False,False,2025,6,Junho,2025-06,T2,Terca,3,Manha,0.0,,,Com Promocao,True,8
41589,2025-07-20,14,Pote,Nao Informado,1,,Nao Informado,AC,Parceiro,True,CLI6980,2025-07-20,1900-01-01 14:15:00,14:15,True,True,False,False,False,True,True,False,False,False,False,False,False,valor_total_nulo,False,False,2025,7,Julho,2025-07,T3,Domingo,20,Tarde,,,,Com Promocao,True,8
41598,2025-05-22,14,Milkshake,Chocolate,0,0.0,Peixoto,TO,Loja Física,False,CLI7029,2025-05-22,1900-01-01 14:30:00,14:30,False,False,False,False,True,False,True,False,False,False,False,False,False,quantidade_nao_positiva_ou_nula;valor_total_nao_positivo,False,False,2025,5,Maio,2025-05,T2,Quinta,22,Tarde,0.0,,,Sem Promocao,True,13
41644,2025-06-12,19,Pote,Nao Informado,1,,Nao Informado,PE,App,False,CLI9871,2025-06-12,1900-01-01 19:30:00,19:30,True,True,False,False,False,True,True,False,False,False,False,False,False,valor_total_nulo,False,False,2025,6,Junho,2025-06,T2,Quinta,12,Noite,,,,Sem Promocao,True,12
41650,2025-08-06,19,Casquinha,Morango,-5,-54.83,Cassiano,SP,Loja Física,True,CLI9871,2025-08-06,1900-01-01 19:45:00,19:45,False,False,False,False,True,False,True,False,False,False,False,False,False,quantidade_nao_positiva_ou_nula;valor_total_nao_positivo,False,True,2025,8,Agosto,2025-08,T3,Quarta,6,Noite,-54.83,10.97,10.97,Com Promocao,True,12
41822,2025-04-27,8,Casquinha,Caramelo,-3,-25.26,Machado De Minas,BA,Parceiro,False,CLI4051,2025-04-27,1900-01-01 08:15:00,08:15,False,False,False,False,True,False,True,False,False,False,False,False,False,quantidade_nao_positiva_ou_nula;valor_total_nao_positivo,False,True,2025,4,Abril,2025-04,T2,Domingo,27,Manha,-25.26,8.42,8.42,Sem Promocao,True,5
41879,2025-06-28,16,Picolé,Baunilha,-2,-18.52,Cavalcanti De Goiás,MS,Loja Física,False,CLI9065,2025-06-28,1900-01-01 16:15:00,16:15,False,False,False,False,True,False,True,False,False,False,False,False,False,quantidade_nao_positiva_ou_nula;valor_total_nao_positivo,False,False,2025,6,Junho,2025-06,T2,Sabado,28,Tarde,-18.52,9.26,9.26,Sem Promocao,True,10
41927,2025-02-27,15,Picolé,Nao Informado,1,,Nao Informado,PB,App,False,CLI9492,2025-02-27,1900-01-01 15:45:00,15:45,True,True,False,False,False,True,True,False,False,False,False,False,False,valor_total_nulo,False,False,2025,2,Fevereiro,2025-02,T1,Quinta,27,Tarde,,,,Sem Promocao,True,9
41933,2025-08-06,14,Milkshake,Limão,0,0.0,Porto,ES,Parceiro,True,CLI8925,2025-08-06,1900-01-01 14:30:00,14:30,False,False,False,False,True,False,True,False,False,False,False,False,False,quantidade_nao_positiva_ou_nula;valor_total_nao_positivo,False,False,2025,8,Agosto,2025-08,T3,Quarta,6,Tarde,0.0,,,Com Promocao,True,5
41994,2025-03-23,21,Casquinha,Nao Informado,5,,Nao Informado,SE,Parceiro,True,CLI9629,2025-03-23,1900-01-01 21:45:00,21:45,True,True,False,False,False,True,True,False,False,False,False,False,False,valor_total_nulo,False,False,2025,3,Marco,2025-03,T1,Domingo,23,Noite,,,,Com Promocao,True,4
42051,2025-04-17,19,Pote,Chocolate,-3,-14.41,Nunes De Cirino,AL,Loja Física,True,CLI1544,2025-04-17,1900-01-01 19:00:00,19:00,False,False,False,False,True,False,True,False,False,False,False,False,False,quantidade_nao_positiva_ou_nula;valor_total_nao_positivo,False,False,2025,4,Abril,2025-04,T2,Quinta,17,Noite,-14.41,4.8,4.8,Com Promocao,True,6
42062,2025-05-18,20,Picolé,Baunilha,-1,-10.93,Fernandes De Castro,PR,Parceiro,False,CLI3027,2025-05-18,1900-01-01 20:30:00,20:30,False,False,False,False,True,False,True,False,False,False,False,False,False,quantidade_nao_positiva_ou_nula;valor_total_nao_positivo,False,False,2025,5,Maio,2025-05,T2,Domingo,18,Noite,-10.93,10.93,10.93,Sem Promocao,True,8
42082,2025-05-30,14,Picolé,Chocolate,0,0.0,Ramos,MT,Parceiro,True,CLI4599,2025-05-30,1900-01-01 14:15:00,14:15,False,False,False,False,True,False,True,False,False,False,False,False,False,quantidade_nao_positiva_ou_nula;valor_total_nao_positivo,False,False,2025,5,Maio,2025-05,T2,Sexta,30,Tarde,0.0,,,Com Promocao,True,11
42092,2025-03-13,19,Milkshake,Menta,-6,-71.7,Campinas,MG,Parceiro,False,CLI1339,2025-03-13,1900-01-01 19:00:00,19:00,False,False,False,False,True,False,True,False,False,False,False,False,False,quantidade_nao_positiva_ou_nula;valor_total_nao_positivo,False,True,2025,3,Marco,2025-03,T1,Quinta,13,Noite,-71.7,11.95,11.95,Sem Promocao,True,2
42156,2025-05-20,9,Pote,Nao Informado,2,,Nao Informado,GO,App,True,CLI8475,2025-05-20,1900-01-01 09:45:00,09:45,True,True,False,False,False,True,True,False,False,False,False,False,False,valor_total_nulo,False,False,2025,5,Maio,2025-05,T2,Terca,20,Manha,,,,Com Promocao,True,10
42159,2025-04-24,14,Pote,Baunilha,-3,-20.88,Albuquerque,MG,App,False,CLI8044,2025-04-24,1900-01-01 14:00:00,14:00,False,False,False,False,True,False,True,False,False,False,False,False,False,quantidade_nao_positiva_ou_nula;valor_total_nao_positivo,False,False,2025,4,Abril,2025-04,T2,Quinta,24,Tarde,-20.88,6.96,6.96,Sem Promocao,True,5
42206,2025-03-13,9,Picolé,Morango,-1,-7.45,Caldeira De Cardoso,PE,Parceiro,False,CLI9239,2025-03-13,1900-01-01 09:15:00,09:15,False,False,False,False,True,False,True,False,False,False,False,False,False,quantidade_nao_positiva_ou_nula;valor_total_nao_positivo,False,False,2025,3,Marco,2025-03,T1,Quinta,13,Manha,-7.45,7.45,7.45,Sem Promocao,True,5
42220,2025-03-22,16,Picolé,Menta,-4,-54.48,Duarte,CE,Parceiro,False,CLI6305,2025-03-22,1900-01-01 16:00:00,16:00,False,False,False,False,True,False,True,False,False,False,False,False,False,quantidade_nao_positiva_ou_nula;valor_total_nao_positivo,False,True,2025,3,Marco,2025-03,T1,Sabado,22,Tarde,-54.48,13.62,13.62,Sem Promocao,True,6
42296,2025-06-11,19,Pote,Açaí,-1,-8.01,Melo,MG,Loja Física,True,CLI4784,2025-06-11,1900-01-01 19:15:00,19:15,False,False,False,False,True,False,True,False,False,False,False,False,False,quantidade_nao_positiva_ou_nula;valor_total_nao_positivo,False,False,2025,6,Junho,2025-06,T2,Quarta,11,Noite,-8.01,8.01,8.01,Com Promocao,True,7
42341,2025-05-26,8,Pote,Nao Informado,3,,Nao Informado,RS,App,True,CLI3692,2025-05-26,1900-01-01 08:45:00,08:45,True,True,False,False,False,True,True,False,False,False,False,False,False,valor_total_nulo,False,False,2025,5,Maio,2025-05,T2,Segunda,26,Manha,,,,Com Promocao,True,6
42406,2025-05-23,9,Sundae,Morango,0,0.0,Costela De Teixeira,RN,Loja Física,False,CLI9785,2025-05-23,1900-01-01 09:45:00,09:45,False,False,False,False,True,False,True,False,False,False,False,False,False,quantidade_nao_positiva_ou_nula;valor_total_nao_positivo,False,False,2025,5,Maio,2025-05,T2,Sexta,23,Manha,0.0,,,Sem Promocao,True,8
42423,2025-07-22,12,Milkshake,Morango,-1,-12.54,Novaes,SE,Loja Física,False,CLI4814,2025-07-22,1900-01-01 12:15:00,12:15,False,False,False,False,True,False,True,False,False,False,False,False,False,quantidade_nao_positiva_ou_nula;valor_total_nao_positivo,False,False,2025,7,Julho,2025-07,T3,Terca,22,Tarde,-12.54,12.54,12.54,Sem Promocao,True,7
42426,2025-07-25,13,Milkshake,Chocolate,-1,-6.08,Peixoto De Souza,MG,App,False,CLI3251,2025-07-25,1900-01-01 13:15:00,13:15,False,False,False,False,True,False,True,False,False,False,False,False,False,quantidade_nao_positiva_ou_nula;valor_total_nao_positivo,False,False,2025,7,Julho,2025-07,T3,Sexta,25,Tarde,-6.08,6.08,6.08,Sem Promocao,True,8
42447,2025-07-05,15,Milkshake,Nao Informado,1,,Nao Informado,TO,Parceiro,False,CLI9222,2025-07-05,1900-01-01 15:00:00,15:00,True,True,False,False,False,True,True,False,False,False,False,False,False,valor_total_nulo,False,False,2025,7,Julho,2025-07,T3,Sabado,5,Tarde,,,,Sem Promocao,True,15
42448,2025-04-02,18,Sundae,Caramelo,0,0.0,Pastor Da Mata,SC,Loja Física,True,CLI1036,2025-04-02,1900-01-01 18:00:00,18:00,False,False,False,False,True,False,True,False,False,False,False,False,False,quantidade_nao_positiva_ou_nula;valor_total_nao_positivo,False,False,2025,4,Abril,2025-04,T2,Quarta,2,Noite,0.0,,,Com Promocao,True,9
42459,2025-04-19,13,Casquinha,Nao Informado,3,,Nao Informado,CE,Parceiro,False,CLI9970,2025-04-19,1900-01-01 13:45:00,13:45,True,True,False,False,False,True,True,False,False,False,False,False,False,valor_total_nulo,False,False,2025,4,Abril,2025-04,T2,Sabado,19,Tarde,,,,Sem Promocao,True,4
42473,2025-04-12,14,Picolé,Nao Informado,4,,Nao Informado,TO,App,True,CLI3454,2025-04-12,1900-01-01 14:00:00,14:00,True,True,False,False,False,True,True,False,False,False,False,False,False,valor_total_nulo,False,False,2025,4,Abril,2025-04,T2,Sabado,12,Tarde,,,,Com Promocao,True,6
42488,2025-05-02,14,Casquinha,Caramelo,-1,-6.17,Rios Do Galho,GO,App,True,CLI1620,2025-05-02,1900-01-01 14:00:00,14:00,False,False,False,False,True,False,True,False,False,False,False,False,False,quantidade_nao_positiva_ou_nula;valor_total_nao_positivo,False,False,2025,5,Maio,2025-05,T2,Sexta,2,Tarde,-6.17,6.17,6.17,Com Promocao,True,3
42523,2025-08-09,18,Picolé,Cookies,-1,-12.42,Araújo,AM,App,True,CLI2213,2025-08-09,1900-01-01 18:30:00,18:30,False,False,False,False,True,False,True,False,False,False,False,False,False,quantidade_nao_positiva_ou_nula;valor_total_nao_positivo,False,False,2025,8,Agosto,2025-08,T3,Sabado,9,Noite,-12.42,12.42,12.42,Com Promocao,True,4
42563,2025-06-04,8,Casquinha,Menta,0,0.0,Da Mota,TO,Loja Física,True,CLI9015,2025-06-04,1900-01-01 08:30:00,08:30,False,False,False,False,True,False,True,False,False,False,False,False,False,quantidade_nao_positiva_ou_nula;valor_total_nao_positivo,False,False,2025,6,Junho,2025-06,T2,Quarta,4,Manha,0.0,,,Com Promocao,True,8
42567,2025-04-06,11,Pote,Chocolate,-1,-10.68,Cassiano De Goiás,SE,Loja Física,False,CLI3972,2025-04-06,1900-01-01 11:45:00,11:45,False,False,False,False,True,False,True,False,False,False,False,False,False,quantidade_nao_positiva_ou_nula;valor_total_nao_positivo,False,False,2025,4,Abril,2025-04,T2,Domingo,6,Manha,-10.68,10.68,10.68,Sem Promocao,True,5
42575,2025-04-29,13,Picolé,Nao Informado,2,,Nao Informado,PE,App,False,CLI7969,2025-04-29,1900-01-01 13:30:00,13:30,True,True,False,False,False,True,True,False,False,False,False,False,False,valor_total_nulo,False,False,2025,4,Abril,2025-04,T2,Terca,29,Tarde,,,,Sem Promocao,True,7
42655,2025-02-21,9,Milkshake,Nao Informado,4,,Nao Informado,RN,Parceiro,False,CLI9434,2025-02-21,1900-01-01 09:30:00,09:30,True,True,False,False,False,True,True,False,False,False,False,False,False,valor_total_nulo,False,False,2025,2,Fevereiro,2025-02,T1,Sexta,21,Manha,,,,Sem Promocao,True,4
42663,2025-06-17,13,Milkshake,Nao Informado,5,,Nao Informado,AM,Loja Física,True,CLI6570,2025-06-17,1900-01-01 13:45:00,13:45,True,True,False,False,False,True,True,False,False,False,False,False,False,valor_total_nulo,False,False,2025,6,Junho,2025-06,T2,Terca,17,Tarde,,,,Com Promocao,True,6
42697,2025-03-25,14,Milkshake,Limão,0,0.0,Farias Dos Dourados,MG,Parceiro,False,CLI1220,2025-03-25,1900-01-01 14:00:00,14:00,False,False,False,False,True,False,True,False,False,False,False,False,False,quantidade_nao_positiva_ou_nula;valor_total_nao_positivo,False,False,2025,3,Marco,2025-03,T1,Terca,25,Tarde,0.0,,,Sem Promocao,True,5
42717,2025-08-02,10,Picolé,Nao Informado,3,,Nao Informado,PA,Parceiro,False,CLI7627,2025-08-02,1900-01-01 10:45:00,10:45,True,True,False,False,False,True,True,False,False,False,False,False,False,valor_total_nulo,False,False,2025,8,Agosto,2025-08,T3,Sabado,2,Manha,,,,Sem Promocao,True,6
42765,2025-05-25,22,Pote,Cookies,0,0.0,Caldeira,SC,App,True,CLI9551,2025-05-25,1900-01-01 22:15:00,22:15,False,False,False,False,True,False,True,False,False,False,False,False,False,quantidade_nao_positiva_ou_nula;valor_total_nao_positivo,False,False,2025,5,Maio,2025-05,T2,Domingo,25,Noite,0.0,,,Com Promocao,True,7
42792,2025-05-12,14,Pote,Baunilha,0,0.0,Santos Dos Dourados,CE,Loja Física,False,CLI6527,2025-05-12,1900-01-01 14:15:00,14:15,False,False,False,False,True,False,True,False,False,False,False,False,False,quantidade_nao_positiva_ou_nula;valor_total_nao_positivo,False,False,2025,5,Maio,2025-05,T2,Segunda,12,Tarde,0.0,,,Sem Promocao,True,9
42841,2025-03-22,21,Casquinha,Menta,-1,-14.46,Carvalho Do Galho,MA,Parceiro,False,CLI4716,2025-03-22,1900-01-01 21:45:00,21:45,False,False,False,False,True,False,True,False,False,False,False,False,False,quantidade_nao_positiva_ou_nula;valor_total_nao_positivo,False,False,2025,3,Marco,2025-03,T1,Sabado,22,Noite,-14.46,14.46,14.46,Sem Promocao,True,5
42868,2025-07-25,15,Picolé,Nao Informado,1,,Nao Informado,MA,Loja Física,False,CLI3679,2025-07-25,1900-01-01 15:15:00,15:15,True,True,False,False,False,True,True,False,False,False,False,False,False,valor_total_nulo,False,False,2025,7,Julho,2025-07,T3,Sexta,25,Tarde,,,,Sem Promocao,True,5
42874,2025-03-04,12,Milkshake,Nao Informado,4,,Nao Informado,MA,App,False,CLI7952,2025-03-04,1900-01-01 12:45:00,12:45,True,True,False,False,False,True,True,False,False,False,False,False,False,valor_total_nulo,False,False,2025,3,Marco,2025-03,T1,Terca,4,Tarde,,,,Sem Promocao,True,10
42887,2025-06-21,9,Sundae,Morango,-4,-27.56,Costa Do Oeste,SC,Parceiro,False,CLI2665,2025-06-21,1900-01-01 09:45:00,09:45,False,False,False,False,True,False,True,False,False,False,False,False,False,quantidade_nao_positiva_ou_nula;valor_total_nao_positivo,False,True,2025,6,Junho,2025-06,T2,Sabado,21,Manha,-27.56,6.89,6.89,Sem Promocao,True,3
42934,2025-06-14,13,Sundae,Nao Informado,2,,Nao Informado,ES,App,True,CLI5779,2025-06-14,1900-01-01 13:00:00,13:00,True,True,False,False,False,True,True,False,False,False,False,False,False,valor_total_nulo,False,False,2025,6,Junho,2025-06,T2,Sabado,14,Tarde,,,,Com Promocao,True,7
42949,2025-02-23,21,Sundae,Baunilha,-1,-8.15,Costela,PE,App,False,CLI8883,2025-02-23,1900-01-01 21:00:00,21:00,False,False,False,False,True,False,True,False,False,False,False,False,False,quantidade_nao_positiva_ou_nula;valor_total_nao_positivo,False,False,2025,2,Fevereiro,2025-02,T1,Domingo,23,Noite,-8.15,8.15,8.15,Sem Promocao,True,4
43059,2025-06-30,21,Picolé,Nao Informado,4,,Nao Informado,MS,Loja Física,True,CLI3293,2025-06-30,1900-01-01 21:15:00,21:15,True,True,False,False,False,True,True,False,False,False,False,False,False,valor_total_nulo,False,False,2025,6,Junho,2025-06,T2,Segunda,30,Noite,,,,Com Promocao,True,14
43077,2025-03-12,10,Pote,Cookies,-3,-31.32,Andrade,TO,Loja Física,True,CLI1196,2025-03-12,1900-01-01 10:45:00,10:45,False,False,False,False,True,False,True,False,False,False,False,False,False,quantidade_nao_positiva_ou_nula;valor_total_nao_positivo,False,True,2025,3,Marco,2025-03,T1,Quarta,12,Manha,-31.32,10.44,10.44,Com Promocao,True,4
43240,2025-08-11,9,Sundae,Caramelo,0,0.0,Barros,SP,Parceiro,True,CLI7724,2025-08-11,1900-01-01 09:15:00,09:15,False,False,False,False,True,False,True,False,False,False,False,False,False,quantidade_nao_positiva_ou_nula;valor_total_nao_positivo,False,False,2025,8,Agosto,2025-08,T3,Segunda,11,Manha,0.0,,,Com Promocao,True,5
43356,2025-07-04,22,Casquinha,Nao Informado,4,,Nao Informado,CE,Loja Física,True,CLI5569,2025-07-04,1900-01-01 22:45:00,22:45,True,True,False,False,False,True,True,False,False,False,False,False,False,valor_total_nulo,False,False,2025,7,Julho,2025-07,T3,Sexta,4,Noite,,,,Com Promocao,True,9
43362,2025-03-26,17,Casquinha,Chocolate,-4,-37.66,Jesus,PE,Loja Física,True,CLI6162,2025-03-26,1900-01-01 17:30:00,17:30,False,False,False,False,True,False,True,False,False,False,False,False,False,quantidade_nao_positiva_ou_nula;valor_total_nao_positivo,False,True,2025,3,Marco,2025-03,T1,Quarta,26,Tarde,-37.66,9.41,9.41,Com Promocao,True,10
43415,2025-08-19,15,Picolé,Nao Informado,1,,Nao Informado,RR,App,True,CLI8306,2025-08-19,1900-01-01 15:00:00,15:00,True,True,False,False,False,True,True,False,False,False,False,False,False,valor_total_nulo,False,False,2025,8,Agosto,2025-08,T3,Terca,19,Tarde,,,,Com Promocao,True,6
43427,2025-06-28,10,Pote,Limão,-4,-30.45,Vasconcelos De Goiás,MG,Parceiro,True,CLI1768,2025-06-28,1900-01-01 10:00:00,10:00,False,False,False,False,True,False,True,False,False,False,False,False,False,quantidade_nao_positiva_ou_nula;valor_total_nao_positivo,False,True,2025,6,Junho,2025-06,T2,Sabado,28,Manha,-30.45,7.61,7.61,Com Promocao,True,4
43451,2025-03-16,21,Picolé,Caramelo,0,0.0,Albuquerque Da Mata,MG,Loja Física,False,CLI9170,2025-03-16,1900-01-01 21:15:00,21:15,False,False,False,False,True,False,True,False,False,False,False,False,False,quantidade_nao_positiva_ou_nula;valor_total_nao_positivo,False,False,2025,3,Marco,2025-03,T1,Domingo,16,Noite,0.0,,,Sem Promocao,True,5
43493,2025-03-06,16,Sundae,Menta,-1,-3.76,Oliveira Grande,RO,App,True,CLI3292,2025-03-06,1900-01-01 16:30:00,16:30,False,False,False,False,True,False,True,False,False,False,False,False,False,quantidade_nao_positiva_ou_nula;valor_total_nao_positivo,False,False,2025,3,Marco,2025-03,T1,Quinta,6,Tarde,-3.76,3.76,3.76,Com Promocao,True,9
43529,2025-08-03,19,Casquinha,Morango,0,0.0,Santos,TO,Parceiro,True,CLI1548,2025-08-03,1900-01-01 19:30:00,19:30,False,False,False,False,True,False,True,False,False,False,False,False,False,quantidade_nao_positiva_ou_nula;valor_total_nao_positivo,False,False,2025,8,Agosto,2025-08,T3,Domingo,3,Noite,0.0,,,Com Promocao,True,8
43549,2025-03-17,16,Casquinha,Nao Informado,3,,Nao Informado,PA,App,False,CLI2791,2025-03-17,1900-01-01 16:00:00,16:00,True,True,False,False,False,True,True,False,False,False,False,False,False,valor_total_nulo,False,False,2025,3,Marco,2025-03,T1,Segunda,17,Tarde,,,,Sem Promocao,True,6
43596,2025-08-10,14,Pote,Nao Informado,3,,Nao Informado,RR,Loja Física,True,CLI4900,2025-08-10,1900-01-01 14:00:00,14:00,True,True,False,False,False,True,True,False,False,False,False,False,False,valor_total_nulo,False,False,2025,8,Agosto,2025-08,T3,Domingo,10,Tarde,,,,Com Promocao,True,6
43655,2025-04-27,11,Casquinha,Chocolate,0,0.0,Guerra,SE,Loja Física,False,CLI6816,2025-04-27,1900-01-01 11:00:00,11:00,False,False,False,False,True,False,True,False,False,False,False,False,False,quantidade_nao_positiva_ou_nula;valor_total_nao_positivo,False,False,2025,4,Abril,2025-04,T2,Domingo,27,Manha,0.0,,,Sem Promocao,True,6
43668,2025-07-09,17,Casquinha,Nao Informado,2,,Nao Informado,DF,Loja Física,False,CLI7340,2025-07-09,1900-01-01 17:00:00,17:00,True,True,False,False,False,True,True,False,False,False,False,False,False,valor_total_nulo,False,False,2025,7,Julho,2025-07,T3,Quarta,9,Tarde,,,,Sem Promocao,True,8
43756,2025-05-03,11,Picolé,Caramelo,-1,-4.91,Pacheco,SE,Loja Física,True,CLI8612,2025-05-03,1900-01-01 11:15:00,11:15,False,False,False,False,True,False,True,False,False,False,False,False,False,quantidade_nao_positiva_ou_nula;valor_total_nao_positivo,False,False,2025,5,Maio,2025-05,T2,Sabado,3,Manha,-4.91,4.91,4.91,Com Promocao,True,6
43878,2025-05-26,14,Sundae,Açaí,-1,-12.57,Sampaio Do Campo,AM,Parceiro,True,CLI5928,2025-05-26,1900-01-01 14:00:00,14:00,False,False,False,False,True,False,True,False,False,False,False,False,False,quantidade_nao_positiva_ou_nula;valor_total_nao_positivo,False,False,2025,5,Maio,2025-05,T2,Segunda,26,Tarde,-12.57,12.57,12.57,Com Promocao,True,5
43954,2025-08-01,18,Sundae,Nao Informado,4,,Nao Informado,RR,Parceiro,True,CLI1298,2025-08-01,1900-01-01 18:00:00,18:00,True,True,False,False,False,True,True,False,False,False,False,False,False,valor_total_nulo,False,False,2025,8,Agosto,2025-08,T3,Sexta,1,Noite,,,,Com Promocao,True,5
43966,2025-08-05,18,Picolé,Nao Informado,3,,Nao Informado,RS,Parceiro,True,CLI2675,2025-08-05,1900-01-01 18:45:00,18:45,True,True,False,False,False,True,True,False,False,False,False,False,False,valor_total_nulo,False,False,2025,8,Agosto,2025-08,T3,Terca,5,Noite,,,,Com Promocao,True,6
43985,2025-04-07,14,Milkshake,Baunilha,-5,-38.8,Lopes Do Oeste,TO,Parceiro,False,CLI8292,2025-04-07,1900-01-01 14:45:00,14:45,False,False,False,False,True,False,True,False,False,False,False,False,False,quantidade_nao_positiva_ou_nula;valor_total_nao_positivo,False,True,2025,4,Abril,2025-04,T2,Segunda,7,Tarde,-38.8,7.76,7.76,Sem Promocao,True,12
44019,2025-07-24,19,Picolé,Morango,-2,-19.6,Garcia Da Prata,BA,App,False,CLI8953,2025-07-24,1900-01-01 19:00:00,19:00,False,False,False,False,True,False,True,False,False,False,False,False,False,quantidade_nao_positiva_ou_nula;valor_total_nao_positivo,False,False,2025,7,Julho,2025-07,T3,Quinta,24,Noite,-19.6,9.8,9.8,Sem Promocao,True,5
44122,2025-05-18,12,Picolé,Nao Informado,2,,Nao Informado,TO,Parceiro,True,CLI1516,2025-05-18,1900-01-01 12:15:00,12:15,True,True,False,False,False,True,True,False,False,False,False,False,False,valor_total_nulo,False,False,2025,5,Maio,2025-05,T2,Domingo,18,Tarde,,,,Com Promocao,True,7
44136,2025-05-23,9,Casquinha,Cookies,0,0.0,Sá,DF,App,False,CLI7738,2025-05-23,1900-01-01 09:00:00,09:00,False,False,False,False,True,False,True,False,False,False,False,False,False,quantidade_nao_positiva_ou_nula;valor_total_nao_positivo,False,False,2025,5,Maio,2025-05,T2,Sexta,23,Manha,0.0,,,Sem Promocao,True,4
44150,2025-03-27,19,Milkshake,Açaí,-3,-13.91,Carvalho Dos Dourados,RR,App,True,CLI6124,2025-03-27,1900-01-01 19:15:00,19:15,False,False,False,False,True,False,True,False,False,False,False,False,False,quantidade_nao_positiva_ou_nula;valor_total_nao_positivo,False,False,2025,3,Marco,2025-03,T1,Quinta,27,Noite,-13.91,4.64,4.64,Com Promocao,True,5
44163,2025-03-22,16,Milkshake,Açaí,0,0.0,Araújo,AM,App,True,CLI9065,2025-03-22,1900-01-01 16:15:00,16:15,False,False,False,False,True,False,True,False,False,False,False,False,False,quantidade_nao_positiva_ou_nula;valor_total_nao_positivo,False,False,2025,3,Marco,2025-03,T1,Sabado,22,Tarde,0.0,,,Com Promocao,True,10
44166,2025-03-30,10,Pote,Açaí,-1,-12.08,Cirino,GO,Loja Física,True,CLI9627,2025-03-30,1900-01-01 10:00:00,10:00,False,False,False,False,True,False,True,False,False,False,False,False,False,quantidade_nao_positiva_ou_nula;valor_total_nao_positivo,False,False,2025,3,Marco,2025-03,T1,Domingo,30,Manha,-12.08,12.08,12.08,Com Promocao,True,4
44174,2025-05-20,18,Pote,Nao Informado,3,,Nao Informado,BA,App,True,CLI5961,2025-05-20,1900-01-01 18:45:00,18:45,True,True,False,False,False,True,True,False,False,False,False,False,False,valor_total_nulo,False,False,2025,5,Maio,2025-05,T2,Terca,20,Noite,,,,Com Promocao,True,8
44179,2025-04-03,19,Milkshake,Nao Informado,4,,Nao Informado,SP,App,False,CLI7994,2025-04-03,1900-01-01 19:45:00,19:45,True,True,False,False,False,True,True,False,False,False,False,False,False,valor_total_nulo,False,False,2025,4,Abril,2025-04,T2,Quinta,3,Noite,,,,Sem Promocao,True,2
44186,2025-06-14,19,Picolé,Nao Informado,4,,Nao Informado,AC,Loja Física,True,CLI8412,2025-06-14,1900-01-01 19:45:00,19:45,True,True,False,False,False,True,True,False,False,False,False,False,False,valor_total_nulo,False,False,2025,6,Junho,2025-06,T2,Sabado,14,Noite,,,,Com Promocao,True,11
44238,2025-04-04,10,Sundae,Nao Informado,5,,Nao Informado,MA,Loja Física,False,CLI8664,2025-04-04,1900-01-01 10:15:00,10:15,True,True,False,False,False,True,True,False,False,False,False,False,False,valor_total_nulo,False,False,2025,4,Abril,2025-04,T2,Sexta,4,Manha,,,,Sem Promocao,True,2
44245,2025-06-30,9,Casquinha,Caramelo,-5,-26.52,Ferreira De Nascimento,RJ,Loja Física,True,CLI1319,2025-06-30,1900-01-01 09:30:00,09:30,False,False,False,False,True,False,True,False,False,False,False,False,False,quantidade_nao_positiva_ou_nula;valor_total_nao_positivo,False,True,2025,6,Junho,2025-06,T2,Segunda,30,Manha,-26.52,5.3,5.3,Com Promocao,True,6
44256,2025-05-20,21,Picolé,Açaí,-4,-39.69,Farias,MS,Loja Física,True,CLI1921,2025-05-20,1900-01-01 21:00:00,21:00,False,False,False,False,True,False,True,False,False,False,False,False,False,quantidade_nao_positiva_ou_nula;valor_total_nao_positivo,False,True,2025,5,Maio,2025-05,T2,Terca,20,Noite,-39.69,9.92,9.92,Com Promocao,True,4
44349,2025-07-04,13,Sundae,Limão,0,0.0,Teixeira,PR,Loja Física,False,CLI6987,2025-07-04,1900-01-01 13:00:00,13:00,False,False,False,False,True,False,True,False,False,False,False,False,False,quantidade_nao_positiva_ou_nula;valor_total_nao_positivo,False,False,2025,7,Julho,2025-07,T3,Sexta,4,Tarde,0.0,,,Sem Promocao,True,3
44357,2025-07-18,9,Milkshake,Nao Informado,2,,Nao Informado,CE,App,False,CLI3238,2025-07-18,1900-01-01 09:00:00,09:00,True,True,False,False,False,True,True,False,False,False,False,False,False,valor_total_nulo,False,False,2025,7,Julho,2025-07,T3,Sexta,18,Manha,,,,Sem Promocao,True,7
44371,2025-04-11,19,Picolé,Nao Informado,2,,Nao Informado,AL,App,False,CLI8509,2025-04-11,1900-01-01 19:30:00,19:30,True,True,False,False,False,True,True,False,False,False,False,False,False,valor_total_nulo,False,False,2025,4,Abril,2025-04,T2,Sexta,11,Noite,,,,Sem Promocao,True,7
44417,2025-03-07,17,Picolé,Limão,-4,-40.42,Marques,SE,App,True,CLI2532,2025-03-07,1900-01-01 17:15:00,17:15,False,False,False,False,True,False,True,False,False,False,False,False,False,quantidade_nao_positiva_ou_nula;valor_total_nao_positivo,False,True,2025,3,Marco,2025-03,T1,Sexta,7,Tarde,-40.42,10.1,10.1,Com Promocao,True,3
44438,2025-05-04,22,Milkshake,Nao Informado,5,,Nao Informado,AC,Parceiro,True,CLI8337,2025-05-04,1900-01-01 22:45:00,22:45,True,True,False,False,False,True,True,False,False,False,False,False,False,valor_total_nulo,False,False,2025,5,Maio,2025-05,T2,Domingo,4,Noite,,,,Com Promocao,True,6
44497,2025-05-10,18,Milkshake,Limão,-6,-33.07,Campinas,RS,App,True,CLI3565,2025-05-10,1900-01-01 18:30:00,18:30,False,False,False,False,True,False,True,False,False,False,False,False,False,quantidade_nao_positiva_ou_nula;valor_total_nao_positivo,False,True,2025,5,Maio,2025-05,T2,Sabado,10,Noite,-33.07,5.51,5.51,Com Promocao,True,7
44524,2025-08-16,8,Milkshake,Nao Informado,4,,Nao Informado,PE,Loja Física,True,CLI3168,2025-08-16,1900-01-01 08:00:00,08:00,True,True,False,False,False,True,True,False,False,False,False,False,False,valor_total_nulo,False,False,2025,8,Agosto,2025-08,T3,Sabado,16,Manha,,,,Com Promocao,True,7
44545,2025-05-06,22,Picolé,Limão,0,0.0,Araújo De Da Paz,MA,Loja Física,False,CLI4317,2025-05-06,1900-01-01 22:45:00,22:45,False,False,False,False,True,False,True,False,False,False,False,False,False,quantidade_nao_positiva_ou_nula;valor_total_nao_positivo,False,False,2025,5,Maio,2025-05,T2,Terca,6,Noite,0.0,,,Sem Promocao,True,5
44568,2025-03-03,17,Sundae,Limão,-3,-44.76,Aparecida,MS,Parceiro,False,CLI4608,2025-03-03,1900-01-01 17:15:00,17:15,False,False,False,False,True,False,True,False,False,False,False,False,False,quantidade_nao_positiva_ou_nula;valor_total_nao_positivo,False,True,2025,3,Marco,2025-03,T1,Segunda,3,Tarde,-44.76,14.92,14.92,Sem Promocao,True,8
44623,2025-02-25,8,Pote,Baunilha,0,0.0,Fogaça Verde,MT,Loja Física,True,CLI3549,2025-02-25,1900-01-01 08:30:00,08:30,False,False,False,False,True,False,True,False,False,False,False,False,False,quantidade_nao_positiva_ou_nula;valor_total_nao_positivo,False,False,2025,2,Fevereiro,2025-02,T1,Terca,25,Manha,0.0,,,Com Promocao,True,8
44689,2025-02-22,11,Pote,Cookies,-2,-27.86,Nascimento Do Oeste,PI,Loja Física,False,CLI2217,2025-02-22,1900-01-01 11:15:00,11:15,False,False,False,False,True,False,True,False,False,False,False,False,False,quantidade_nao_positiva_ou_nula;valor_total_nao_positivo,False,True,2025,2,Fevereiro,2025-02,T1,Sabado,22,Manha,-27.86,13.93,13.93,Sem Promocao,True,8
44713,2025-08-12,10,Sundae,Morango,0,0.0,Barbosa,RS,App,False,CLI9524,2025-08-12,1900-01-01 10:45:00,10:45,False,False,False,False,True,False,True,False,False,False,False,False,False,quantidade_nao_positiva_ou_nula;valor_total_nao_positivo,False,False,2025,8,Agosto,2025-08,T3,Terca,12,Manha,0.0,,,Sem Promocao,True,5
44717,2025-04-01,19,Milkshake,Nao Informado,4,,Nao Informado,SE,Loja Física,False,CLI3592,2025-04-01,1900-01-01 19:00:00,19:00,True,True,False,False,False,True,True,False,False,False,False,False,False,valor_total_nulo,False,False,2025,4,Abril,2025-04,T2,Terca,1,Noite,,,,Sem Promocao,True,7
44729,2025-05-01,15,Pote,Morango,0,0.0,Porto Do Galho,SC,Loja Física,True,CLI4086,2025-05-01,1900-01-01 15:00:00,15:00,False,False,False,False,True,False,True,False,False,False,False,False,False,quantidade_nao_positiva_ou_nula;valor_total_nao_positivo,False,False,2025,5,Maio,2025-05,T2,Quinta,1,Tarde,0.0,,,Com Promocao,True,7
44743,2025-05-21,8,Casquinha,Nao Informado,3,,Nao Informado,BA,App,True,CLI9843,2025-05-21,1900-01-01 08:45:00,08:45,True,True,False,False,False,True,True,False,False,False,False,False,False,valor_total_nulo,False,False,2025,5,Maio,2025-05,T2,Quarta,21,Manha,,,,Com Promocao,True,6
44746,2025-08-05,19,Milkshake,Nao Informado,2,,Nao Informado,PI,Loja Física,False,CLI5271,2025-08-05,1900-01-01 19:00:00,19:00,True,True,False,False,False,True,True,False,False,False,False,False,False,valor_total_nulo,False,False,2025,8,Agosto,2025-08,T3,Terca,5,Noite,,,,Sem Promocao,True,7
44749,2025-05-30,14,Milkshake,Limão,-1,-13.18,Caldeira Da Serra,PI,Loja Física,False,CLI7573,2025-05-30,1900-01-01 14:15:00,14:15,False,False,False,False,True,False,True,False,False,False,False,False,False,quantidade_nao_positiva_ou_nula;valor_total_nao_positivo,False,False,2025,5,Maio,2025-05,T2,Sexta,30,Tarde,-13.18,13.18,13.18,Sem Promocao,True,2
44800,2025-05-31,21,Milkshake,Morango,-2,-17.52,Barros Do Campo,DF,App,True,CLI3170,2025-05-31,1900-01-01 21:45:00,21:45,False,False,False,False,True,False,True,False,False,False,False,False,False,quantidade_nao_positiva_ou_nula;valor_total_nao_positivo,False,False,2025,5,Maio,2025-05,T2,Sabado,31,Noite,-17.52,8.76,8.76,Com Promocao,True,5
44814,2025-03-23,19,Picolé,Limão,-5,-24.6,Pimenta,AP,Parceiro,True,CLI2086,2025-03-23,1900-01-01 19:00:00,19:00,False,False,False,False,True,False,True,False,False,False,False,False,False,quantidade_nao_positiva_ou_nula;valor_total_nao_positivo,False,True,2025,3,Marco,2025-03,T1,Domingo,23,Noite,-24.6,4.92,4.92,Com Promocao,True,7
44827,2025-04-01,20,Pote,Menta,0,0.0,Ferreira De Moraes,RR,Parceiro,False,CLI8454,2025-04-01,1900-01-01 20:30:00,20:30,False,False,False,False,True,False,True,False,False,False,False,False,False,quantidade_nao_positiva_ou_nula;valor_total_nao_positivo,False,False,2025,4,Abril,2025-04,T2,Terca,1,Noite,0.0,,,Sem Promocao,True,7
44831,2025-07-24,20,Milkshake,Nao Informado,3,,Nao Informado,MS,Parceiro,True,CLI4820,2025-07-24,1900-01-01 20:45:00,20:45,True,True,False,False,False,True,True,False,False,False,False,False,False,valor_total_nulo,False,False,2025,7,Julho,2025-07,T3,Quinta,24,Noite,,,,Com Promocao,True,7
44912,2025-03-14,12,Milkshake,Morango,-4,-32.12,Mendonça Das Flores,PI,Loja Física,False,CLI1208,2025-03-14,1900-01-01 12:15:00,12:15,False,False,False,False,True,False,True,False,False,False,False,False,False,quantidade_nao_positiva_ou_nula;valor_total_nao_positivo,False,True,2025,3,Marco,2025-03,T1,Sexta,14,Tarde,-32.12,8.03,8.03,Sem Promocao,True,5
44953,2025-05-17,18,Picolé,Baunilha,-1,-12.63,Machado De Azevedo,RN,Parceiro,False,CLI5679,2025-05-17,1900-01-01 18:45:00,18:45,False,False,False,False,True,False,True,False,False,False,False,False,False,quantidade_nao_positiva_ou_nula;valor_total_nao_positivo,False,False,2025,5,Maio,2025-05,T2,Sabado,17,Noite,-12.63,12.63,12.63,Sem Promocao,True,8
44991,2025-04-04,17,Milkshake,Açaí,-1,-8.5,Ribeiro De Souza,GO,Loja Física,False,CLI1229,2025-04-04,1900-01-01 17:45:00,17:45,False,False,False,False,True,False,True,False,False,False,False,False,False,quantidade_nao_positiva_ou_nula;valor_total_nao_positivo,False,False,2025,4,Abril,2025-04,T2,Sexta,4,Tarde,-8.5,8.5,8.5,Sem Promocao,True,11
45038,2025-07-22,20,Milkshake,Nao Informado,6,,Nao Informado,RN,Parceiro,True,CLI8021,2025-07-22,1900-01-01 20:15:00,20:15,True,True,False,False,False,True,True,False,False,False,False,False,False,valor_total_nulo,False,False,2025,7,Julho,2025-07,T3,Terca,22,Noite,,,,Com Promocao,True,6
45065,2025-07-24,20,Sundae,Açaí,-3,-28.5,Pinto De Macedo,PA,Loja Física,False,CLI2350,2025-07-24,1900-01-01 20:00:00,20:00,False,False,False,False,True,False,True,False,False,False,False,False,False,quantidade_nao_positiva_ou_nula;valor_total_nao_positivo,False,True,2025,7,Julho,2025-07,T3,Quinta,24,Noite,-28.5,9.5,9.5,Sem Promocao,True,8
45077,2025-06-20,11,Casquinha,Limão,-1,-5.83,Lopes,GO,Loja Física,True,CLI4194,2025-06-20,1900-01-01 11:00:00,11:00,False,False,False,False,True,False,True,False,False,False,False,False,False,quantidade_nao_positiva_ou_nula;valor_total_nao_positivo,False,False,2025,6,Junho,2025-06,T2,Sexta,20,Manha,-5.83,5.83,5.83,Com Promocao,True,2
45085,2025-07-18,20,Casquinha,Menta,-2,-13.94,Andrade Do Campo,SC,Parceiro,True,CLI5652,2025-07-18,1900-01-01 20:00:00,20:00,False,False,False,False,True,False,True,False,False,False,False,False,False,quantidade_nao_positiva_ou_nula;valor_total_nao_positivo,False,False,2025,7,Julho,2025-07,T3,Sexta,18,Noite,-13.94,6.97,6.97,Com Promocao,True,6
45091,2025-05-26,8,Casquinha,Caramelo,-1,-5.32,Da Luz De Minas,MT,Parceiro,True,CLI4512,2025-05-26,1900-01-01 08:15:00,08:15,False,False,False,False,True,False,True,False,False,False,False,False,False,quantidade_nao_positiva_ou_nula;valor_total_nao_positivo,False,False,2025,5,Maio,2025-05,T2,Segunda,26,Manha,-5.32,5.32,5.32,Com Promocao,True,7
45095,2025-03-10,19,Casquinha,Morango,-1,-11.34,Almeida Grande,MG,App,False,CLI3446,2025-03-10,1900-01-01 19:15:00,19:15,False,False,False,False,True,False,True,False,False,False,False,False,False,quantidade_nao_positiva_ou_nula;valor_total_nao_positivo,False,False,2025,3,Marco,2025-03,T1,Segunda,10,Noite,-11.34,11.34,11.34,Sem Promocao,True,8
45105,2025-07-07,13,Pote,Menta,-2,-14.18,Fogaça,PI,App,True,CLI3128,2025-07-07,1900-01-01 13:45:00,13:45,False,False,False,False,True,False,True,False,False,False,False,False,False,quantidade_nao_positiva_ou_nula;valor_total_nao_positivo,False,False,2025,7,Julho,2025-07,T3,Segunda,7,Tarde,-14.18,7.09,7.09,Com Promocao,True,10
45116,2025-08-04,16,Milkshake,Chocolate,-4,-52.76,Campinas,PI,App,False,CLI3481,2025-08-04,1900-01-01 16:00:00,16:00,False,False,False,False,True,False,True,False,False,False,False,False,False,quantidade_nao_positiva_ou_nula;valor_total_nao_positivo,False,True,2025,8,Agosto,2025-08,T3,Segunda,4,Tarde,-52.76,13.19,13.19,Sem Promocao,True,6
45155,2025-03-31,20,Milkshake,Cookies,-4,-36.49,Moura Do Galho,MT,App,True,CLI8535,2025-03-31,1900-01-01 20:15:00,20:15,False,False,False,False,True,False,True,False,False,False,False,False,False,quantidade_nao_positiva_ou_nula;valor_total_nao_positivo,False,True,2025,3,Marco,2025-03,T1,Segunda,31,Noite,-36.49,9.12,9.12,Com Promocao,True,5
45172,2025-08-18,13,Pote,Baunilha,-3,-28.65,Casa Grande,SE,Parceiro,False,CLI7398,2025-08-18,1900-01-01 13:30:00,13:30,False,False,False,False,True,False,True,False,False,False,False,False,False,quantidade_nao_positiva_ou_nula;valor_total_nao_positivo,False,True,2025,8,Agosto,2025-08,T3,Segunda,18,Tarde,-28.65,9.55,9.55,Sem Promocao,True,6
45268,2025-03-21,16,Pote,Chocolate,-1,-6.31,Da Paz Do Campo,GO,Loja Física,True,CLI8181,2025-03-21,1900-01-01 16:00:00,16:00,False,False,False,False,True,False,True,False,False,False,False,False,False,quantidade_nao_positiva_ou_nula;valor_total_nao_positivo,False,False,2025,3,Marco,2025-03,T1,Sexta,21,Tarde,-6.31,6.31,6.31,Com Promocao,True,7
45329,2025-04-07,13,Pote,Cookies,-1,-13.07,Cavalcanti De Andrade,RJ,Loja Física,False,CLI6874,2025-04-07,1900-01-01 13:00:00,13:00,False,False,False,False,True,False,True,False,False,False,False,False,False,quantidade_nao_positiva_ou_nula;valor_total_nao_positivo,False,False,2025,4,Abril,2025-04,T2,Segunda,7,Tarde,-13.07,13.07,13.07,Sem Promocao,True,5
45432,2025-06-19,22,Milkshake,Morango,0,0.0,Da Rosa,CE,Loja Física,False,CLI1176,2025-06-19,1900-01-01 22:30:00,22:30,False,False,False,False,True,False,True,False,False,False,False,False,False,quantidade_nao_positiva_ou_nula;valor_total_nao_positivo,False,False,2025,6,Junho,2025-06,T2,Quinta,19,Noite,0.0,,,Sem Promocao,True,8
45468,2025-08-19,17,Picolé,Nao Informado,3,,Nao Informado,PR,App,True,CLI5540,2025-08-19,1900-01-01 17:15:00,17:15,True,True,False,False,False,True,True,False,False,False,False,False,False,valor_total_nulo,False,False,2025,8,Agosto,2025-08,T3,Terca,19,Tarde,,,,Com Promocao,True,5
45478,2025-08-02,18,Sundae,Caramelo,-1,-8.48,Novais,MA,Parceiro,False,CLI7075,2025-08-02,1900-01-01 18:15:00,18:15,False,False,False,False,True,False,True,False,False,False,False,False,False,quantidade_nao_positiva_ou_nula;valor_total_nao_positivo,False,False,2025,8,Agosto,2025-08,T3,Sabado,2,Noite,-8.48,8.48,8.48,Sem Promocao,True,6
45484,2025-07-07,19,Milkshake,Açaí,-2,-28.42,Fonseca,RN,Loja Física,False,CLI3705,2025-07-07,1900-01-01 19:00:00,19:00,False,False,False,False,True,False,True,False,False,False,False,False,False,quantidade_nao_positiva_ou_nula;valor_total_nao_positivo,False,True,2025,7,Julho,2025-07,T3,Segunda,7,Noite,-28.42,14.21,14.21,Sem Promocao,True,10
45486,2025-04-09,17,Pote,Nao Informado,1,,Nao Informado,MT,Loja Física,True,CLI7914,2025-04-09,1900-01-01 17:00:00,17:00,True,True,False,False,False,True,True,False,False,False,False,False,False,valor_total_nulo,False,False,2025,4,Abril,2025-04,T2,Quarta,9,Tarde,,,,Com Promocao,True,6
45526,2025-04-08,19,Picolé,Nao Informado,2,,Nao Informado,AP,Parceiro,False,CLI8943,2025-04-08,1900-01-01 19:00:00,19:00,True,True,False,False,False,True,True,False,False,False,False,False,False,valor_total_nulo,False,False,2025,4,Abril,2025-04,T2,Terca,8,Noite,,,,Sem Promocao,False,1
45535,2025-05-15,22,Casquinha,Chocolate,-5,-23.73,Gonçalves,DF,App,True,CLI7568,2025-05-15,1900-01-01 22:15:00,22:15,False,False,False,False,True,False,True,False,False,False,False,False,False,quantidade_nao_positiva_ou_nula;valor_total_nao_positivo,False,True,2025,5,Maio,2025-05,T2,Quinta,15,Noite,-23.73,4.75,4.75,Com Promocao,True,5
45554,2025-03-22,15,Sundae,Caramelo,-2,-12.24,Rios Das Flores,TO,App,False,CLI4121,2025-03-22,1900-01-01 15:00:00,15:00,False,False,False,False,True,False,True,False,False,False,False,False,False,quantidade_nao_positiva_ou_nula;valor_total_nao_positivo,False,False,2025,3,Marco,2025-03,T1,Sabado,22,Tarde,-12.24,6.12,6.12,Sem Promocao,True,3
45583,2025-03-13,14,Pote,Cookies,-5,-34.8,Abreu De Goiás,MG,App,False,CLI3357,2025-03-13,1900-01-01 14:00:00,14:00,False,False,False,False,True,False,True,False,False,False,False,False,False,quantidade_nao_positiva_ou_nula;valor_total_nao_positivo,False,True,2025,3,Marco,2025-03,T1,Quinta,13,Tarde,-34.8,6.96,6.96,Sem Promocao,True,4
45600,2025-04-02,12,Pote,Chocolate,-2,-13.17,Souza De Guerra,MA,App,True,CLI1017,2025-04-02,1900-01-01 12:45:00,12:45,False,False,False,False,True,False,True,False,False,False,False,False,False,quantidade_nao_positiva_ou_nula;valor_total_nao_positivo,False,False,2025,4,Abril,2025-04,T2,Quarta,2,Tarde,-13.17,6.58,6.58,Com Promocao,True,5
45617,2025-07-15,12,Casquinha,Menta,-5,-38.47,Monteiro De Sales,ES,Parceiro,True,CLI8253,2025-07-15,1900-01-01 12:30:00,12:30,False,False,False,False,True,False,True,False,False,False,False,False,False,quantidade_nao_positiva_ou_nula;valor_total_nao_positivo,False,True,2025,7,Julho,2025-07,T3,Terca,15,Tarde,-38.47,7.69,7.69,Com Promocao,True,6
45663,2025-06-12,15,Casquinha,Nao Informado,1,,Nao Informado,GO,Loja Física,True,CLI3612,2025-06-12,1900-01-01 15:15:00,15:15,True,True,False,False,False,True,True,False,False,False,False,False,False,valor_total_nulo,False,False,2025,6,Junho,2025-06,T2,Quinta,12,Tarde,,,,Com Promocao,True,9
45763,2025-03-12,19,Pote,Nao Informado,2,,Nao Informado,MT,Parceiro,True,CLI3765,2025-03-12,1900-01-01 19:45:00,19:45,True,True,False,False,False,True,True,False,False,False,False,False,False,valor_total_nulo,False,False,2025,3,Marco,2025-03,T1,Quarta,12,Noite,,,,Com Promocao,True,8
45883,2025-03-27,15,Pote,Nao Informado,3,,Nao Informado,PI,Parceiro,False,CLI9506,2025-03-27,1900-01-01 15:00:00,15:00,True,True,False,False,False,True,True,False,False,False,False,False,False,valor_total_nulo,False,False,2025,3,Marco,2025-03,T1,Quinta,27,Tarde,,,,Sem Promocao,True,6
45921,2025-07-19,9,Sundae,Nao Informado,1,,Nao Informado,SE,Parceiro,False,CLI7308,2025-07-19,1900-01-01 09:15:00,09:15,True,True,False,False,False,True,True,False,False,False,False,False,False,valor_total_nulo,False,False,2025,7,Julho,2025-07,T3,Sabado,19,Manha,,,,Sem Promocao,True,8
46093,2025-02-22,12,Pote,Nao Informado,1,,Nao Informado,PR,App,True,CLI7149,2025-02-22,1900-01-01 12:00:00,12:00,True,True,False,False,False,True,True,False,False,False,False,False,False,valor_total_nulo,False,False,2025,2,Fevereiro,2025-02,T1,Sabado,22,Tarde,,,,Com Promocao,True,5
46112,2025-06-12,14,Picolé,Açaí,0,0.0,Albuquerque De Fernandes,AC,App,False,CLI6786,2025-06-12,1900-01-01 14:45:00,14:45,False,False,False,False,True,False,True,False,False,False,False,False,False,quantidade_nao_positiva_ou_nula;valor_total_nao_positivo,False,False,2025,6,Junho,2025-06,T2,Quinta,12,Tarde,0.0,,,Sem Promocao,True,6
46132,2025-08-19,9,Milkshake,Nao Informado,2,,Nao Informado,DF,Loja Física,False,CLI6408,2025-08-19,1900-01-01 09:45:00,09:45,True,True,False,False,False,True,True,False,False,False,False,False,False,valor_total_nulo,False,False,2025,8,Agosto,2025-08,T3,Terca,19,Manha,,,,Sem Promocao,True,6
46154,2025-06-17,20,Milkshake,Nao Informado,2,,Nao Informado,GO,Parceiro,False,CLI2864,2025-06-17,1900-01-01 20:00:00,20:00,True,True,False,False,False,True,True,False,False,False,False,False,False,valor_total_nulo,False,False,2025,6,Junho,2025-06,T2,Terca,17,Noite,,,,Sem Promocao,True,5
46162,2025-08-01,20,Sundae,Nao Informado,3,,Nao Informado,SP,App,False,CLI1916,2025-08-01,1900-01-01 20:15:00,20:15,True,True,False,False,False,True,True,False,False,False,False,False,False,valor_total_nulo,False,False,2025,8,Agosto,2025-08,T3,Sexta,1,Noite,,,,Sem Promocao,True,7
46189,2025-07-16,14,Milkshake,Morango,-1,-6.6,Moura Verde,RN,Loja Física,True,CLI6907,2025-07-16,1900-01-01 14:15:00,14:15,False,False,False,False,True,False,True,False,False,False,False,False,False,quantidade_nao_positiva_ou_nula;valor_total_nao_positivo,False,False,2025,7,Julho,2025-07,T3,Quarta,16,Tarde,-6.6,6.6,6.6,Com Promocao,True,8
46234,2025-05-02,22,Casquinha,Cookies,-1,-10.36,Fogaça,GO,Loja Física,True,CLI4263,2025-05-02,1900-01-01 22:45:00,22:45,False,False,False,False,True,False,True,False,False,False,False,False,False,quantidade_nao_positiva_ou_nula;valor_total_nao_positivo,False,False,2025,5,Maio,2025-05,T2,Sexta,2,Noite,-10.36,10.36,10.36,Com Promocao,True,7
46265,2025-05-14,18,Sundae,Nao Informado,2,,Nao Informado,CE,Parceiro,True,CLI3945,2025-05-14,1900-01-01 18:45:00,18:45,True,True,False,False,False,True,True,False,False,False,False,False,False,valor_total_nulo,False,False,2025,5,Maio,2025-05,T2,Quarta,14,Noite,,,,Com Promocao,True,5
46273,2025-07-18,18,Milkshake,Açaí,-1,-7.6,Viana Dos Dourados,PA,App,True,CLI7770,2025-07-18,1900-01-01 18:15:00,18:15,False,False,False,False,True,False,True,False,False,False,False,False,False,quantidade_nao_positiva_ou_nula;valor_total_nao_positivo,False,False,2025,7,Julho,2025-07,T3,Sexta,18,Noite,-7.6,7.6,7.6,Com Promocao,True,7
46341,2025-05-17,18,Picolé,Chocolate,-1,-8.42,Fernandes Da Prata,RN,App,False,CLI3774,2025-05-17,1900-01-01 18:15:00,18:15,False,False,False,False,True,False,True,False,False,False,False,False,False,quantidade_nao_positiva_ou_nula;valor_total_nao_positivo,False,False,2025,5,Maio,2025-05,T2,Sabado,17,Noite,-8.42,8.42,8.42,Sem Promocao,True,9
46352,2025-05-11,12,Casquinha,Açaí,0,0.0,Cirino,MT,App,False,CLI7412,2025-05-11,1900-01-01 12:15:00,12:15,False,False,False,False,True,False,True,False,False,False,False,False,False,quantidade_nao_positiva_ou_nula;valor_total_nao_positivo,False,False,2025,5,Maio,2025-05,T2,Domingo,11,Tarde,0.0,,,Sem Promocao,True,5
46366,2025-06-24,12,Milkshake,Cookies,-3,-22.98,Gomes Alegre,TO,Parceiro,False,CLI1142,2025-06-24,1900-01-01 12:30:00,12:30,False,False,False,False,True,False,True,False,False,False,False,False,False,quantidade_nao_positiva_ou_nula;valor_total_nao_positivo,False,True,2025,6,Junho,2025-06,T2,Terca,24,Tarde,-22.98,7.66,7.66,Sem Promocao,True,6
46399,2025-05-15,15,Milkshake,Caramelo,-3,-25.02,Sampaio,BA,Parceiro,False,CLI7736,2025-05-15,1900-01-01 15:45:00,15:45,False,False,False,False,True,False,True,False,False,False,False,False,False,quantidade_nao_positiva_ou_nula;valor_total_nao_positivo,False,True,2025,5,Maio,2025-05,T2,Quinta,15,Tarde,-25.02,8.34,8.34,Sem Promocao,True,7
46402,2025-03-22,20,Picolé,Açaí,0,0.0,Câmara Grande,TO,Parceiro,False,CLI9693,2025-03-22,1900-01-01 20:15:00,20:15,False,False,False,False,True,False,True,False,False,False,False,False,False,quantidade_nao_positiva_ou_nula;valor_total_nao_positivo,False,False,2025,3,Marco,2025-03,T1,Sabado,22,Noite,0.0,,,Sem Promocao,True,4
46444,2025-02-23,10,Milkshake,Limão,-1,-8.87,Moraes,DF,Parceiro,True,CLI6928,2025-02-23,1900-01-01 10:30:00,10:30,False,False,False,False,True,False,True,False,False,False,False,False,False,quantidade_nao_positiva_ou_nula;valor_total_nao_positivo,False,False,2025,2,Fevereiro,2025-02,T1,Domingo,23,Manha,-8.87,8.87,8.87,Com Promocao,True,8
46452,2025-07-04,11,Sundae,Baunilha,-5,-71.35,Da Mata Do Sul,AP,App,False,CLI3182,2025-07-04,1900-01-01 11:45:00,11:45,False,False,False,False,True,False,True,False,False,False,False,False,False,quantidade_nao_positiva_ou_nula;valor_total_nao_positivo,False,True,2025,7,Julho,2025-07,T3,Sexta,4,Manha,-71.35,14.27,14.27,Sem Promocao,True,7
46515,2025-06-28,12,Milkshake,Açaí,-1,-4.93,Melo De Sá,PA,Parceiro,True,CLI7458,2025-06-28,1900-01-01 12:15:00,12:15,False,False,False,False,True,False,True,False,False,False,False,False,False,quantidade_nao_positiva_ou_nula;valor_total_nao_positivo,False,False,2025,6,Junho,2025-06,T2,Sabado,28,Tarde,-4.93,4.93,4.93,Com Promocao,True,6
46522,2025-07-08,10,Milkshake,Nao Informado,5,,Nao Informado,RS,App,False,CLI1597,2025-07-08,1900-01-01 10:00:00,10:00,True,True,False,False,False,True,True,False,False,False,False,False,False,valor_total_nulo,False,False,2025,7,Julho,2025-07,T3,Terca,8,Manha,,,,Sem Promocao,True,8
46579,2025-04-07,15,Casquinha,Menta,-1,-7.59,Ferreira Da Prata,MS,Parceiro,False,CLI8921,2025-04-07,1900-01-01 15:30:00,15:30,False,False,False,False,True,False,True,False,False,False,False,False,False,quantidade_nao_positiva_ou_nula;valor_total_nao_positivo,False,False,2025,4,Abril,2025-04,T2,Segunda,7,Tarde,-7.59,7.59,7.59,Sem Promocao,True,7
46592,2025-08-10,19,Sundae,Açaí,-1,-5.17,Da Mota Do Campo,RJ,Loja Física,False,CLI9387,2025-08-10,1900-01-01 19:30:00,19:30,False,False,False,False,True,False,True,False,False,False,False,False,False,quantidade_nao_positiva_ou_nula;valor_total_nao_positivo,False,False,2025,8,Agosto,2025-08,T3,Domingo,10,Noite,-5.17,5.17,5.17,Sem Promocao,True,6
46631,2025-05-11,10,Milkshake,Nao Informado,4,,Nao Informado,MG,App,True,CLI9278,2025-05-11,1900-01-01 10:15:00,10:15,True,True,False,False,False,True,True,False,False,False,False,False,False,valor_total_nulo,False,False,2025,5,Maio,2025-05,T2,Domingo,11,Manha,,,,Com Promocao,True,5
46658,2025-07-28,15,Casquinha,Menta,-4,-25.25,Da Mota De Goiás,MT,App,True,CLI8565,2025-07-28,1900-01-01 15:00:00,15:00,False,False,False,False,True,False,True,False,False,False,False,False,False,quantidade_nao_positiva_ou_nula;valor_total_nao_positivo,False,True,2025,7,Julho,2025-07,T3,Segunda,28,Tarde,-25.25,6.31,6.31,Com Promocao,True,8
46695,2025-08-11,11,Casquinha,Nao Informado,5,,Nao Informado,MA,Loja Física,False,CLI7273,2025-08-11,1900-01-01 11:45:00,11:45,True,True,False,False,False,True,True,False,False,False,False,False,False,valor_total_nulo,False,False,2025,8,Agosto,2025-08,T3,Segunda,11,Manha,,,,Sem Promocao,True,9
46702,2025-05-21,22,Picolé,Chocolate,-2,-11.53,Melo,PR,Loja Física,True,CLI4417,2025-05-21,1900-01-01 22:30:00,22:30,False,False,False,False,True,False,True,False,False,False,False,False,False,quantidade_nao_positiva_ou_nula;valor_total_nao_positivo,False,False,2025,5,Maio,2025-05,T2,Quarta,21,Noite,-11.53,5.76,5.76,Com Promocao,True,5
46715,2025-06-25,11,Pote,Limão,-1,-9.87,Casa Grande,SE,Parceiro,False,CLI3920,2025-06-25,1900-01-01 11:45:00,11:45,False,False,False,False,True,False,True,False,False,False,False,False,False,quantidade_nao_positiva_ou_nula;valor_total_nao_positivo,False,False,2025,6,Junho,2025-06,T2,Quarta,25,Manha,-9.87,9.87,9.87,Sem Promocao,True,9
46741,2025-04-23,8,Milkshake,Chocolate,-5,-25.05,Campos Do Oeste,PA,App,True,CLI8684,2025-04-23,1900-01-01 08:00:00,08:00,False,False,False,False,True,False,True,False,False,False,False,False,False,quantidade_nao_positiva_ou_nula;valor_total_nao_positivo,False,True,2025,4,Abril,2025-04,T2,Quarta,23,Manha,-25.05,5.01,5.01,Com Promocao,True,7
46757,2025-05-17,14,Pote,Caramelo,-2,-9.54,Sá,PE,Loja Física,True,CLI4251,2025-05-17,1900-01-01 14:00:00,14:00,False,False,False,False,True,False,True,False,False,False,False,False,False,quantidade_nao_positiva_ou_nula;valor_total_nao_positivo,False,False,2025,5,Maio,2025-05,T2,Sabado,17,Tarde,-9.54,4.77,4.77,Com Promocao,True,8
46761,2025-07-04,15,Pote,Limão,0,0.0,Santos,CE,Parceiro,False,CLI6637,2025-07-04,1900-01-01 15:30:00,15:30,False,False,False,False,True,False,True,False,False,False,False,False,False,quantidade_nao_positiva_ou_nula;valor_total_nao_positivo,False,False,2025,7,Julho,2025-07,T3,Sexta,4,Tarde,0.0,,,Sem Promocao,True,10
46768,2025-05-15,13,Milkshake,Caramelo,0,0.0,Brito Grande,PR,App,False,CLI9662,2025-05-15,1900-01-01 13:15:00,13:15,False,False,False,False,True,False,True,False,False,False,False,False,False,quantidade_nao_positiva_ou_nula;valor_total_nao_positivo,False,False,2025,5,Maio,2025-05,T2,Quinta,15,Tarde,0.0,,,Sem Promocao,True,11
46855,2025-02-27,12,Casquinha,Cookies,-1,-4.56,Carvalho Da Praia,MT,Loja Física,True,CLI1397,2025-02-27,1900-01-01 12:15:00,12:15,False,False,False,False,True,False,True,False,False,False,False,False,False,quantidade_nao_positiva_ou_nula;valor_total_nao_positivo,False,False,2025,2,Fevereiro,2025-02,T1,Quinta,27,Tarde,-4.56,4.56,4.56,Com Promocao,True,7
46861,2025-04-23,16,Sundae,Chocolate,-4,-35.9,Vargas Do Amparo,BA,App,True,CLI5340,2025-04-23,1900-01-01 16:15:00,16:15,False,False,False,False,True,False,True,False,False,False,False,False,False,quantidade_nao_positiva_ou_nula;valor_total_nao_positivo,False,True,2025,4,Abril,2025-04,T2,Quarta,23,Tarde,-35.9,8.98,8.98,Com Promocao,True,6
46869,2025-04-08,19,Pote,Açaí,-1,-6.5,Garcia Do Oeste,RO,App,True,CLI2687,2025-04-08,1900-01-01 19:15:00,19:15,False,False,False,False,True,False,True,False,False,False,False,False,False,quantidade_nao_positiva_ou_nula;valor_total_nao_positivo,False,False,2025,4,Abril,2025-04,T2,Terca,8,Noite,-6.5,6.5,6.5,Com Promocao,True,4
46915,2025-03-15,10,Picolé,Nao Informado,4,,Nao Informado,RO,App,False,CLI1263,2025-03-15,1900-01-01 10:00:00,10:00,True,True,False,False,False,True,True,False,False,False,False,False,False,valor_total_nulo,False,False,2025,3,Marco,2025-03,T1,Sabado,15,Manha,,,,Sem Promocao,True,3
46956,2025-03-25,8,Milkshake,Nao Informado,3,,Nao Informado,SP,Parceiro,True,CLI8697,2025-03-25,1900-01-01 08:00:00,08:00,True,True,False,False,False,True,True,False,False,False,False,False,False,valor_total_nulo,False,False,2025,3,Marco,2025-03,T1,Terca,25,Manha,,,,Com Promocao,True,6
46975,2025-08-09,13,Milkshake,Chocolate,-1,-10.97,Vasconcelos De Da Paz,AL,Parceiro,True,CLI3002,2025-08-09,1900-01-01 13:30:00,13:30,False,False,False,False,True,False,True,False,False,False,False,False,False,quantidade_nao_positiva_ou_nula;valor_total_nao_positivo,False,False,2025,8,Agosto,2025-08,T3,Sabado,9,Tarde,-10.97,10.97,10.97,Com Promocao,True,8
46979,2025-05-12,8,Casquinha,Açaí,-3,-16.98,Souza Do Sul,SP,App,False,CLI6653,2025-05-12,1900-01-01 08:30:00,08:30,False,False,False,False,True,False,True,False,False,False,False,False,False,quantidade_nao_positiva_ou_nula;valor_total_nao_positivo,False,False,2025,5,Maio,2025-05,T2,Segunda,12,Manha,-16.98,5.66,5.66,Sem Promocao,True,7
46981,2025-07-03,15,Sundae,Açaí,-3,-29.04,Brito,SP,App,True,CLI2094,2025-07-03,1900-01-01 15:00:00,15:00,False,False,False,False,True,False,True,False,False,False,False,False,False,quantidade_nao_positiva_ou_nula;valor_total_nao_positivo,False,True,2025,7,Julho,2025-07,T3,Quinta,3,Tarde,-29.04,9.68,9.68,Com Promocao,True,7
46983,2025-04-13,21,Casquinha,Açaí,0,0.0,Camargo Do Sul,AP,Parceiro,False,CLI5989,2025-04-13,1900-01-01 21:00:00,21:00,False,False,False,False,True,False,True,False,False,False,False,False,False,quantidade_nao_positiva_ou_nula;valor_total_nao_positivo,False,False,2025,4,Abril,2025-04,T2,Domingo,13,Noite,0.0,,,Sem Promocao,True,7
47022,2025-07-22,8,Sundae,Chocolate,-4,-42.6,Martins Da Serra,AL,App,False,CLI8934,2025-07-22,1900-01-01 08:00:00,08:00,False,False,False,False,True,False,True,False,False,False,False,False,False,quantidade_nao_positiva_ou_nula;valor_total_nao_positivo,False,True,2025,7,Julho,2025-07,T3,Terca,22,Manha,-42.6,10.65,10.65,Sem Promocao,True,3
47059,2025-04-03,9,Picolé,Chocolate,-4,-33.91,Da Costa,RO,Loja Física,True,CLI7636,2025-04-03,1900-01-01 09:30:00,09:30,False,False,False,False,True,False,True,False,False,False,False,False,False,quantidade_nao_positiva_ou_nula;valor_total_nao_positivo,False,True,2025,4,Abril,2025-04,T2,Quinta,3,Manha,-33.91,8.48,8.48,Com Promocao,True,6
47064,2025-03-04,18,Sundae,Cookies,-1,-14.33,Cavalcanti,ES,Parceiro,False,CLI5905,2025-03-04,1900-01-01 18:00:00,18:00,False,False,False,False,True,False,True,False,False,False,False,False,False,quantidade_nao_positiva_ou_nula;valor_total_nao_positivo,False,False,2025,3,Marco,2025-03,T1,Terca,4,Noite,-14.33,14.33,14.33,Sem Promocao,True,8
47190,2025-03-13,17,Pote,Morango,0,0.0,Cavalcanti Alegre,PA,Parceiro,False,CLI5345,2025-03-13,1900-01-01 17:30:00,17:30,False,False,False,False,True,False,True,False,False,False,False,False,False,quantidade_nao_positiva_ou_nula;valor_total_nao_positivo,False,False,2025,3,Marco,2025-03,T1,Quinta,13,Tarde,0.0,,,Sem Promocao,True,7
47231,2025-07-29,21,Casquinha,Morango,-1,-7.42,Das Neves Do Norte,PR,Parceiro,False,CLI5596,2025-07-29,1900-01-01 21:30:00,21:30,False,False,False,False,True,False,True,False,False,False,False,False,False,quantidade_nao_positiva_ou_nula;valor_total_nao_positivo,False,False,2025,7,Julho,2025-07,T3,Terca,29,Noite,-7.42,7.42,7.42,Sem Promocao,True,6
47259,2025-03-07,21,Casquinha,Açaí,-2,-23.11,Cavalcanti Paulista,AP,Loja Física,True,CLI4519,2025-03-07,1900-01-01 21:30:00,21:30,False,False,False,False,True,False,True,False,False,False,False,False,False,quantidade_nao_positiva_ou_nula;valor_total_nao_positivo,False,True,2025,3,Marco,2025-03,T1,Sexta,7,Noite,-23.11,11.56,11.56,Com Promocao,True,7
47261,2025-03-05,19,Casquinha,Chocolate,-5,-37.31,Gonçalves,AL,App,True,CLI8803,2025-03-05,1900-01-01 19:45:00,19:45,False,False,False,False,True,False,True,False,False,False,False,False,False,quantidade_nao_positiva_ou_nula;valor_total_nao_positivo,False,True,2025,3,Marco,2025-03,T1,Quarta,5,Noite,-37.31,7.46,7.46,Com Promocao,True,6
47282,2025-06-07,16,Pote,Cookies,-1,-13.95,Teixeira,PR,App,False,CLI3498,2025-06-07,1900-01-01 16:15:00,16:15,False,False,False,False,True,False,True,False,False,False,False,False,False,quantidade_nao_positiva_ou_nula;valor_total_nao_positivo,False,False,2025,6,Junho,2025-06,T2,Sabado,7,Tarde,-13.95,13.95,13.95,Sem Promocao,True,7
47333,2025-08-18,16,Casquinha,Limão,-1,-6.1,Mendes Das Flores,MT,App,True,CLI4052,2025-08-18,1900-01-01 16:45:00,16:45,False,False,False,False,True,False,True,False,False,False,False,False,False,quantidade_nao_positiva_ou_nula;valor_total_nao_positivo,False,False,2025,8,Agosto,2025-08,T3,Segunda,18,Tarde,-6.1,6.1,6.1,Com Promocao,True,6
47335,2025-03-26,19,Milkshake,Nao Informado,5,,Nao Informado,MT,Loja Física,False,CLI6360,2025-03-26,1900-01-01 19:15:00,19:15,True,True,False,False,False,True,True,False,False,False,False,False,False,valor_total_nulo,False,False,2025,3,Marco,2025-03,T1,Quarta,26,Noite,,,,Sem Promocao,True,8
47369,2025-04-18,11,Sundae,Menta,-1,-5.2,Sousa,PE,App,False,CLI9893,2025-04-18,1900-01-01 11:00:00,11:00,False,False,False,False,True,False,True,False,False,False,False,False,False,quantidade_nao_positiva_ou_nula;valor_total_nao_positivo,False,False,2025,4,Abril,2025-04,T2,Sexta,18,Manha,-5.2,5.2,5.2,Sem Promocao,True,3
47386,2025-08-09,15,Pote,Morango,-4,-22.0,Castro Paulista,GO,App,True,CLI1025,2025-08-09,1900-01-01 15:30:00,15:30,False,False,False,False,True,False,True,False,False,False,False,False,False,quantidade_nao_positiva_ou_nula;valor_total_nao_positivo,False,True,2025,8,Agosto,2025-08,T3,Sabado,9,Tarde,-22.0,5.5,5.5,Com Promocao,True,5
47392,2025-06-26,20,Pote,Limão,-1,-10.35,Costa,MA,App,True,CLI1670,2025-06-26,1900-01-01 20:15:00,20:15,False,False,False,False,True,False,True,False,False,False,False,False,False,quantidade_nao_positiva_ou_nula;valor_total_nao_positivo,False,False,2025,6,Junho,2025-06,T2,Quinta,26,Noite,-10.35,10.35,10.35,Com Promocao,True,7
47416,2025-02-26,19,Milkshake,Açaí,-2,-9.5,Gonçalves De Macedo,SE,App,True,CLI5105,2025-02-26,1900-01-01 19:15:00,19:15,False,False,False,False,True,False,True,False,False,False,False,False,False,quantidade_nao_positiva_ou_nula;valor_total_nao_positivo,False,False,2025,2,Fevereiro,2025-02,T1,Quarta,26,Noite,-9.5,4.75,4.75,Com Promocao,True,7
47418,2025-07-25,8,Pote,Caramelo,0,0.0,Silva Do Sul,RO,App,False,CLI8570,2025-07-25,1900-01-01 08:15:00,08:15,False,False,False,False,True,False,True,False,False,False,False,False,False,quantidade_nao_positiva_ou_nula;valor_total_nao_positivo,False,False,2025,7,Julho,2025-07,T3,Sexta,25,Manha,0.0,,,Sem Promocao,True,3
47422,2025-06-11,12,Sundae,Chocolate,0,0.0,Marques,MG,Loja Física,False,CLI2510,2025-06-11,1900-01-01 12:45:00,12:45,False,False,False,False,True,False,True,False,False,False,False,False,False,quantidade_nao_positiva_ou_nula;valor_total_nao_positivo,False,False,2025,6,Junho,2025-06,T2,Quarta,11,Tarde,0.0,,,Sem Promocao,True,7
47447,2025-04-05,19,Picolé,Cookies,-2,-18.69,Da Luz Do Oeste,SC,Parceiro,True,CLI5351,2025-04-05,1900-01-01 19:15:00,19:15,False,False,False,False,True,False,True,False,False,False,False,False,False,quantidade_nao_positiva_ou_nula;valor_total_nao_positivo,False,False,2025,4,Abril,2025-04,T2,Sabado,5,Noite,-18.69,9.35,9.35,Com Promocao,True,6
47459,2025-04-17,13,Sundae,Nao Informado,3,,Nao Informado,MT,Loja Física,False,CLI3521,2025-04-17,1900-01-01 13:45:00,13:45,True,True,False,False,False,True,True,False,False,False,False,False,False,valor_total_nulo,False,False,2025,4,Abril,2025-04,T2,Quinta,17,Tarde,,,,Sem Promocao,True,4
47558,2025-04-20,13,Casquinha,Açaí,-5,-33.73,Borges,RN,Parceiro,True,CLI4737,2025-04-20,1900-01-01 13:00:00,13:00,False,False,False,False,True,False,True,False,False,False,False,False,False,quantidade_nao_positiva_ou_nula;valor_total_nao_positivo,False,True,2025,4,Abril,2025-04,T2,Domingo,20,Tarde,-33.73,6.75,6.75,Com Promocao,True,4
47594,2025-04-13,14,Milkshake,Limão,-2,-15.44,Novais,SP,Parceiro,True,CLI1458,2025-04-13,1900-01-01 14:15:00,14:15,False,False,False,False,True,False,True,False,False,False,False,False,False,quantidade_nao_positiva_ou_nula;valor_total_nao_positivo,False,False,2025,4,Abril,2025-04,T2,Domingo,13,Tarde,-15.44,7.72,7.72,Com Promocao,True,6
47601,2025-07-27,11,Pote,Nao Informado,2,,Nao Informado,AP,Loja Física,False,CLI7947,2025-07-27,1900-01-01 11:45:00,11:45,True,True,False,False,False,True,True,False,False,False,False,False,False,valor_total_nulo,False,False,2025,7,Julho,2025-07,T3,Domingo,27,Manha,,,,Sem Promocao,True,5
47637,2025-06-20,12,Picolé,Baunilha,-3,-41.18,Melo Da Mata,PB,App,True,CLI6526,2025-06-20,1900-01-01 12:45:00,12:45,False,False,False,False,True,False,True,False,False,False,False,False,False,quantidade_nao_positiva_ou_nula;valor_total_nao_positivo,False,True,2025,6,Junho,2025-06,T2,Sexta,20,Tarde,-41.18,13.73,13.73,Com Promocao,True,7
47659,2025-08-11,13,Milkshake,Chocolate,-5,-58.2,Campinas,RN,Loja Física,False,CLI4661,2025-08-11,1900-01-01 13:00:00,13:00,False,False,False,False,True,False,True,False,False,False,False,False,False,quantidade_nao_positiva_ou_nula;valor_total_nao_positivo,False,True,2025,8,Agosto,2025-08,T3,Segunda,11,Tarde,-58.2,11.64,11.64,Sem Promocao,True,9
47674,2025-03-07,9,Milkshake,Morango,0,0.0,Novaes,MA,Parceiro,False,CLI6638,2025-03-07,1900-01-01 09:30:00,09:30,False,False,False,False,True,False,True,False,False,False,False,False,False,quantidade_nao_positiva_ou_nula;valor_total_nao_positivo,False,False,2025,3,Marco,2025-03,T1,Sexta,7,Manha,0.0,,,Sem Promocao,True,9
47704,2025-08-05,18,Picolé,Limão,-1,-5.42,Moraes,CE,Loja Física,True,CLI9495,2025-08-05,1900-01-01 18:00:00,18:00,False,False,False,False,True,False,True,False,False,False,False,False,False,quantidade_nao_positiva_ou_nula;valor_total_nao_positivo,False,False,2025,8,Agosto,2025-08,T3,Terca,5,Noite,-5.42,5.42,5.42,Com Promocao,True,8
47709,2025-02-20,16,Pote,Nao Informado,5,,Nao Informado,AM,App,True,CLI9660,2025-02-20,1900-01-01 16:30:00,16:30,True,True,False,False,False,True,True,False,False,False,False,False,False,valor_total_nulo,False,False,2025,2,Fevereiro,2025-02,T1,Quinta,20,Tarde,,,,Com Promocao,True,7
47714,2025-06-08,11,Milkshake,Nao Informado,1,,Nao Informado,DF,Loja Física,True,CLI8360,2025-06-08,1900-01-01 11:00:00,11:00,True,True,False,False,False,True,True,False,False,False,False,False,False,valor_total_nulo,False,False,2025,6,Junho,2025-06,T2,Domingo,8,Manha,,,,Com Promocao,True,5
47717,2025-07-04,21,Picolé,Nao Informado,1,,Nao Informado,SC,App,True,CLI5861,2025-07-04,1900-01-01 21:15:00,21:15,True,True,False,False,False,True,True,False,False,False,False,False,False,valor_total_nulo,False,False,2025,7,Julho,2025-07,T3,Sexta,4,Noite,,,,Com Promocao,True,7
47737,2025-08-07,16,Picolé,Caramelo,-3,-32.99,Barbosa,PI,App,True,CLI1026,2025-08-07,1900-01-01 16:45:00,16:45,False,False,False,False,True,False,True,False,False,False,False,False,False,quantidade_nao_positiva_ou_nula;valor_total_nao_positivo,False,True,2025,8,Agosto,2025-08,T3,Quinta,7,Tarde,-32.99,11.0,11.0,Com Promocao,True,4
47771,2025-07-01,9,Casquinha,Chocolate,-5,-55.7,Moreira Do Norte,TO,App,False,CLI8638,2025-07-01,1900-01-01 09:00:00,09:00,False,False,False,False,True,False,True,False,False,False,False,False,False,quantidade_nao_positiva_ou_nula;valor_total_nao_positivo,False,True,2025,7,Julho,2025-07,T3,Terca,1,Manha,-55.7,11.14,11.14,Sem Promocao,True,4
47793,2025-08-02,19,Casquinha,Baunilha,-5,-30.85,Gomes,ES,Parceiro,False,CLI1856,2025-08-02,1900-01-01 19:15:00,19:15,False,False,False,False,True,False,True,False,False,False,False,False,False,quantidade_nao_positiva_ou_nula;valor_total_nao_positivo,False,True,2025,8,Agosto,2025-08,T3,Sabado,2,Noite,-30.85,6.17,6.17,Sem Promocao,True,5
47800,2025-03-17,11,Pote,Chocolate,0,0.0,Da Mata,PE,Loja Física,False,CLI2582,2025-03-17,1900-01-01 11:45:00,11:45,False,False,False,False,True,False,True,False,False,False,False,False,False,quantidade_nao_positiva_ou_nula;valor_total_nao_positivo,False,False,2025,3,Marco,2025-03,T1,Segunda,17,Manha,0.0,,,Sem Promocao,True,10
47829,2025-06-02,21,Pote,Chocolate,0,0.0,Guerra De Pinto,MG,Loja Física,False,CLI4727,2025-06-02,1900-01-01 21:45:00,21:45,False,False,False,False,True,False,True,False,False,False,False,False,False,quantidade_nao_positiva_ou_nula;valor_total_nao_positivo,False,False,2025,6,Junho,2025-06,T2,Segunda,2,Noite,0.0,,,Sem Promocao,True,7
47847,2025-06-14,19,Picolé,Nao Informado,5,,Nao Informado,AM,Loja Física,False,CLI9596,2025-06-14,1900-01-01 19:30:00,19:30,True,True,False,False,False,True,True,False,False,False,False,False,False,valor_total_nulo,False,False,2025,6,Junho,2025-06,T2,Sabado,14,Noite,,,,Sem Promocao,True,11
47863,2025-06-13,16,Milkshake,Açaí,-5,-53.62,Farias De Pacheco,DF,Parceiro,True,CLI9261,2025-06-13,1900-01-01 16:30:00,16:30,False,False,False,False,True,False,True,False,False,False,False,False,False,quantidade_nao_positiva_ou_nula;valor_total_nao_positivo,False,True,2025,6,Junho,2025-06,T2,Sexta,13,Tarde,-53.62,10.72,10.72,Com Promocao,True,7
47928,2025-03-29,16,Pote,Morango,0,0.0,Pinto Da Mata,MS,App,True,CLI8490,2025-03-29,1900-01-01 16:45:00,16:45,False,False,False,False,True,False,True,False,False,False,False,False,False,quantidade_nao_positiva_ou_nula;valor_total_nao_positivo,False,False,2025,3,Marco,2025-03,T1,Sabado,29,Tarde,0.0,,,Com Promocao,True,6
47932,2025-07-30,11,Pote,Caramelo,-2,-10.34,Azevedo Dos Dourados,PB,Loja Física,True,CLI4538,2025-07-30,1900-01-01 11:15:00,11:15,False,False,False,False,True,False,True,False,False,False,False,False,False,quantidade_nao_positiva_ou_nula;valor_total_nao_positivo,False,False,2025,7,Julho,2025-07,T3,Quarta,30,Manha,-10.34,5.17,5.17,Com Promocao,True,9
47950,2025-06-16,11,Pote,Chocolate,-1,-7.02,Sampaio,BA,Parceiro,True,CLI8160,2025-06-16,1900-01-01 11:00:00,11:00,False,False,False,False,True,False,True,False,False,False,False,False,False,quantidade_nao_positiva_ou_nula;valor_total_nao_positivo,False,False,2025,6,Junho,2025-06,T2,Segunda,16,Manha,-7.02,7.02,7.02,Com Promocao,True,4
48007,2025-07-19,14,Sundae,Limão,-1,-10.65,Fogaça,PI,App,False,CLI8012,2025-07-19,1900-01-01 14:00:00,14:00,False,False,False,False,True,False,True,False,False,False,False,False,False,quantidade_nao_positiva_ou_nula;valor_total_nao_positivo,False,False,2025,7,Julho,2025-07,T3,Sabado,19,Tarde,-10.65,10.65,10.65,Sem Promocao,True,5
48019,2025-06-20,13,Sundae,Cookies,-2,-25.86,Porto De Sales,MS,App,True,CLI1118,2025-06-20,1900-01-01 13:30:00,13:30,False,False,False,False,True,False,True,False,False,False,False,False,False,quantidade_nao_positiva_ou_nula;valor_total_nao_positivo,False,True,2025,6,Junho,2025-06,T2,Sexta,20,Tarde,-25.86,12.93,12.93,Com Promocao,True,7
48024,2025-07-17,21,Casquinha,Morango,0,0.0,Farias De Dias,RS,Parceiro,False,CLI8735,2025-07-17,1900-01-01 21:15:00,21:15,False,False,False,False,True,False,True,False,False,False,False,False,False,quantidade_nao_positiva_ou_nula;valor_total_nao_positivo,False,False,2025,7,Julho,2025-07,T3,Quinta,17,Noite,0.0,,,Sem Promocao,True,9
48045,2025-06-27,19,Milkshake,Limão,0,0.0,Leão,RO,Parceiro,True,CLI1359,2025-06-27,1900-01-01 19:30:00,19:30,False,False,False,False,True,False,True,False,False,False,False,False,False,quantidade_nao_positiva_ou_nula;valor_total_nao_positivo,False,False,2025,6,Junho,2025-06,T2,Sexta,27,Noite,0.0,,,Com Promocao,True,5
48119,2025-06-14,12,Picolé,Caramelo,-5,-67.4,Monteiro De Goiás,GO,Loja Física,False,CLI7069,2025-06-14,1900-01-01 12:45:00,12:45,False,False,False,False,True,False,True,False,False,False,False,False,False,quantidade_nao_positiva_ou_nula;valor_total_nao_positivo,False,True,2025,6,Junho,2025-06,T2,Sabado,14,Tarde,-67.4,13.48,13.48,Sem Promocao,True,4
48129,2025-03-07,17,Pote,Menta,0,0.0,Da Cunha,GO,Parceiro,True,CLI3429,2025-03-07,1900-01-01 17:15:00,17:15,False,False,False,False,True,False,True,False,False,False,False,False,False,quantidade_nao_positiva_ou_nula;valor_total_nao_positivo,False,False,2025,3,Marco,2025-03,T1,Sexta,7,Tarde,0.0,,,Com Promocao,True,9
48139,2025-05-13,15,Casquinha,Menta,-1,-10.69,Mendonça De Vasconcelos,PB,Parceiro,False,CLI7438,2025-05-13,1900-01-01 15:30:00,15:30,False,False,False,False,True,False,True,False,False,False,False,False,False,quantidade_nao_positiva_ou_nula;valor_total_nao_positivo,False,False,2025,5,Maio,2025-05,T2,Terca,13,Tarde,-10.69,10.69,10.69,Sem Promocao,True,4
48141,2025-03-17,21,Picolé,Açaí,0,0.0,Araújo De Goiás,RJ,App,True,CLI2489,2025-03-17,1900-01-01 21:00:00,21:00,False,False,False,False,True,False,True,False,False,False,False,False,False,quantidade_nao_positiva_ou_nula;valor_total_nao_positivo,False,False,2025,3,Marco,2025-03,T1,Segunda,17,Noite,0.0,,,Com Promocao,True,6
48175,2025-07-11,16,Pote,Nao Informado,2,,Nao Informado,RN,Loja Física,False,CLI1925,2025-07-11,1900-01-01 16:00:00,16:00,True,True,False,False,False,True,True,False,False,False,False,False,False,valor_total_nulo,False,False,2025,7,Julho,2025-07,T3,Sexta,11,Tarde,,,,Sem Promocao,True,9
48179,2025-03-17,16,Sundae,Morango,-1,-6.32,Martins Do Amparo,MT,Parceiro,False,CLI5943,2025-03-17,1900-01-01 16:00:00,16:00,False,False,False,False,True,False,True,False,False,False,False,False,False,quantidade_nao_positiva_ou_nula;valor_total_nao_positivo,False,False,2025,3,Marco,2025-03,T1,Segunda,17,Tarde,-6.32,6.32,6.32,Sem Promocao,True,3
48205,2025-05-01,10,Picolé,Cookies,0,0.0,Ferreira,MS,Parceiro,True,CLI1428,2025-05-01,1900-01-01 10:45:00,10:45,False,False,False,False,True,False,True,False,False,False,False,False,False,quantidade_nao_positiva_ou_nula;valor_total_nao_positivo,False,False,2025,5,Maio,2025-05,T2,Quinta,1,Manha,0.0,,,Com Promocao,True,7
48290,2025-04-15,10,Pote,Nao Informado,4,,Nao Informado,RO,Parceiro,False,CLI4934,2025-04-15,1900-01-01 10:15:00,10:15,True,True,False,False,False,True,True,False,False,False,False,False,False,valor_total_nulo,False,False,2025,4,Abril,2025-04,T2,Terca,15,Manha,,,,Sem Promocao,True,10
48299,2025-04-22,9,Sundae,Limão,0,0.0,Borges,TO,Loja Física,False,CLI6467,2025-04-22,1900-01-01 09:30:00,09:30,False,False,False,False,True,False,True,False,False,False,False,False,False,quantidade_nao_positiva_ou_nula;valor_total_nao_positivo,False,False,2025,4,Abril,2025-04,T2,Terca,22,Manha,0.0,,,Sem Promocao,True,4
48323,2025-07-29,20,Casquinha,Caramelo,-3,-34.92,Correia Do Oeste,CE,Loja Física,False,CLI7264,2025-07-29,1900-01-01 20:30:00,20:30,False,False,False,False,True,False,True,False,False,False,False,False,False,quantidade_nao_positiva_ou_nula;valor_total_nao_positivo,False,True,2025,7,Julho,2025-07,T3,Terca,29,Noite,-34.92,11.64,11.64,Sem Promocao,True,6
48353,2025-06-29,20,Milkshake,Cookies,-3,-33.3,Fernandes Das Pedras,PR,Loja Física,False,CLI4226,2025-06-29,1900-01-01 20:30:00,20:30,False,False,False,False,True,False,True,False,False,False,False,False,False,quantidade_nao_positiva_ou_nula;valor_total_nao_positivo,False,True,2025,6,Junho,2025-06,T2,Domingo,29,Noite,-33.3,11.1,11.1,Sem Promocao,True,10
48368,2025-07-22,11,Casquinha,Morango,0,0.0,Pinto,RS,Loja Física,False,CLI3235,2025-07-22,1900-01-01 11:00:00,11:00,False,False,False,False,True,False,True,False,False,False,False,False,False,quantidade_nao_positiva_ou_nula;valor_total_nao_positivo,False,False,2025,7,Julho,2025-07,T3,Terca,22,Manha,0.0,,,Sem Promocao,True,8
48381,2025-02-22,15,Sundae,Chocolate,-4,-48.2,Melo Do Norte,RO,Loja Física,False,CLI6263,2025-02-22,1900-01-01 15:45:00,15:45,False,False,False,False,True,False,True,False,False,False,False,False,False,quantidade_nao_positiva_ou_nula;valor_total_nao_positivo,False,True,2025,2,Fevereiro,2025-02,T1,Sabado,22,Tarde,-48.2,12.05,12.05,Sem Promocao,True,10
48390,2025-05-08,10,Milkshake,Morango,0,0.0,Da Luz,SC,Parceiro,False,CLI9186,2025-05-08,1900-01-01 10:15:00,10:15,False,False,False,False,True,False,True,False,False,False,False,False,False,quantidade_nao_positiva_ou_nula;valor_total_nao_positivo,False,False,2025,5,Maio,2025-05,T2,Quinta,8,Manha,0.0,,,Sem Promocao,True,5
48430,2025-06-15,12,Pote,Morango,0,0.0,Da Mata,AL,Parceiro,True,CLI6319,2025-06-15,1900-01-01 12:15:00,12:15,False,False,False,False,True,False,True,False,False,False,False,False,False,quantidade_nao_positiva_ou_nula;valor_total_nao_positivo,False,False,2025,6,Junho,2025-06,T2,Domingo,15,Tarde,0.0,,,Com Promocao,True,2
48482,2025-06-12,17,Pote,Baunilha,-1,-6.99,Mendes Grande,MA,Loja Física,True,CLI6890,2025-06-12,1900-01-01 17:30:00,17:30,False,False,False,False,True,False,True,False,False,False,False,False,False,quantidade_nao_positiva_ou_nula;valor_total_nao_positivo,False,False,2025,6,Junho,2025-06,T2,Quinta,12,Tarde,-6.99,6.99,6.99,Com Promocao,True,10
48499,2025-08-04,21,Picolé,Limão,-1,-6.68,Teixeira Das Pedras,PB,Loja Física,False,CLI5471,2025-08-04,1900-01-01 21:00:00,21:00,False,False,False,False,True,False,True,False,False,False,False,False,False,quantidade_nao_positiva_ou_nula;valor_total_nao_positivo,False,False,2025,8,Agosto,2025-08,T3,Segunda,4,Noite,-6.68,6.68,6.68,Sem Promocao,True,10
48546,2025-04-03,21,Milkshake,Cookies,-1,-7.67,Novaes Do Galho,SP,Parceiro,True,CLI8235,2025-04-03,1900-01-01 21:30:00,21:30,False,False,False,False,True,False,True,False,False,False,False,False,False,quantidade_nao_positiva_ou_nula;valor_total_nao_positivo,False,False,2025,4,Abril,2025-04,T2,Quinta,3,Noite,-7.67,7.67,7.67,Com Promocao,True,10
48562,2025-08-20,11,Milkshake,Nao Informado,2,,Nao Informado,MA,App,False,CLI6844,2025-08-20,1900-01-01 11:00:00,11:00,True,True,False,False,False,True,True,False,False,False,False,False,False,valor_total_nulo,False,False,2025,8,Agosto,2025-08,T3,Quarta,20,Manha,,,,Sem Promocao,True,12
48597,2025-03-16,13,Pote,Açaí,0,0.0,Azevedo De Pinto,PE,App,False,CLI8484,2025-03-16,1900-01-01 13:15:00,13:15,False,False,False,False,True,False,True,False,False,False,False,False,False,quantidade_nao_positiva_ou_nula;valor_total_nao_positivo,False,False,2025,3,Marco,2025-03,T1,Domingo,16,Tarde,0.0,,,Sem Promocao,True,6
48681,2025-03-11,10,Pote,Limão,-5,-39.89,Machado,CE,Parceiro,True,CLI6886,2025-03-11,1900-01-01 10:45:00,10:45,False,False,False,False,True,False,True,False,False,False,False,False,False,quantidade_nao_positiva_ou_nula;valor_total_nao_positivo,False,True,2025,3,Marco,2025-03,T1,Terca,11,Manha,-39.89,7.98,7.98,Com Promocao,True,2
48699,2025-03-06,22,Picolé,Chocolate,-5,-43.04,Caldeira De Pinto,AC,Parceiro,True,CLI8588,2025-03-06,1900-01-01 22:15:00,22:15,False,False,False,False,True,False,True,False,False,False,False,False,False,quantidade_nao_positiva_ou_nula;valor_total_nao_positivo,False,True,2025,3,Marco,2025-03,T1,Quinta,6,Noite,-43.04,8.61,8.61,Com Promocao,True,7
48701,2025-06-12,8,Casquinha,Nao Informado,5,,Nao Informado,RO,App,True,CLI2453,2025-06-12,1900-01-01 08:30:00,08:30,True,True,False,False,False,True,True,False,False,False,False,False,False,valor_total_nulo,False,False,2025,6,Junho,2025-06,T2,Quinta,12,Manha,,,,Com Promocao,True,8
48730,2025-03-09,12,Casquinha,Baunilha,-3,-18.06,Da Mata De Minas,MT,App,False,CLI7278,2025-03-09,1900-01-01 12:45:00,12:45,False,False,False,False,True,False,True,False,False,False,False,False,False,quantidade_nao_positiva_ou_nula;valor_total_nao_positivo,False,False,2025,3,Marco,2025-03,T1,Domingo,9,Tarde,-18.06,6.02,6.02,Sem Promocao,True,4
48735,2025-03-29,14,Sundae,Morango,0,0.0,Nogueira,PA,Parceiro,True,CLI6760,2025-03-29,1900-01-01 14:45:00,14:45,False,False,False,False,True,False,True,False,False,False,False,False,False,quantidade_nao_positiva_ou_nula;valor_total_nao_positivo,False,False,2025,3,Marco,2025-03,T1,Sabado,29,Tarde,0.0,,,Com Promocao,True,9
48765,2025-03-14,17,Milkshake,Morango,-1,-10.59,Abreu,BA,Parceiro,False,CLI4295,2025-03-14,1900-01-01 17:00:00,17:00,False,False,False,False,True,False,True,False,False,False,False,False,False,quantidade_nao_positiva_ou_nula;valor_total_nao_positivo,False,False,2025,3,Marco,2025-03,T1,Sexta,14,Tarde,-10.59,10.59,10.59,Sem Promocao,True,3
48791,2025-07-14,19,Sundae,Nao Informado,5,,Nao Informado,PI,App,False,CLI9951,2025-07-14,1900-01-01 19:30:00,19:30,True,True,False,False,False,True,True,False,False,False,False,False,False,valor_total_nulo,False,False,2025,7,Julho,2025-07,T3,Segunda,14,Noite,,,,Sem Promocao,True,10
48924,2025-07-31,22,Picolé,Caramelo,-2,-14.34,Borges,MA,Loja Física,True,CLI7413,2025-07-31,1900-01-01 22:15:00,22:15,False,False,False,False,True,False,True,False,False,False,False,False,False,quantidade_nao_positiva_ou_nula;valor_total_nao_positivo,False,False,2025,7,Julho,2025-07,T3,Quinta,31,Noite,-14.34,7.17,7.17,Com Promocao,True,4
48985,2025-05-28,13,Sundae,Nao Informado,4,,Nao Informado,PE,Loja Física,False,CLI5985,2025-05-28,1900-01-01 13:30:00,13:30,True,True,False,False,False,True,True,False,False,False,False,False,False,valor_total_nulo,False,False,2025,5,Maio,2025-05,T2,Quarta,28,Tarde,,,,Sem Promocao,True,3
49065,2025-04-10,13,Sundae,Cookies,0,0.0,Fonseca Da Praia,PA,App,False,CLI9812,2025-04-10,1900-01-01 13:30:00,13:30,False,False,False,False,True,False,True,False,False,False,False,False,False,quantidade_nao_positiva_ou_nula;valor_total_nao_positivo,False,False,2025,4,Abril,2025-04,T2,Quinta,10,Tarde,0.0,,,Sem Promocao,True,5
49068,2025-03-09,15,Milkshake,Açaí,-1,-9.83,Albuquerque Do Galho,SP,Loja Física,False,CLI4687,2025-03-09,1900-01-01 15:45:00,15:45,False,False,False,False,True,False,True,False,False,False,False,False,False,quantidade_nao_positiva_ou_nula;valor_total_nao_positivo,False,False,2025,3,Marco,2025-03,T1,Domingo,9,Tarde,-9.83,9.83,9.83,Sem Promocao,True,4
49096,2025-02-21,14,Picolé,Limão,0,0.0,Jesus,BA,App,False,CLI1328,2025-02-21,1900-01-01 14:30:00,14:30,False,False,False,False,True,False,True,False,False,False,False,False,False,quantidade_nao_positiva_ou_nula;valor_total_nao_positivo,False,False,2025,2,Fevereiro,2025-02,T1,Sexta,21,Tarde,0.0,,,Sem Promocao,True,7
49114,2025-03-08,11,Casquinha,Menta,-3,-39.33,Correia De Brito,MT,App,False,CLI8461,2025-03-08,1900-01-01 11:00:00,11:00,False,False,False,False,True,False,True,False,False,False,False,False,False,quantidade_nao_positiva_ou_nula;valor_total_nao_positivo,False,True,2025,3,Marco,2025-03,T1,Sabado,8,Manha,-39.33,13.11,13.11,Sem Promocao,True,2
49120,2025-03-19,20,Milkshake,Caramelo,-6,-66.82,Campinas,MA,Parceiro,True,CLI7941,2025-03-19,1900-01-01 20:15:00,20:15,False,False,False,False,True,False,True,False,False,False,False,False,False,quantidade_nao_positiva_ou_nula;valor_total_nao_positivo,False,True,2025,3,Marco,2025-03,T1,Quarta,19,Noite,-66.82,11.14,11.14,Com Promocao,True,6
49138,2025-04-08,12,Picolé,Nao Informado,2,,Nao Informado,PB,Loja Física,True,CLI1790,2025-04-08,1900-01-01 12:45:00,12:45,True,True,False,False,False,True,True,False,False,False,False,False,False,valor_total_nulo,False,False,2025,4,Abril,2025-04,T2,Terca,8,Tarde,,,,Com Promocao,True,6
49209,2025-07-30,17,Casquinha,Nao Informado,2,,Nao Informado,PR,Parceiro,False,CLI4728,2025-07-30,1900-01-01 17:15:00,17:15,True,True,False,False,False,True,True,False,False,False,False,False,False,valor_total_nulo,False,False,2025,7,Julho,2025-07,T3,Quarta,30,Tarde,,,,Sem Promocao,True,9
49227,2025-07-19,11,Casquinha,Cookies,-1,-7.07,Abreu,MS,Parceiro,True,CLI1819,2025-07-19,1900-01-01 11:00:00,11:00,False,False,False,False,True,False,True,False,False,False,False,False,False,quantidade_nao_positiva_ou_nula;valor_total_nao_positivo,False,False,2025,7,Julho,2025-07,T3,Sabado,19,Manha,-7.07,7.07,7.07,Com Promocao,True,6
49269,2025-04-18,11,Pote,Morango,-3,-20.01,Machado,CE,Parceiro,False,CLI9517,2025-04-18,1900-01-01 11:00:00,11:00,False,False,False,False,True,False,True,False,False,False,False,False,False,quantidade_nao_positiva_ou_nula;valor_total_nao_positivo,False,False,2025,4,Abril,2025-04,T2,Sexta,18,Manha,-20.01,6.67,6.67,Sem Promocao,True,5
49276,2025-03-27,21,Pote,Nao Informado,5,,Nao Informado,RR,Loja Física,True,CLI9603,2025-03-27,1900-01-01 21:45:00,21:45,True,True,False,False,False,True,True,False,False,False,False,False,False,valor_total_nulo,False,False,2025,3,Marco,2025-03,T1,Quinta,27,Noite,,,,Com Promocao,True,10
49277,2025-03-06,12,Casquinha,Chocolate,0,0.0,Cardoso De Lima,TO,Loja Física,False,CLI8467,2025-03-06,1900-01-01 12:15:00,12:15,False,False,False,False,True,False,True,False,False,False,False,False,False,quantidade_nao_positiva_ou_nula;valor_total_nao_positivo,False,False,2025,3,Marco,2025-03,T1,Quinta,6,Tarde,0.0,,,Sem Promocao,True,7
49304,2025-04-24,9,Picolé,Menta,-3,-26.63,Freitas Verde,AL,App,True,CLI8272,2025-04-24,1900-01-01 09:15:00,09:15,False,False,False,False,True,False,True,False,False,False,False,False,False,quantidade_nao_positiva_ou_nula;valor_total_nao_positivo,False,True,2025,4,Abril,2025-04,T2,Quinta,24,Manha,-26.63,8.88,8.88,Com Promocao,True,6
49393,2025-07-23,19,Casquinha,Baunilha,-1,-8.85,Aparecida De Marques,MG,Parceiro,True,CLI7819,2025-07-23,1900-01-01 19:30:00,19:30,False,False,False,False,True,False,True,False,False,False,False,False,False,quantidade_nao_positiva_ou_nula;valor_total_nao_positivo,False,False,2025,7,Julho,2025-07,T3,Quarta,23,Noite,-8.85,8.85,8.85,Com Promocao,True,6
49394,2025-07-07,18,Picolé,Cookies,-4,-34.48,Barbosa Das Pedras,ES,Parceiro,False,CLI8207,2025-07-07,1900-01-01 18:45:00,18:45,False,False,False,False,True,False,True,False,False,False,False,False,False,quantidade_nao_positiva_ou_nula;valor_total_nao_positivo,False,True,2025,7,Julho,2025-07,T3,Segunda,7,Noite,-34.48,8.62,8.62,Sem Promocao,True,8
49411,2025-03-27,10,Picolé,Nao Informado,4,,Nao Informado,BA,Parceiro,False,CLI7816,2025-03-27,1900-01-01 10:00:00,10:00,True,True,False,False,False,True,True,False,False,False,False,False,False,valor_total_nulo,False,False,2025,3,Marco,2025-03,T1,Quinta,27,Manha,,,,Sem Promocao,True,8
49450,2025-03-25,14,Sundae,Limão,0,0.0,Pimenta,BA,Loja Física,True,CLI3747,2025-03-25,1900-01-01 14:30:00,14:30,False,False,False,False,True,False,True,False,False,False,False,False,False,quantidade_nao_positiva_ou_nula;valor_total_nao_positivo,False,False,2025,3,Marco,2025-03,T1,Terca,25,Tarde,0.0,,,Com Promocao,True,6
49547,2025-08-14,20,Picolé,Cookies,-1,-4.69,Da Luz Alegre,RR,Parceiro,True,CLI5075,2025-08-14,1900-01-01 20:30:00,20:30,False,False,False,False,True,False,True,False,False,False,False,False,False,quantidade_nao_positiva_ou_nula;valor_total_nao_positivo,False,False,2025,8,Agosto,2025-08,T3,Quinta,14,Noite,-4.69,4.69,4.69,Com Promocao,True,5
49557,2025-05-14,9,Sundae,Nao Informado,5,,Nao Informado,SC,App,False,CLI9208,2025-05-14,1900-01-01 09:45:00,09:45,True,True,False,False,False,True,True,False,False,False,False,False,False,valor_total_nulo,False,False,2025,5,Maio,2025-05,T2,Quarta,14,Manha,,,,Sem Promocao,True,4
49590,2025-07-04,15,Casquinha,Baunilha,-1,-10.33,Rocha Do Amparo,GO,Loja Física,False,CLI7292,2025-07-04,1900-01-01 15:30:00,15:30,False,False,False,False,True,False,True,False,False,False,False,False,False,quantidade_nao_positiva_ou_nula;valor_total_nao_positivo,False,False,2025,7,Julho,2025-07,T3,Sexta,4,Tarde,-10.33,10.33,10.33,Sem Promocao,True,8
49622,2025-06-10,8,Pote,Morango,-1,-11.15,Guerra,MG,App,False,CLI5663,2025-06-10,1900-01-01 08:45:00,08:45,False,False,False,False,True,False,True,False,False,False,False,False,False,quantidade_nao_positiva_ou_nula;valor_total_nao_positivo,False,False,2025,6,Junho,2025-06,T2,Terca,10,Manha,-11.15,11.15,11.15,Sem Promocao,True,4
49649,2025-04-16,22,Milkshake,Nao Informado,4,,Nao Informado,MG,Parceiro,False,CLI3313,2025-04-16,1900-01-01 22:15:00,22:15,True,True,False,False,False,True,True,False,False,False,False,False,False,valor_total_nulo,False,False,2025,4,Abril,2025-04,T2,Quarta,16,Noite,,,,Sem Promocao,True,10
49650,2025-03-27,12,Casquinha,Nao Informado,5,,Nao Informado,RJ,Parceiro,False,CLI4735,2025-03-27,1900-01-01 12:15:00,12:15,True,True,False,False,False,True,True,False,False,False,False,False,False,valor_total_nulo,False,False,2025,3,Marco,2025-03,T1,Quinta,27,Tarde,,,,Sem Promocao,True,6
49687,2025-04-30,18,Milkshake,Cookies,-5,-27.81,Câmara Do Sul,PI,Loja Física,True,CLI4094,2025-04-30,1900-01-01 18:45:00,18:45,False,False,False,False,True,False,True,False,False,False,False,False,False,quantidade_nao_positiva_ou_nula;valor_total_nao_positivo,False,True,2025,4,Abril,2025-04,T2,Quarta,30,Noite,-27.81,5.56,5.56,Com Promocao,True,5
49726,2025-06-07,9,Pote,Nao Informado,5,,Nao Informado,PA,Parceiro,False,CLI6077,2025-06-07,1900-01-01 09:45:00,09:45,True,True,False,False,False,True,True,False,False,False,False,False,False,valor_total_nulo,False,False,2025,6,Junho,2025-06,T2,Sabado,7,Manha,,,,Sem Promocao,True,8
49797,2025-03-07,20,Milkshake,Baunilha,-1,-7.34,Cirino De Jesus,RN,App,True,CLI3783,2025-03-07,1900-01-01 20:15:00,20:15,False,False,False,False,True,False,True,False,False,False,False,False,False,quantidade_nao_positiva_ou_nula;valor_total_nao_positivo,False,False,2025,3,Marco,2025-03,T1,Sexta,7,Noite,-7.34,7.34,7.34,Com Promocao,True,3
49800,2025-06-08,11,Milkshake,Limão,-4,-24.44,Campinas,SP,App,False,CLI9810,2025-06-08,1900-01-01 11:30:00,11:30,False,False,False,False,True,False,True,False,False,False,False,False,False,quantidade_nao_positiva_ou_nula;valor_total_nao_positivo,False,True,2025,6,Junho,2025-06,T2,Domingo,8,Manha,-24.44,6.11,6.11,Sem Promocao,True,7
49812,2025-07-25,21,Picolé,Nao Informado,1,,Nao Informado,RS,Loja Física,False,CLI9101,2025-07-25,1900-01-01 21:45:00,21:45,True,True,False,False,False,True,True,False,False,False,False,False,False,valor_total_nulo,False,False,2025,7,Julho,2025-07,T3,Sexta,25,Noite,,,,Sem Promocao,True,7
49814,2025-07-13,18,Pote,Açaí,-2,-23.02,Da Luz,AP,Parceiro,False,CLI7286,2025-07-13,1900-01-01 18:15:00,18:15,False,False,False,False,True,False,True,False,False,False,False,False,False,quantidade_nao_positiva_ou_nula;valor_total_nao_positivo,False,True,2025,7,Julho,2025-07,T3,Domingo,13,Noite,-23.02,11.51,11.51,Sem Promocao,True,9
49863,2025-07-03,18,Picolé,Chocolate,-3,-13.18,Sampaio,AL,App,True,CLI3317,2025-07-03,1900-01-01 18:45:00,18:45,False,False,False,False,True,False,True,False,False,False,False,False,False,quantidade_nao_positiva_ou_nula;valor_total_nao_positivo,False,False,2025,7,Julho,2025-07,T3,Quinta,3,Noite,-13.18,4.39,4.39,Com Promocao,True,8
49865,2025-03-30,22,Casquinha,Baunilha,-3,-32.53,Duarte,SC,Loja Física,True,CLI3998,2025-03-30,1900-01-01 22:30:00,22:30,False,False,False,False,True,False,True,False,False,False,False,False,False,quantidade_nao_positiva_ou_nula;valor_total_nao_positivo,False,True,2025,3,Marco,2025-03,T1,Domingo,30,Noite,-32.53,10.84,10.84,Com Promocao,True,3
49870,2025-05-21,15,Picolé,Morango,-4,-29.68,Brito,AP,Loja Física,True,CLI3643,2025-05-21,1900-01-01 15:30:00,15:30,False,False,False,False,True,False,True,False,False,False,False,False,False,quantidade_nao_positiva_ou_nula;valor_total_nao_positivo,False,True,2025,5,Maio,2025-05,T2,Quarta,21,Tarde,-29.68,7.42,7.42,Com Promocao,True,5
